account_id,bank_id,first_seen,last_seen,account_age_days,running_balance_estimate,total_sent_usd,total_received_usd,sent_tx_count,received_tx_count,total_tx_count,is_laundering_involved
70_1004289C0,70,2022-09-01 00:03:00,2022-09-10 23:23:00,16.4,88248085.36,441240426.79,0.0,680,0,680,0
70_100428A08,70,2022-09-01 00:00:00,2022-09-10 21:44:00,16.4,7618763.87,38093819.37,0.0,437,0,437,0
119_8000DD5C0,119,2022-09-01 00:12:00,2022-09-10 18:52:00,16.39,271181.57,987049.93,73771.58,141,45,186,0
119_8000E0380,119,2022-09-01 00:53:00,2022-09-10 06:38:00,16.37,3727137.61,13684821.71,990173.27,157,24,181,0
119_8000D28A0,119,2022-09-01 00:07:00,2022-09-10 16:51:00,16.4,1780584.98,8098644.92,160856.0,155,23,178,0
119_8000DC420,119,2022-09-01 00:18:00,2022-09-10 13:58:00,16.39,1748658.83,1527753.76,1443108.08,140,32,172,0
119_80004FF70,119,2022-09-01 01:34:00,2022-09-10 15:14:00,16.34,799545.27,3469988.43,105547.58,163,1,164,0
119_811A76B10,119,2022-09-01 00:00:00,2022-09-10 08:16:00,16.4,2803365.46,13449027.38,113559.98,150,13,163,0
119_811A71290,119,2022-09-01 04:30:00,2022-09-10 19:41:00,16.21,1555512.11,4611151.93,633281.72,127,36,163,0
119_80FD4A3D0,119,2022-09-01 00:19:00,2022-09-10 21:17:00,16.39,647466.64,397424.78,567981.68,146,11,157,0
119_811BFEB00,119,2022-09-01 02:02:00,2022-09-10 15:24:00,16.32,1105045.48,5409322.78,23180.92,134,22,156,0
119_8000D47C0,119,2022-09-01 00:25:00,2022-09-10 14:57:00,16.38,132884.74,317529.52,69378.84,116,35,151,0
119_811C30390,119,2022-09-01 00:13:00,2022-09-10 21:59:00,16.39,68343561.1,297379193.28,8867722.44,123,28,151,0
119_8000D50A0,119,2022-09-01 00:01:00,2022-09-10 16:18:00,16.4,454615.8,660995.03,322416.79,124,26,150,0
119_80FFD64B0,119,2022-09-01 00:00:00,2022-09-10 20:40:00,16.4,1117928.25,4187557.31,280416.79,129,18,147,0
119_8119FEC10,119,2022-09-01 00:14:00,2022-09-10 15:41:00,16.39,111405.5,269791.22,57447.26,107,37,144,0
119_8000DA7D0,119,2022-09-01 00:20:00,2022-09-10 11:38:00,16.39,3097793.63,12606957.99,576402.03,117,24,141,1
119_8000CF0F0,119,2022-09-01 00:11:00,2022-09-10 22:19:00,16.39,768206.4,1459429.23,476320.55,110,31,141,0
119_80FDCB770,119,2022-09-01 02:01:00,2022-09-10 17:41:00,16.32,591707.61,656176.87,460472.24,115,25,140,0
119_8000D26B0,119,2022-09-01 00:03:00,2022-09-10 11:49:00,16.4,990824.62,3466822.21,297460.18,137,1,138,0
119_80FD803C0,119,2022-09-01 00:09:00,2022-09-10 22:53:00,16.4,32037865.92,159981250.53,41615.81,112,21,133,0
119_8000D79E0,119,2022-09-01 00:06:00,2022-09-10 19:17:00,16.4,29882454.19,126778099.13,4526834.36,114,16,130,0
119_80F12C690,119,2022-09-01 00:02:00,2022-09-10 22:27:00,16.4,176913.36,563927.46,64127.87,108,20,128,0
119_8100FFC00,119,2022-09-01 00:08:00,2022-09-10 23:59:00,16.4,182047.61,543104.25,73426.76,100,27,127,0
119_811D86BF0,119,2022-09-01 00:01:00,2022-09-10 18:39:00,16.4,68974.92,179973.21,32980.28,104,23,127,0
119_80FDB4770,119,2022-09-01 00:16:00,2022-09-10 19:18:00,16.39,792561.49,756477.29,641266.03,105,20,125,0
119_80FD49580,119,2022-09-01 00:32:00,2022-09-10 07:23:00,16.38,4218045.68,18199741.19,578097.44,115,10,125,0
119_8000DB3C0,119,2022-09-01 13:17:00,2022-09-15 04:10:00,15.85,46792.17,53608.39,36070.49,91,34,125,1
119_80FD42D90,119,2022-09-01 00:02:00,2022-09-10 11:08:00,16.4,100148.34,207424.21,58663.5,104,20,124,0
119_8000D2C60,119,2022-09-01 00:11:00,2022-09-10 17:58:00,16.39,8297018.43,34445508.33,1407916.76,104,19,123,0
119_8000D94C0,119,2022-09-01 00:03:00,2022-09-10 12:06:00,16.4,5044195.97,4457248.69,4152746.23,73,50,123,0
119_811B8ACB0,119,2022-09-01 00:03:00,2022-09-10 05:59:00,16.4,45714220.07,196550953.73,6404029.32,101,21,122,0
119_811A6C680,119,2022-09-01 00:25:00,2022-09-09 23:26:00,16.38,2555183.99,11420053.0,271173.39,99,23,122,0
119_811B61A50,119,2022-09-01 00:12:00,2022-09-10 15:03:00,16.39,2590671.22,11102910.27,370089.17,89,31,120,0
119_80FF654C0,119,2022-09-01 00:43:00,2022-09-10 06:07:00,16.37,11096827.83,4640525.3,10168722.77,83,37,120,0
119_80FD88340,119,2022-09-01 00:23:00,2022-09-10 08:40:00,16.39,2280394.76,5294169.93,1221560.77,93,27,120,1
119_80FD3FEF0,119,2022-09-01 00:11:00,2022-09-10 21:03:00,16.39,1087103.83,391536.1,1008796.61,95,24,119,0
119_811B9FE30,119,2022-09-01 03:09:00,2022-09-10 19:49:00,16.27,197045.07,143296.42,168385.79,76,42,118,0
119_80FF925E0,119,2022-09-01 00:06:00,2022-09-10 11:10:00,16.4,366823.61,473590.55,272105.5,90,25,115,0
119_811BA1040,119,2022-09-01 00:06:00,2022-09-10 15:06:00,16.4,113095.35,236079.38,65879.47,90,25,115,0
119_810071E80,119,2022-09-01 10:37:00,2022-09-10 23:22:00,15.96,91821.03,424517.96,6917.44,90,24,114,0
119_8000D1930,119,2022-09-01 00:09:00,2022-09-10 23:23:00,16.4,298800.2,277571.62,243285.88,76,38,114,0
119_80FDC21B0,119,2022-09-01 00:06:00,2022-09-10 19:50:00,16.4,849941.59,179768.82,813987.83,81,33,114,0
119_8000DF310,119,2022-09-01 03:09:00,2022-09-10 15:23:00,16.27,1268190.84,1119911.75,1044208.49,77,36,113,0
119_811BFEC40,119,2022-09-01 00:14:00,2022-09-10 15:41:00,16.39,2966385.72,471606.02,2872064.52,112,1,113,0
119_811A76080,119,2022-09-01 05:05:00,2022-09-10 23:18:00,16.19,340254.33,403476.79,259558.97,88,25,113,0
119_811D664F0,119,2022-09-01 00:33:00,2022-09-10 21:27:00,16.38,354286.74,173016.66,319683.41,86,26,112,0
119_80FDCD190,119,2022-09-01 00:31:00,2022-09-10 06:59:00,16.38,1895276.17,2517364.58,1391803.25,79,33,112,0
119_8000DD570,119,2022-09-01 00:13:00,2022-09-10 21:25:00,16.39,408842.99,1642935.45,80255.9,109,3,112,0
119_80FDE8870,119,2022-09-01 00:03:00,2022-09-10 14:49:00,16.4,173754.84,524589.66,68836.91,92,19,111,0
119_811A01E50,119,2022-09-01 00:16:00,2022-09-10 20:17:00,16.39,942240.55,3143414.47,313557.66,89,22,111,0
119_811BCA200,119,2022-09-01 00:01:00,2022-09-10 11:15:00,16.4,108297.78,291840.14,49929.75,76,34,110,0
119_8000D6950,119,2022-09-01 00:25:00,2022-09-10 17:44:00,16.38,62545.96,311707.36,204.49,106,3,109,0
119_811B9A490,119,2022-09-01 00:27:00,2022-09-10 13:26:00,16.38,1593776.17,7203179.75,153140.22,71,37,108,0
119_80FD5D5E0,119,2022-09-01 02:15:00,2022-09-10 03:13:00,16.31,176812.07,774178.47,21976.38,91,17,108,0
119_811A783A0,119,2022-09-01 00:02:00,2022-09-10 22:12:00,16.4,395501.51,119691.58,371563.19,88,19,107,0
119_8000D2660,119,2022-09-01 00:21:00,2022-09-10 23:05:00,16.39,229842.92,322405.2,165361.88,81,26,107,0
119_80FD68270,119,2022-09-01 00:12:00,2022-09-09 10:37:00,16.39,8027026.39,105616.29,8005903.13,60,45,105,0
119_811B97890,119,2022-09-01 00:32:00,2022-09-10 10:54:00,16.38,290228.27,176639.83,254900.3,81,24,105,0
119_811BA97F0,119,2022-09-01 02:34:00,2022-09-10 23:48:00,16.3,909864.15,543467.63,801170.62,44,60,104,0
119_811A84CE0,119,2022-09-01 01:54:00,2022-09-10 22:49:00,16.32,1918335.23,63753.97,1905584.44,69,35,104,0
119_811B79350,119,2022-09-01 04:09:00,2022-09-10 18:56:00,16.23,9154640.38,480610.92,9058518.2,80,23,103,0
119_80FF89BF0,119,2022-09-01 00:01:00,2022-09-10 00:24:00,16.4,1171461.74,1141986.04,943064.53,60,41,101,0
119_8100CBB60,119,2022-09-01 00:17:00,2022-09-10 23:29:00,16.39,7263343.3,3132169.06,6636909.49,81,19,100,0
119_811B8A910,119,2022-09-01 00:04:00,2022-09-10 12:14:00,16.4,6057207.79,7245516.52,4608104.49,69,31,100,0
119_80FD62050,119,2022-09-01 08:57:00,2022-09-10 04:54:00,16.03,125381.38,274824.22,70416.54,70,28,98,0
119_80FDF6340,119,2022-09-01 08:37:00,2022-09-10 23:22:00,16.04,1417889.88,2901250.66,837639.75,39,59,98,0
119_811BF8F50,119,2022-09-01 00:14:00,2022-09-10 16:59:00,16.39,98622.3,73501.36,83922.03,73,24,97,0
119_80FD64D50,119,2022-09-01 00:02:00,2022-09-10 11:53:00,16.4,246786.89,239424.99,198901.89,60,36,96,0
119_80FFCBC10,119,2022-09-01 00:21:00,2022-09-10 22:56:00,16.39,9026515.98,7270603.86,7572395.21,79,17,96,0
119_80FFAE0B0,119,2022-09-01 00:01:00,2022-09-10 02:57:00,16.4,46440830.11,232052403.65,30349.38,62,33,95,0
119_811DB29C0,119,2022-09-01 13:03:00,2022-09-10 19:25:00,15.86,331859.09,1205276.1,90803.87,50,44,94,0
119_811A67950,119,2022-09-01 00:27:00,2022-09-10 10:22:00,16.38,269586.91,1222363.47,25114.22,71,22,93,0
119_80FDD02F0,119,2022-09-01 00:03:00,2022-09-10 15:50:00,16.4,26852603.15,124151139.58,2022375.23,89,3,92,0
119_80FD6CF40,119,2022-09-01 00:16:00,2022-09-10 04:59:00,16.39,198820544.79,10163106.25,196787923.54,60,31,91,0
119_80FDEA6A0,119,2022-09-01 03:37:00,2022-09-10 16:17:00,16.25,88913.1,303253.2,28262.46,73,18,91,0
119_810122190,119,2022-09-01 04:07:00,2022-09-10 15:22:00,16.23,6720194.21,347304.15,6650733.38,55,36,91,0
119_80DD8DD90,119,2022-09-01 00:13:00,2022-09-10 16:10:00,16.39,185424.87,262112.54,133002.36,82,9,91,0
119_80FD31B50,119,2022-09-01 00:20:00,2022-09-10 19:53:00,16.39,70791.01,273624.05,16066.2,87,3,90,0
119_8101D6780,119,2022-09-01 00:18:00,2022-09-10 14:50:00,16.39,79482.82,150737.76,49335.27,59,31,90,0
119_81159DA50,119,2022-09-01 00:17:00,2022-09-10 05:23:00,16.39,9965935.61,49482784.26,69378.76,45,44,89,0
119_812004840,119,2022-09-01 00:18:00,2022-09-09 22:25:00,16.39,1919891.99,298101.03,1860271.78,23,65,88,0
119_8000D63A0,119,2022-09-01 00:16:00,2022-09-10 17:55:00,16.39,252904.2,436105.73,165683.05,86,2,88,0
119_8100C5CC0,119,2022-09-01 00:28:00,2022-09-10 13:24:00,16.38,102223.03,382060.1,25811.01,64,23,87,1
119_811B872E0,119,2022-09-01 00:15:00,2022-09-10 19:13:00,16.39,3006030.42,14069306.6,192169.1,75,12,87,0
119_811C597B0,119,2022-09-01 00:04:00,2022-09-14 13:40:00,16.4,20115235.02,10882820.2,17938670.98,37,50,87,1
119_811A6E200,119,2022-09-01 00:16:00,2022-09-10 10:50:00,16.39,2890812.48,8682545.76,1154303.33,65,22,87,0
119_811A64F10,119,2022-09-01 00:01:00,2022-09-10 17:51:00,16.4,13077219.36,350026.43,13007214.07,84,2,86,0
119_810668060,119,2022-09-01 00:09:00,2022-09-10 16:53:00,16.4,798864.82,771421.25,644580.57,53,33,86,0
119_811A53120,119,2022-09-01 07:37:00,2022-09-10 23:20:00,16.08,18862909.75,205574.32,18821794.89,63,23,86,0
119_80FE613D0,119,2022-09-01 00:42:00,2022-09-10 05:40:00,16.37,416022.84,251355.16,365751.81,65,21,86,0
119_80FE5B960,119,2022-09-01 00:08:00,2022-09-10 10:55:00,16.4,6199879.45,338197.27,6132240.0,85,1,86,0
119_8000D2450,119,2022-09-01 00:04:00,2022-09-10 06:47:00,16.4,1077315.79,5386512.19,13.35,84,1,85,0
119_811E3B780,119,2022-09-01 00:00:00,2022-09-10 08:27:00,16.4,572141.23,554908.77,461159.48,48,36,84,0
119_811DF5B40,119,2022-09-01 00:02:00,2022-09-10 05:56:00,16.4,243731.47,1098423.86,24046.7,66,18,84,0
119_80FD80020,119,2022-09-01 00:23:00,2022-09-10 23:22:00,16.39,69903.9,117605.65,46382.77,54,29,83,0
119_80FE02E60,119,2022-09-01 17:53:00,2022-09-10 17:06:00,15.66,148733.54,509977.39,46738.06,74,9,83,0
119_80FD41EE0,119,2022-09-01 00:03:00,2022-09-10 14:55:00,16.4,675320.76,3098842.79,55552.2,65,17,82,0
119_811C54910,119,2022-09-01 04:15:00,2022-09-10 08:43:00,16.23,539292.77,2272154.52,84861.87,63,19,82,0
119_811B9D0C0,119,2022-09-01 06:26:00,2022-09-10 19:27:00,16.13,950977.47,4709230.16,9131.44,59,23,82,0
119_80FD62800,119,2022-09-01 02:48:00,2022-09-10 01:26:00,16.29,321718.07,1242451.92,73227.69,62,19,81,0
119_80FFAE880,119,2022-09-01 00:13:00,2022-09-10 11:14:00,16.39,700968.29,2027799.53,295408.38,53,28,81,0
119_80FDDE980,119,2022-09-01 00:10:00,2022-09-10 02:48:00,16.4,479808.25,104937.1,458820.83,30,51,81,0
249118_811E47730,249118,2022-09-01 00:13:00,2022-09-10 12:58:00,16.39,124936.77,40882.5,116760.27,30,51,81,0
119_8122D3660,119,2022-09-01 00:02:00,2022-09-10 10:52:00,16.4,905435.81,3748904.07,155655.0,52,29,81,0
119_81013B6C0,119,2022-09-01 10:30:00,2022-09-10 22:39:00,15.96,14114.94,22054.0,9704.14,54,27,81,0
119_811A88AC0,119,2022-09-01 00:11:00,2022-09-10 13:20:00,16.39,2515659.03,416433.89,2432372.25,49,32,81,0
119_811B987D0,119,2022-09-01 00:22:00,2022-09-10 00:18:00,16.39,19382969.24,696876.95,19243593.85,40,40,80,0
119_8109E7280,119,2022-09-01 00:03:00,2022-09-10 10:05:00,16.4,69840.47,15730.38,66694.39,44,36,80,0
119_811B813F0,119,2022-09-01 00:04:00,2022-09-10 18:41:00,16.4,608214.99,2058059.31,196603.13,55,25,80,0
119_811DCA9B0,119,2022-09-01 00:11:00,2022-09-17 09:39:00,16.39,139250.63,111782.56,116894.12,40,39,79,1
119_810222030,119,2022-09-01 00:13:00,2022-09-10 13:28:00,16.39,5315220.97,285320.92,5258156.79,47,32,79,0
119_810A4A470,119,2022-09-01 05:34:00,2022-09-10 15:29:00,16.17,14821466.59,118705.77,14797725.44,52,27,79,0
119_80FD77C00,119,2022-09-01 00:04:00,2022-09-10 23:47:00,16.4,969372.3,127910.53,943790.19,56,23,79,0
119_80FD70E90,119,2022-09-01 00:06:00,2022-09-10 15:10:00,16.4,228849.47,1073799.77,14089.52,64,15,79,0
119_80FD51BF0,119,2022-09-01 00:12:00,2022-09-10 16:59:00,16.39,400890.83,453869.44,310116.94,29,50,79,0
119_80FE669F0,119,2022-09-01 00:05:00,2022-09-09 11:45:00,16.4,39368.0,172556.49,4856.7,61,17,78,0
119_810214870,119,2022-09-01 00:18:00,2022-09-09 22:27:00,16.39,1046816.81,2404016.01,566013.61,60,18,78,0
119_811B7D400,119,2022-09-01 00:09:00,2022-09-09 23:44:00,16.4,61560.66,55158.71,50528.92,58,20,78,0
119_811C35F30,119,2022-09-01 00:03:00,2022-09-10 02:21:00,16.4,356038.36,571691.87,241699.99,33,45,78,0
119_80FD67E90,119,2022-09-01 00:17:00,2022-09-10 14:25:00,16.39,97551.49,327167.5,32117.99,40,37,77,0
119_811BFA410,119,2022-09-01 03:12:00,2022-09-10 06:52:00,16.27,10477.93,12097.57,8058.42,54,23,77,0
119_80FD41CF0,119,2022-09-01 09:41:00,2022-09-10 18:11:00,16.0,151273.41,756367.03,0.0,77,0,77,0
119_810193670,119,2022-09-01 00:09:00,2022-09-10 04:29:00,16.4,81354.87,120676.65,57219.54,36,41,77,0
119_811BBBF50,119,2022-09-01 00:09:00,2022-09-10 04:27:00,16.4,13881.01,41058.57,5669.3,48,29,77,0
119_8106798E0,119,2022-09-01 00:08:00,2022-09-10 23:56:00,16.4,720296.48,2716814.21,176933.64,46,29,75,0
119_80FDF3590,119,2022-09-01 00:13:00,2022-09-10 03:17:00,16.39,48933162.43,232140852.37,2504991.96,74,1,75,0
119_811F6FAD0,119,2022-09-01 01:45:00,2022-09-10 12:26:00,16.33,69100.31,88752.27,51349.86,53,22,75,0
119_8100614E0,119,2022-09-01 00:57:00,2022-09-10 06:56:00,16.36,7573979.35,6202043.85,6333570.58,37,38,75,0
119_810231160,119,2022-09-01 00:15:00,2022-09-10 19:20:00,16.39,274013.63,1029574.26,68098.78,45,30,75,0
119_811B5FB20,119,2022-09-01 07:43:00,2022-09-09 20:57:00,16.08,1201291.53,4236998.33,353891.86,56,18,74,0
119_811B836F0,119,2022-09-01 00:22:00,2022-09-10 11:55:00,16.39,1973559.14,1631428.35,1647273.47,52,22,74,0
119_8101AD220,119,2022-09-01 00:02:00,2022-09-10 12:10:00,16.4,7915.36,10867.62,5741.84,31,43,74,0
119_80FFB26D0,119,2022-09-01 00:15:00,2022-09-10 23:57:00,16.39,127973215.18,616689556.47,4635303.89,52,22,74,0
119_80FD711B0,119,2022-09-01 02:22:00,2022-09-10 11:47:00,16.3,392338.08,408924.72,310553.14,55,19,74,0
119_811B6FA50,119,2022-09-01 00:18:00,2022-09-10 06:19:00,16.39,157535.22,557656.97,46003.83,37,36,73,0
119_811DE5890,119,2022-09-01 00:23:00,2022-09-10 22:53:00,16.39,6444316.62,31968986.47,50519.33,57,16,73,0
119_80FFA6D60,119,2022-09-01 00:18:00,2022-09-10 04:17:00,16.39,305038.2,1072239.1,90590.38,49,24,73,0
119_81003C9D0,119,2022-09-01 00:11:00,2022-09-09 22:29:00,16.39,730330.48,660721.15,598186.25,46,27,73,0
119_811BBD7C0,119,2022-09-01 00:02:00,2022-09-09 19:26:00,16.4,1601832.41,936051.81,1414622.05,51,22,73,0
119_8121D32B0,119,2022-09-01 01:06:00,2022-09-10 14:53:00,16.36,3172664.02,13602472.55,452169.51,52,20,72,0
119_811B88600,119,2022-09-01 08:36:00,2022-09-15 12:59:00,16.04,11492187.45,56507279.26,190731.6,31,41,72,1
119_811E9CFE0,119,2022-09-01 01:10:00,2022-09-10 22:59:00,16.35,123399.17,8980.59,121603.05,48,24,72,0
119_81060DD10,119,2022-09-01 00:27:00,2022-09-10 19:37:00,16.38,58805.05,47260.75,49352.9,45,27,72,0
119_80FDFF390,119,2022-09-01 13:29:00,2022-09-10 06:58:00,15.84,78252.91,194118.96,39429.12,29,43,72,0
220_80FD660D0,220,2022-09-01 06:38:00,2022-09-10 14:25:00,16.13,28541.48,69524.49,14636.58,58,14,72,0
119_811DCA220,119,2022-09-01 00:13:00,2022-09-10 12:14:00,16.39,95967.64,196781.44,56611.35,29,42,71,0
119_811B8CC10,119,2022-09-01 05:00:00,2022-09-10 02:57:00,16.19,166587.15,203423.98,125902.35,50,21,71,0
222_811A799F0,222,2022-09-01 06:40:00,2022-09-10 20:54:00,16.12,1429952.62,156977.15,1398557.19,34,37,71,0
119_810000280,119,2022-09-01 04:37:00,2022-09-10 16:25:00,16.21,378768.84,431069.97,292554.85,54,17,71,0
119_80FEC5BA0,119,2022-09-01 07:59:00,2022-09-10 16:59:00,16.07,3018498.03,14747020.13,69094.0,25,46,71,0
119_8107F77C0,119,2022-09-01 00:06:00,2022-09-10 13:50:00,16.4,717802.29,1705907.76,376620.74,33,37,70,0
119_8100D49F0,119,2022-09-01 00:16:00,2022-09-10 03:29:00,16.39,8652.52,10910.92,6470.34,54,16,70,0
119_811BAA7B0,119,2022-09-01 00:05:00,2022-09-10 15:49:00,16.4,20109.37,100461.17,17.14,69,1,70,0
119_80FD48B10,119,2022-09-01 01:07:00,2022-09-10 23:57:00,16.36,7935197.89,38867628.36,161672.22,52,18,70,0
119_811B880B0,119,2022-09-01 12:05:00,2022-09-10 19:10:00,15.9,1499502.25,1508862.69,1197729.71,65,4,69,0
119_81005BD00,119,2022-09-01 00:07:00,2022-09-10 22:15:00,16.4,292977.6,116507.15,269676.17,33,36,69,0
119_811D52690,119,2022-09-01 00:04:00,2022-09-10 19:26:00,16.4,526850.7,1809799.27,164890.85,42,27,69,0
119_811B9BB30,119,2022-09-01 00:11:00,2022-09-10 05:19:00,16.39,1573132.39,1852086.32,1202715.13,36,33,69,0
48681_8127C84B0,48681,2022-09-01 00:33:00,2022-09-10 20:26:00,16.38,29270.22,24569.58,24356.3,28,40,68,0
119_80FD34850,119,2022-09-01 00:02:00,2022-09-09 21:21:00,16.4,541887.43,2235244.98,94838.43,45,23,68,0
119_811DD56A0,119,2022-09-01 00:03:00,2022-09-10 18:59:00,16.4,799798.97,2812559.86,237287.0,46,22,68,0
119_80FFEB0F0,119,2022-09-01 00:02:00,2022-09-10 23:22:00,16.4,300633.06,383945.21,223844.02,44,24,68,0
119_8105677D0,119,2022-09-01 08:01:00,2022-09-10 18:52:00,16.07,61680.76,37313.94,54217.97,34,34,68,0
119_811A7E200,119,2022-09-01 00:23:00,2022-09-09 21:44:00,16.39,760144.54,145640.93,731016.35,30,37,67,0
119_80FF96180,119,2022-09-01 00:01:00,2022-09-10 08:53:00,16.4,296295.4,899004.63,116494.47,57,10,67,0
119_810540320,119,2022-09-01 00:01:00,2022-09-10 03:44:00,16.4,665008.57,1907430.88,283522.39,32,34,66,0
119_811BD1AD0,119,2022-09-01 00:11:00,2022-09-10 12:54:00,16.39,3773785.13,95917.59,3754601.61,58,8,66,0
119_81001B4F0,119,2022-09-01 00:01:00,2022-09-10 22:57:00,16.4,88739.7,129133.17,62913.07,37,29,66,0
119_80FD556E0,119,2022-09-01 00:04:00,2022-09-10 22:23:00,16.4,95167.99,13896.4,92388.71,50,16,66,0
119_8101D2C50,119,2022-09-01 00:40:00,2022-09-10 10:06:00,16.37,50774693.53,234195307.21,3935632.09,37,28,65,0
119_8108E13A0,119,2022-09-01 00:05:00,2022-09-10 15:42:00,16.4,469752.51,180460.04,433660.5,13,52,65,0
119_81240EFC0,119,2022-09-01 00:08:00,2022-09-10 01:07:00,16.4,23551468.28,116937.26,23528080.83,2,62,64,0
119_811B91B50,119,2022-09-01 05:42:00,2022-09-10 07:37:00,16.16,574073.55,2734547.76,27164.0,42,22,64,0
119_811A4BEE0,119,2022-09-01 05:13:00,2022-09-10 18:49:00,16.18,268714.9,368368.51,195041.2,49,15,64,0
119_811EE29C0,119,2022-09-01 00:11:00,2022-09-10 00:23:00,16.39,366856.3,190428.92,328770.52,32,31,63,0
119_80FDCD0F0,119,2022-09-01 00:08:00,2022-09-09 19:57:00,16.4,1687678.12,8438295.98,18.92,62,1,63,0
119_81087AB10,119,2022-09-01 00:04:00,2022-09-10 14:45:00,16.4,696829.53,40095.13,688810.5,28,35,63,0
119_811F5FEA0,119,2022-09-01 00:08:00,2022-09-10 20:46:00,16.4,29448.74,38622.74,21724.19,42,20,62,0
119_8100E3A80,119,2022-09-01 04:10:00,2022-09-10 00:29:00,16.23,218860116.71,740748.96,218711966.92,39,23,62,0
119_811FCA1C0,119,2022-09-01 00:05:00,2022-09-10 02:45:00,16.4,69176.85,42091.34,60758.58,22,40,62,0
119_811D87100,119,2022-09-01 00:19:00,2022-09-10 18:20:00,16.39,621753.11,1836404.95,254472.12,34,27,61,0
119_811C4B1C0,119,2022-09-01 11:41:00,2022-09-10 22:23:00,15.92,9059435.95,69794.22,9045477.11,36,25,61,1
119_811A88520,119,2022-09-01 00:16:00,2022-09-09 22:28:00,16.39,289634.51,83275.78,272979.35,36,24,60,0
119_80FD5F1B0,119,2022-09-01 03:44:00,2022-09-10 23:16:00,16.25,47422.83,63055.38,34811.75,40,20,60,0
119_811A6CD80,119,2022-09-01 00:17:00,2022-09-10 15:37:00,16.39,76192.15,257361.65,24719.82,43,17,60,0
119_8129B4590,119,2022-09-01 09:15:00,2022-09-10 07:12:00,16.02,21005199.8,132141.75,20978771.45,1,59,60,0
119_810C36140,119,2022-09-01 12:06:00,2022-09-10 12:23:00,15.9,118067.38,95877.28,98891.92,1,59,60,0
119_80FF641F0,119,2022-09-01 00:14:00,2022-09-10 06:24:00,16.39,480937.55,401728.63,400591.82,45,15,60,0
119_80FD45AB0,119,2022-09-01 05:15:00,2022-09-10 17:44:00,16.18,328781.78,1132019.08,102377.96,46,14,60,0
119_80FFBD4B0,119,2022-09-01 02:59:00,2022-09-10 05:52:00,16.28,350566530.73,648092.24,350436912.28,43,17,60,0
119_811D5DB20,119,2022-09-01 02:00:00,2022-09-09 20:50:00,16.32,199043.33,8222.9,197398.75,29,30,59,0
119_80FE12D20,119,2022-09-01 00:07:00,2022-09-10 10:53:00,16.4,3043237.35,11922849.37,658667.48,32,27,59,0
119_80FFD9AC0,119,2022-09-01 00:01:00,2022-09-10 12:59:00,16.4,175824.7,823769.35,11070.83,44,15,59,0
119_810245670,119,2022-09-01 00:25:00,2022-09-10 09:53:00,16.38,2468582.36,1624815.66,2143619.23,18,41,59,0
119_81029B400,119,2022-09-01 00:13:00,2022-09-10 05:46:00,16.39,79968.26,323149.62,15338.34,7,52,59,0
119_810A8C2A0,119,2022-09-01 00:21:00,2022-09-10 21:10:00,16.39,70782.85,225599.3,25662.99,31,28,59,0
119_8101BA1A0,119,2022-09-01 00:02:00,2022-09-09 23:58:00,16.4,49594316.86,338820.11,49526552.84,48,11,59,0
119_80FD43C00,119,2022-09-01 00:04:00,2022-09-10 13:08:00,16.4,688329.4,179426.74,652444.05,35,24,59,0
119_80FD55A40,119,2022-09-01 08:36:00,2022-09-09 18:20:00,16.04,5978325.63,24456042.28,1087117.17,51,8,59,0
119_810A9CCC0,119,2022-09-01 08:31:00,2022-09-10 14:18:00,16.05,206140.46,25063.57,201127.75,21,37,58,0
119_811BC5A60,119,2022-09-01 00:06:00,2022-09-09 14:25:00,16.4,485959.74,299113.65,426137.01,24,34,58,0
119_811D594A0,119,2022-09-01 06:41:00,2022-09-10 00:14:00,16.12,60443.35,18186.74,56806.0,28,29,57,0
119_80FD31BF0,119,2022-09-01 00:14:00,2022-09-10 15:44:00,16.39,102164.7,25668.02,97031.1,21,36,57,0
119_80FD5CE30,119,2022-09-01 00:07:00,2022-09-10 23:43:00,16.4,8758619.76,237691.45,8711081.47,35,22,57,0
119_8100C3550,119,2022-09-01 00:04:00,2022-09-10 22:58:00,16.4,158437.16,42423.84,149952.39,34,23,57,0
119_80FFE05C0,119,2022-09-01 00:05:00,2022-09-09 17:47:00,16.4,186123.48,586585.55,68806.37,39,18,57,0
119_810109340,119,2022-09-01 01:22:00,2022-09-10 19:10:00,16.35,85096.53,198443.01,45407.93,41,16,57,0
119_810C3F1C0,119,2022-09-01 03:45:00,2022-09-09 23:55:00,16.25,6379482.24,267690.68,6325944.1,21,36,57,0
119_8127C4F90,119,2022-09-01 05:36:00,2022-09-10 19:44:00,16.17,438112.84,386220.3,360868.78,31,25,56,0
119_811C466A0,119,2022-09-01 01:06:00,2022-09-10 19:40:00,16.36,488577.36,302407.5,428095.86,33,23,56,0
119_811BBF630,119,2022-09-01 06:17:00,2022-09-10 07:29:00,16.14,236714.32,83175.64,220079.19,25,31,56,0
119_810047AA0,119,2022-09-01 13:06:00,2022-09-10 02:02:00,15.86,1326742.55,744453.45,1177851.86,20,36,56,0
119_8100DC460,119,2022-09-01 00:28:00,2022-09-10 04:18:00,16.38,369023.63,1652135.77,38596.48,22,34,56,0
222_811A4D130,222,2022-09-01 02:30:00,2022-09-09 23:49:00,16.3,32829.13,164145.66,0.0,56,0,56,0
119_811DF5CE0,119,2022-09-01 00:28:00,2022-09-09 22:22:00,16.38,73518.19,14559.76,70606.24,31,25,56,0
119_81081B960,119,2022-09-01 02:43:00,2022-09-10 20:24:00,16.29,44248.09,39602.02,36327.69,34,22,56,0
119_80FEB8800,119,2022-09-01 01:47:00,2022-09-09 17:25:00,16.33,24633.08,106177.02,3397.68,20,36,56,0
119_80FF6F040,119,2022-09-01 05:38:00,2022-09-09 20:49:00,16.17,104273.39,11767.98,101919.79,28,28,56,0
143242_81005EB70,143242,2022-09-01 05:10:00,2022-09-10 02:53:00,16.19,7520744.5,68933.69,7506957.76,14,41,55,0
119_8100F9D70,119,2022-09-01 00:15:00,2022-09-10 20:59:00,16.39,902635.25,388217.04,824991.84,42,13,55,0
119_8100F4080,119,2022-09-01 00:07:00,2022-09-09 20:25:00,16.4,70787.64,31677.87,64452.07,36,19,55,0
119_80FE13AF0,119,2022-09-01 00:01:00,2022-09-10 04:20:00,16.4,765191.65,693700.76,626451.5,37,18,55,0
119_80FD78AC0,119,2022-09-01 00:18:00,2022-09-09 01:22:00,16.39,8642.15,12256.98,6190.75,39,16,55,0
119_80FD69BF0,119,2022-09-01 00:14:00,2022-09-10 17:55:00,16.39,168165.87,171012.37,133963.4,16,39,55,0
119_8109E7860,119,2022-09-01 00:13:00,2022-09-10 13:12:00,16.39,117331.48,115453.31,94240.82,29,25,54,0
119_812358E10,119,2022-09-01 00:07:00,2022-09-10 13:33:00,16.4,253015.99,229628.15,207090.36,39,15,54,0
119_810560460,119,2022-09-01 00:03:00,2022-09-10 17:39:00,16.4,273676.96,111782.71,251320.42,29,25,54,0
43049_8103452D0,43049,2022-09-01 03:01:00,2022-09-10 17:19:00,16.28,20353.94,43022.7,11749.4,14,40,54,0
119_80FF9B660,119,2022-09-01 00:13:00,2022-09-10 00:20:00,16.39,795451.32,3589638.03,77523.71,53,1,54,0
119_811A53310,119,2022-09-01 00:01:00,2022-09-10 06:27:00,16.4,34157.91,105095.93,13138.72,21,32,53,0
119_811BBCB10,119,2022-09-01 01:13:00,2022-09-10 18:47:00,16.35,347748.86,332803.81,281188.1,27,26,53,0
119_8106468F0,119,2022-09-01 00:58:00,2022-09-10 19:56:00,16.36,17865.47,86731.66,519.14,49,3,52,0
119_8101B8530,119,2022-09-01 08:04:00,2022-09-10 15:53:00,16.07,4161945.84,3471353.7,3467675.1,21,31,52,0
119_811D99F90,119,2022-09-01 00:25:00,2022-09-10 18:28:00,16.38,131299.79,55193.0,120261.19,32,20,52,0
119_80FF9C1C0,119,2022-09-01 08:31:00,2022-09-10 14:28:00,16.05,190421.73,192144.4,151992.85,35,17,52,0
119_811A4F330,119,2022-09-01 01:06:00,2022-09-09 12:55:00,16.36,700770.59,2243135.2,252143.55,28,24,52,0
119_811A85ED0,119,2022-09-01 00:14:00,2022-09-10 20:52:00,16.39,171824.94,165827.57,138659.43,31,21,52,0
119_80FE04B00,119,2022-09-01 15:33:00,2022-09-10 19:14:00,15.75,572116.79,11064.45,569903.9,21,30,51,0
119_80FDE3100,119,2022-09-01 00:16:00,2022-09-10 17:41:00,16.39,302705.47,484570.24,205791.42,19,32,51,0
119_80FFFC810,119,2022-09-01 00:20:00,2022-09-09 22:38:00,16.39,22562452.3,1127183.17,22337015.67,38,13,51,0
119_811BBE850,119,2022-09-01 00:02:00,2022-09-09 20:45:00,16.4,8491071.15,1165178.31,8258035.49,33,18,51,0
217_80FDF7EF0,217,2022-09-01 09:00:00,2022-09-10 06:47:00,16.03,21823.0,0.0,20823.0,0,50,50,0
243614_810983C20,243614,2022-09-01 06:07:00,2022-09-10 06:27:00,16.15,39524.6,0.0,38524.6,0,50,50,0
49365_812A09D40,49365,2022-09-01 11:16:00,2022-09-12 11:49:00,15.93,169309.34,154974.98,138314.34,18,32,50,1
48308_811FD5180,48308,2022-09-01 11:09:00,2022-09-10 22:53:00,15.94,31710555.2,0.0,31709555.2,0,50,50,0
119_810006A30,119,2022-09-01 00:06:00,2022-09-09 19:53:00,16.4,1046246.89,759564.03,894334.08,18,32,50,0
119_811C17A20,119,2022-09-01 09:07:00,2022-09-10 11:14:00,16.02,160940.01,62512.78,148437.45,15,35,50,0
145752_8119D3550,145752,2022-09-01 13:05:00,2022-09-10 00:20:00,15.86,11111.4,0.0,10111.4,0,50,50,0
119_811E2B0C0,119,2022-09-01 03:04:00,2022-09-09 23:47:00,16.27,1043389.02,866162.72,870156.48,29,21,50,0
249176_8120173C0,249176,2022-09-01 23:35:00,2022-09-10 19:25:00,15.42,1206276.1,0.0,1205276.1,0,50,50,0
148016_811C576F0,148016,2022-09-01 14:30:00,2022-09-10 10:54:00,15.8,5284.8,0.0,4284.8,0,50,50,0
119_8129B14A0,119,2022-09-01 05:50:00,2022-09-09 20:46:00,16.16,189603.98,66424.04,176319.17,29,21,50,0
148348_81340FE60,148348,2022-09-01 00:02:00,2022-09-10 04:54:00,16.4,3634318.6,0.0,3633318.6,0,50,50,0
144225_81133D310,144225,2022-09-01 04:37:00,2022-09-10 16:25:00,16.21,205278.7,0.0,204278.7,0,50,50,0
43049_80FF95B80,43049,2022-09-01 12:05:00,2022-09-10 05:46:00,15.9,579.3,420.7,0.0,50,0,50,0
223_811A4CEA0,223,2022-09-01 00:12:00,2022-09-10 21:44:00,16.39,6859.44,3685.2,6122.4,30,20,50,0
217_80FDC5D80,217,2022-09-01 17:04:00,2022-09-10 23:22:00,15.69,155952.6,779763.0,0.0,50,0,50,0
119_811A51BA0,119,2022-09-01 00:29:00,2022-09-10 21:44:00,16.38,61294.19,242453.22,12803.55,18,32,50,0
121_8119FFA00,121,2022-09-01 12:04:00,2022-09-09 16:43:00,15.9,2503.24,938.21,2315.6,21,28,49,0
1198_80FD28A70,1198,2022-09-01 04:01:00,2022-09-09 19:29:00,16.23,81669.57,408347.87,0.0,49,0,49,0
119_811EEB380,119,2022-09-01 03:59:00,2022-09-10 23:28:00,16.24,514088.89,971635.39,319761.81,21,28,49,0
119_810B87120,119,2022-09-01 00:11:00,2022-09-10 09:29:00,16.39,283386.59,265434.13,230299.76,13,35,48,0
119_81019C710,119,2022-09-01 00:05:00,2022-09-10 10:58:00,16.4,478065.08,300049.98,418055.08,23,25,48,0
119_812A261E0,119,2022-09-01 03:12:00,2022-09-09 21:24:00,16.27,79191.72,14.01,78205.73,1,47,48,0
222_811A7AEB0,222,2022-09-01 11:31:00,2022-09-10 02:59:00,15.92,3095840.78,259229.88,3043994.8,8,40,48,0
119_80FDCFB40,119,2022-09-01 00:14:00,2022-09-09 19:56:00,16.39,384804.44,451263.93,294551.65,36,11,47,0
119_8117C12D0,119,2022-09-01 00:19:00,2022-09-09 14:15:00,16.39,58148.19,11098.58,55928.47,3,44,47,0
119_8113C92E0,119,2022-09-01 00:39:00,2022-09-10 22:06:00,16.38,199696.44,20749.89,195546.46,1,46,47,0
119_811DDFAB0,119,2022-09-01 03:03:00,2022-09-10 17:25:00,16.27,8981731.5,11865.9,8979358.32,15,32,47,0
243614_80FE5DF30,243614,2022-09-01 08:05:00,2022-09-10 16:27:00,16.07,121981.07,26884.8,116604.11,40,7,47,0
119_811C56E80,119,2022-09-01 03:13:00,2022-09-10 15:59:00,16.27,3376584.12,1785865.5,3019411.02,20,27,47,0
119_80FF82AF0,119,2022-09-01 01:34:00,2022-09-09 22:23:00,16.34,2523803.67,7783534.7,967096.73,28,18,46,0
119_810059840,119,2022-09-01 00:11:00,2022-09-09 23:59:00,16.39,851725.77,31630.49,845399.67,20,26,46,0
119_811E444B0,119,2022-09-01 00:44:00,2022-09-10 02:24:00,16.37,9597321.78,4173.2,9596487.14,4,42,46,0
119_811335E20,119,2022-09-01 00:09:00,2022-09-10 17:59:00,16.4,71010.01,53889.21,60232.17,3,43,46,0
119_81021FC30,119,2022-09-01 00:01:00,2022-09-10 07:28:00,16.4,584639.63,534473.74,477744.88,35,11,46,0
119_812A97890,119,2022-09-01 09:10:00,2022-09-09 18:19:00,16.02,35735.94,132337.23,9268.49,29,17,46,0
119_810A84010,119,2022-09-01 00:27:00,2022-09-10 07:28:00,16.38,1975178.65,1255936.96,1723991.26,2,44,46,0
119_8102974C0,119,2022-09-01 00:01:00,2022-09-10 02:23:00,16.4,6545551.88,5460705.6,5453410.76,25,21,46,0
119_811E19710,119,2022-09-01 00:01:00,2022-09-10 09:09:00,16.4,75962.78,68951.84,62172.41,24,22,46,0
119_811BC8F10,119,2022-09-01 03:12:00,2022-09-10 06:39:00,16.27,663728.15,2560301.81,151667.79,28,18,46,0
119_811E9F950,119,2022-09-01 00:20:00,2022-09-10 21:29:00,16.39,1752463.28,68626.91,1738737.9,44,1,45,0
119_810515B70,119,2022-09-01 08:31:00,2022-09-10 12:24:00,16.05,26661.75,16141.23,23433.5,21,24,45,0
119_8107D15B0,119,2022-09-01 00:17:00,2022-09-10 22:49:00,16.39,177103.04,146591.92,147784.66,16,29,45,0
119_811A887E0,119,2022-09-01 00:06:00,2022-09-10 02:09:00,16.4,6233692.85,5954222.63,5042848.32,44,1,45,0
119_80FDED720,119,2022-09-01 00:26:00,2022-09-10 00:15:00,16.38,13944.41,8432.97,12257.82,23,22,45,0
119_811E9AE20,119,2022-09-01 00:10:00,2022-09-10 06:18:00,16.4,934769.09,46090.6,925550.97,26,19,45,0
119_80FFB1210,119,2022-09-01 00:13:00,2022-09-09 15:24:00,16.39,56028.73,103196.94,35389.34,28,17,45,0
119_8123596B0,119,2022-09-01 08:15:00,2022-09-10 02:55:00,16.06,3177500.65,3382.9,3176824.07,10,35,45,0
220_8000D0640,220,2022-09-01 01:22:00,2022-09-10 10:53:00,16.35,76694.25,383471.24,0.0,45,0,45,0
119_80FE58770,119,2022-09-01 00:11:00,2022-09-10 04:56:00,16.39,283884.42,3627.07,283159.01,36,8,44,0
119_80FE53A40,119,2022-09-01 05:06:00,2022-09-09 10:21:00,16.19,105139.96,110094.87,83120.99,8,36,44,0
119_8101BAB00,119,2022-09-01 00:06:00,2022-09-09 14:18:00,16.4,935285.27,3888911.32,157503.01,37,7,44,0
119_80FD384A0,119,2022-09-01 00:00:00,2022-09-10 15:23:00,16.4,51498.63,100588.62,31380.91,40,4,44,0
119_811E41D70,119,2022-09-01 00:24:00,2022-09-10 15:26:00,16.39,980283.09,4811565.07,17970.08,28,16,44,0
119_81200CEE0,119,2022-09-01 12:04:00,2022-09-10 23:48:00,15.9,67562.76,0.0,66562.76,0,44,44,0
119_811A7A360,119,2022-09-01 00:04:00,2022-09-10 05:15:00,16.4,55797.69,233236.66,9150.36,42,2,44,0
119_811FDCCC0,119,2022-09-01 00:24:00,2022-09-10 06:38:00,16.39,2078404.61,124688.06,2053467.0,4,40,44,0
119_811B62930,119,2022-09-01 23:30:00,2022-09-10 07:25:00,15.42,20517.12,24722.9,15572.54,40,4,44,0
217_80FD6E120,217,2022-09-01 04:01:00,2022-09-10 14:45:00,16.23,136376.73,681883.67,0.0,44,0,44,0
119_811A6E420,119,2022-09-01 05:01:00,2022-09-09 22:19:00,16.19,14154007.33,58761710.58,2401665.21,23,20,43,0
119_811B290F0,119,2022-09-01 00:02:00,2022-09-09 17:24:00,16.4,6287900.42,28812544.14,525391.59,25,18,43,0
119_810052570,119,2022-09-01 00:04:00,2022-09-10 11:53:00,16.4,208908.27,69188.01,195070.67,19,24,43,0
14_80FD46B30,14,2022-09-01 09:05:00,2022-09-10 08:24:00,16.02,2503002.84,65183.24,2489966.19,42,1,43,0
119_811BAC480,119,2022-09-01 04:02:00,2022-09-09 15:20:00,16.23,72053.16,1114.05,71830.35,14,29,43,0
119_81222E540,119,2022-09-01 00:29:00,2022-09-10 06:04:00,16.38,193288.15,219742.35,149339.68,18,25,43,0
119_810BB4FC0,119,2022-09-01 00:00:00,2022-09-10 07:23:00,16.4,79026.54,256005.92,27825.36,9,34,43,0
119_8107F2650,119,2022-09-01 00:05:00,2022-09-09 12:41:00,16.4,15520049.4,14261.64,15517197.07,17,26,43,0
119_8115B4C50,119,2022-09-01 00:05:00,2022-09-10 09:15:00,16.4,277754.16,139950.78,249764.0,21,22,43,0
243614_8112B0620,243614,2022-09-01 05:06:00,2022-09-09 20:51:00,16.19,43170.59,0.0,42170.59,0,42,42,0
46042_8115CBFB0,46042,2022-09-01 04:01:00,2022-09-09 18:37:00,16.23,2600265.25,97711.04,2580723.04,21,21,42,0
119_811BD5C90,119,2022-09-01 00:26:00,2022-09-10 04:24:00,16.38,1503776.65,4991593.99,505457.85,17,25,42,0
142836_80FDE7EC0,142836,2022-09-01 14:20:00,2022-09-09 19:57:00,15.8,8366301.9,15937.81,8363114.34,21,21,42,0
43049_8107B4F30,43049,2022-09-01 01:05:00,2022-09-09 19:43:00,16.36,11097638.1,7898.87,11096058.33,14,28,42,0
119_811C2E3D0,119,2022-09-01 20:16:00,2022-09-10 18:54:00,15.56,66100.22,167277.9,32644.64,30,12,42,0
43849_810355AA0,43849,2022-09-01 14:12:00,2022-09-09 20:23:00,15.81,37860.41,10901.45,35680.12,28,14,42,0
148348_811D9F700,148348,2022-09-01 05:30:00,2022-09-09 08:08:00,16.17,16954.98,49913.15,6972.35,14,28,42,0
119_810A8CFF0,119,2022-09-01 00:52:00,2022-09-10 17:26:00,16.37,89252.01,31793.85,82893.24,22,20,42,0
119_8123F9BF0,119,2022-09-01 00:00:00,2022-09-09 13:53:00,16.4,120790.66,267079.26,67374.81,23,19,42,0
119_810891F70,119,2022-09-01 00:25:00,2022-09-10 23:14:00,16.38,87900.04,41617.03,79576.63,16,26,42,0
119_811A6F840,119,2022-09-01 00:14:00,2022-09-10 23:20:00,16.39,1761531.9,1438511.42,1473829.62,21,21,42,0
119_80FDCA1D0,119,2022-09-01 02:04:00,2022-09-09 08:22:00,16.32,2627714.42,3647974.2,1898119.58,31,10,41,0
119_811BBBF00,119,2022-09-01 00:02:00,2022-09-10 14:13:00,16.4,253900.39,116147.71,230670.85,21,20,41,0
119_80FFB6BC0,119,2022-09-01 00:08:00,2022-09-10 00:16:00,16.4,4443053.73,2745925.05,3893868.72,40,1,41,0
119_811A6F9D0,119,2022-09-01 00:09:00,2022-09-09 23:59:00,16.4,178451.48,730370.46,32377.39,39,2,41,0
119_80FF810C0,119,2022-09-01 00:04:00,2022-09-09 07:53:00,16.4,126851019.36,621725154.13,2505988.53,17,24,41,0
119_80FE055B0,119,2022-09-01 00:04:00,2022-09-10 09:24:00,16.4,54523.4,67453.81,41032.64,18,23,41,0
118_8000D8AE0,118,2022-09-01 01:30:00,2022-09-10 23:26:00,16.34,9737.75,48688.75,0.0,41,0,41,0
119_811BC70D0,119,2022-09-01 02:14:00,2022-09-10 01:27:00,16.31,21716.91,13272.41,19062.43,18,23,41,0
119_80FDD6490,119,2022-09-01 00:07:00,2022-09-10 11:56:00,16.4,253358.56,695248.44,114308.87,38,3,41,0
1198_8100BEF60,1198,2022-09-01 19:49:00,2022-09-10 15:50:00,15.58,5131.29,0.0,4131.29,0,41,41,0
1198_80FD7A4A0,1198,2022-09-01 03:06:00,2022-09-10 21:21:00,16.27,46434.47,9645.5,44505.37,20,21,41,0
119_812A09CF0,119,2022-09-01 14:28:00,2022-09-12 11:49:00,15.8,190191.4,134333.87,163324.63,21,20,41,1
119_8129F73A0,119,2022-09-01 00:18:00,2022-09-10 22:29:00,16.39,83236.62,20417.03,79153.21,16,25,41,0
119_810ED00E0,119,2022-09-01 00:18:00,2022-09-10 03:21:00,16.39,222850.29,165203.46,189809.6,15,26,41,0
119_8000E0B00,119,2022-09-01 08:23:00,2022-09-09 22:54:00,16.05,108783.04,543915.19,0.0,41,0,41,0
119_8109D7FA0,119,2022-09-01 00:00:00,2022-09-10 07:00:00,16.4,115199.29,181168.62,78965.57,24,16,40,0
43462_8105FBF50,43462,2022-09-01 08:31:00,2022-09-10 19:53:00,16.05,23491.3,0.0,22491.3,0,40,40,0
249176_811F6D1E0,249176,2022-09-01 14:31:00,2022-09-10 06:52:00,15.8,10395.5,0.0,9395.5,0,40,40,0
249176_81237F1F0,249176,2022-09-01 12:05:00,2022-09-10 19:10:00,15.9,206456.9,0.0,205456.9,0,40,40,0
1198_80FD3DC20,1198,2022-09-01 07:38:00,2022-09-10 08:57:00,16.08,43637.1,0.0,42637.1,0,40,40,0
119_812006B20,119,2022-09-01 00:08:00,2022-09-09 14:01:00,16.4,947967.04,770451.5,793876.74,2,38,40,0
48309_812403BF0,48309,2022-09-01 03:07:00,2022-09-10 06:24:00,16.27,184352.4,0.0,183352.4,0,40,40,0
44650_81079F7A0,44650,2022-09-01 23:05:00,2022-09-10 19:20:00,15.44,5945.2,0.0,4945.2,0,40,40,0
48795_811F9F150,48795,2022-09-01 11:00:00,2022-09-10 20:46:00,15.94,38379.9,0.0,37379.9,0,40,40,0
43462_8105E94C0,43462,2022-09-01 21:33:00,2022-09-10 15:42:00,15.5,43893.38,219466.9,0.0,40,0,40,0
48309_811C400E0,48309,2022-09-01 18:33:00,2022-09-10 02:24:00,15.63,1919291.32,9596456.6,0.0,40,0,40,0
48211_811D62000,48211,2022-09-01 10:30:00,2022-09-10 01:29:00,15.96,1712717.5,0.0,1711717.5,0,40,40,0
119_80FE0FAD0,119,2022-09-01 09:10:00,2022-09-10 09:50:00,16.02,139240.52,120955.35,115049.45,6,34,40,0
48211_811D83DB0,48211,2022-09-01 06:00:00,2022-09-10 04:25:00,16.15,1151651.4,0.0,1150651.4,0,40,40,0
119_811A502E0,119,2022-09-01 00:11:00,2022-09-09 21:37:00,16.39,43272820.28,215310148.79,210790.52,31,9,40,0
45304_8111FF4E0,45304,2022-09-01 11:32:00,2022-09-10 17:59:00,15.92,8126.28,40631.4,0.0,40,0,40,0
119_811FD5E70,119,2022-09-01 00:01:00,2022-09-10 19:24:00,16.4,3510600.12,441477.88,3422304.54,39,1,40,0
43049_80FE01AE0,43049,2022-09-01 07:01:00,2022-09-10 21:17:00,16.11,20254.14,1391.7,19975.8,20,20,40,0
243614_80FF935D0,243614,2022-09-01 20:39:00,2022-09-10 01:29:00,15.54,3674.3,0.0,2674.3,0,40,40,0
244818_8109F2740,244818,2022-09-01 03:00:00,2022-09-10 20:43:00,16.28,611604936.9,0.0,611603936.9,0,40,40,0
222_811C2C740,222,2022-09-01 23:30:00,2022-09-10 07:25:00,15.42,25722.9,0.0,24722.9,0,40,40,0
217_80FD30DE0,217,2022-09-01 04:14:00,2022-09-10 20:57:00,16.23,105678.02,528390.1,0.0,40,0,40,0
48211_811B9F760,48211,2022-09-01 07:07:00,2022-09-10 11:40:00,16.11,2720.7,13603.5,0.0,40,0,40,0
48309_811DC1D90,48309,2022-09-01 15:02:00,2022-09-10 15:49:00,15.78,71095.6,0.0,70095.6,0,40,40,0
119_810518E30,119,2022-09-01 00:27:00,2022-09-09 13:29:00,16.38,137587.8,96591.71,118269.46,16,24,40,0
119_8105158E0,119,2022-09-01 00:14:00,2022-09-10 19:30:00,16.39,1031054.64,3217298.9,387594.86,24,16,40,0
244187_810160210,244187,2022-09-01 10:37:00,2022-09-10 18:41:00,15.96,31172.7,0.0,30172.7,0,40,40,0
1198_81019F100,1198,2022-09-01 15:33:00,2022-09-10 23:59:00,15.75,11657.8,0.0,10657.8,0,40,40,0
113_80FD500C0,113,2022-09-01 09:31:00,2022-09-10 16:59:00,16.01,2318.66,11593.3,0.0,40,0,40,0
113_80FD580C0,113,2022-09-01 01:07:00,2022-09-10 13:50:00,16.36,3379.76,2696.3,2840.5,20,20,40,0
223_811A4DBD0,223,2022-09-01 01:06:00,2022-09-09 14:26:00,16.36,349520.11,108069.21,327906.27,24,16,40,1
48795_8127D3BC0,48795,2022-09-01 01:54:00,2022-09-10 22:49:00,16.32,10299.9,0.0,9299.9,0,40,40,0
118_8120035E0,118,2022-09-01 03:33:00,2022-09-10 21:59:00,16.25,288446205.5,0.0,288445205.5,0,40,40,0
142836_8105EFC10,142836,2022-09-01 03:04:00,2022-09-10 03:19:00,16.27,5719.7,0.0,4719.7,0,40,40,0
243947_8101CDA80,243947,2022-09-01 07:02:00,2022-09-10 15:22:00,16.11,59488.5,0.0,58488.5,0,40,40,0
119_811BD0060,119,2022-09-01 00:00:00,2022-09-10 08:59:00,16.4,11963.55,59748.64,13.82,38,1,39,1
119_8127C3D40,119,2022-09-01 00:21:00,2022-09-10 13:52:00,16.39,4603507.99,864677.78,4430572.43,16,23,39,0
119_811C1E540,119,2022-09-01 00:02:00,2022-09-10 19:40:00,16.4,703448.38,718411.95,559765.99,20,19,39,0
119_811DA34A0,119,2022-09-01 00:24:00,2022-09-09 18:39:00,16.39,216976.37,288558.81,159264.61,22,17,39,0
1198_80FD28AC0,1198,2022-09-01 02:05:00,2022-09-09 10:27:00,16.32,32705975.95,13552.35,32703265.48,35,4,39,0
119_811A77B80,119,2022-09-01 00:06:00,2022-09-10 11:15:00,16.4,13037.8,3417.8,12354.24,30,9,39,0
119_80FD5DA00,119,2022-09-01 00:04:00,2022-09-10 00:47:00,16.4,53819.09,119613.76,29896.34,22,17,39,0
119_8109C7D70,119,2022-09-01 00:26:00,2022-09-10 08:25:00,16.38,93564.11,25871.74,88389.76,2,36,38,0
119_810A24C20,119,2022-09-01 00:05:00,2022-09-10 21:10:00,16.4,209519.85,72017.07,195116.44,2,36,38,0
119_810032D70,119,2022-09-01 01:07:00,2022-09-10 16:51:00,16.36,10086.31,960.39,9894.23,1,37,38,0
119_8100D3B80,119,2022-09-01 00:11:00,2022-09-10 15:03:00,16.39,503513.49,44983.8,494516.73,15,23,38,0
119_80FDC81A0,119,2022-09-01 00:28:00,2022-09-09 17:53:00,16.38,31272.87,71301.19,17012.63,23,15,38,0
119_80FFBBA20,119,2022-09-01 08:47:00,2022-09-10 16:27:00,16.04,22373.07,0.0,21373.07,0,38,38,0
119_8108EFB50,119,2022-09-01 00:00:00,2022-09-10 07:51:00,16.4,1015491.11,94781.07,996534.9,37,1,38,0
119_810033970,119,2022-09-01 00:11:00,2022-09-09 18:54:00,16.39,21480.03,49236.91,11632.65,30,8,38,0
119_811E4EC90,119,2022-09-01 01:40:00,2022-09-10 04:19:00,16.33,15300.62,60441.66,3212.29,35,2,37,1
119_810A325A0,119,2022-09-01 00:01:00,2022-09-10 01:19:00,16.4,110638.67,79153.64,94807.94,23,14,37,0
119_81168FD10,119,2022-09-01 00:05:00,2022-09-10 07:10:00,16.4,800809.97,183091.46,764191.68,2,35,37,0
143242_81003BD90,143242,2022-09-01 07:47:00,2022-09-10 05:52:00,16.08,316041.23,166935.16,282654.2,7,30,37,0
119_811318BF0,119,2022-09-01 04:08:00,2022-09-10 07:47:00,16.23,12927.41,956.41,12736.13,1,36,37,0
119_810D1AC70,119,2022-09-01 00:01:00,2022-09-10 20:17:00,16.4,1303204.51,117138.67,1279776.78,36,1,37,0
119_812D434B0,119,2022-09-01 00:16:00,2022-09-10 21:55:00,16.39,61788.11,47947.88,52198.53,2,34,36,0
121_8000DEA10,121,2022-09-01 20:37:00,2022-09-09 05:20:00,15.54,4455417.83,22277089.14,0.0,36,0,36,0
119_81066C010,119,2022-09-01 00:07:00,2022-09-09 15:22:00,16.4,1750206.65,8750996.83,7.28,35,1,36,0
119_8123B1F50,119,2022-09-01 02:04:00,2022-09-10 00:28:00,16.32,3539413.77,2931681.41,2953077.49,1,35,36,0
119_80FD4BC90,119,2022-09-01 00:07:00,2022-09-09 18:28:00,16.4,58303.29,283641.52,1574.99,21,15,36,0
119_80FEC73E0,119,2022-09-01 00:32:00,2022-09-10 16:54:00,16.38,406497.04,462996.77,313897.69,34,2,36,0
119_811A4FFF0,119,2022-09-01 13:48:00,2022-09-10 09:22:00,15.83,964724.42,2697306.3,425263.16,33,3,36,0
119_81137DF60,119,2022-09-01 01:31:00,2022-09-10 11:25:00,16.34,630431.22,400767.2,550277.78,1,35,36,0
119_80FEC5040,119,2022-09-01 05:54:00,2022-09-09 20:50:00,16.16,51421.63,31879.35,45045.76,5,31,36,0
119_811A00D10,119,2022-09-01 00:05:00,2022-09-10 21:08:00,16.4,1651179.34,1369657.91,1377247.76,21,15,36,0
119_8078FF6E0,119,2022-09-01 00:19:00,2022-09-10 03:02:00,16.39,90768.03,212914.96,48185.04,17,18,35,0
143496_8112C1000,143496,2022-09-01 17:07:00,2022-09-09 00:23:00,15.69,3686.95,0.0,2686.95,0,35,35,0
243947_8100F0E90,243947,2022-09-01 00:31:00,2022-09-09 22:23:00,16.38,14122.76,0.0,13122.76,0,35,35,0
223_811B889D0,223,2022-09-01 05:14:00,2022-09-10 00:38:00,16.18,3329.07,6409.24,2047.22,21,14,35,0
245558_81136EB60,245558,2022-09-01 15:44:00,2022-09-09 11:16:00,15.75,731787.89,0.0,730787.89,0,35,35,0
144225_810567EF0,144225,2022-09-01 01:32:00,2022-09-09 17:24:00,16.34,21924.12,0.0,20924.12,0,35,35,0
1198_80FED0690,1198,2022-09-01 01:34:00,2022-09-09 23:59:00,16.34,101545.81,7613.34,100023.14,7,28,35,0
249118_811E02B50,249118,2022-09-01 09:39:00,2022-09-09 20:57:00,16.0,189903286.7,0.0,189902286.7,0,35,35,0
44866_810A88910,44866,2022-09-01 04:05:00,2022-09-09 01:22:00,16.23,1580.79,0.0,580.79,0,35,35,0
143242_810C18240,143242,2022-09-01 05:15:00,2022-09-09 03:14:00,16.18,234441.74,0.0,233441.74,0,35,35,0
119_8112C7F50,119,2022-09-01 03:19:00,2022-09-09 15:24:00,16.26,103627.38,2143.45,103198.69,3,32,35,0
119_810F29290,119,2022-09-01 00:16:00,2022-09-09 21:50:00,16.39,135313.05,472519.74,40809.1,5,30,35,0
119_811C17230,119,2022-09-01 00:46:00,2022-09-10 21:05:00,16.37,18877.91,2457.63,18386.38,14,21,35,0
113_810932280,113,2022-09-01 03:32:00,2022-09-09 18:58:00,16.25,376789.82,0.0,375789.82,0,35,35,0
222_811B75460,222,2022-09-01 05:01:00,2022-09-09 22:19:00,16.19,56684535.08,1302178.36,56424099.41,14,21,35,0
148016_811C535F0,148016,2022-09-01 11:05:00,2022-09-09 00:15:00,15.94,66204.68,331023.42,0.0,35,0,35,0
243897_8100720F0,243897,2022-09-01 16:00:00,2022-09-09 22:51:00,15.74,64477.21,322386.05,0.0,35,0,35,0
121_800050D30,121,2022-09-01 00:40:00,2022-09-09 22:22:00,16.37,1945.24,9726.22,0.0,35,0,35,0
48211_811DC2D20,48211,2022-09-01 03:30:00,2022-09-09 08:55:00,16.26,394226.61,0.0,393226.61,0,35,35,0
119_811BCA6F0,119,2022-09-01 00:22:00,2022-09-10 16:45:00,16.39,27843.96,4112.96,27021.37,31,4,35,0
142836_80FE0D6A0,142836,2022-09-01 09:31:00,2022-09-09 16:58:00,16.01,43640094.99,218009903.79,38114.23,21,14,35,0
142836_80FE0D310,142836,2022-09-01 15:04:00,2022-09-09 11:17:00,15.77,6303.85,31519.25,0.0,35,0,35,0
43049_80FDBE970,43049,2022-09-01 12:00:00,2022-09-09 13:28:00,15.9,724199.89,0.0,723199.89,0,35,35,0
119_8109A61E0,119,2022-09-01 06:04:00,2022-09-09 23:14:00,16.15,9294386.54,41532.59,9286080.02,16,19,35,0
119_811FD64D0,119,2022-09-01 00:16:00,2022-09-09 18:24:00,16.39,67191.32,46914.94,57808.33,4,30,34,0
119_8108C31C0,119,2022-09-01 02:17:00,2022-09-09 21:23:00,16.31,12710.1,18010.66,9107.97,17,17,34,0
220_80FDFFF20,220,2022-09-01 08:20:00,2022-09-10 03:13:00,16.05,28011.98,0.0,27011.98,0,34,34,0
142836_80FDC1370,142836,2022-09-01 16:37:00,2022-09-10 09:45:00,15.71,8572.95,11064.8,6359.99,20,14,34,0
119_811A685E0,119,2022-09-01 00:13:00,2022-09-10 20:24:00,16.39,70358.58,91257.95,52106.99,8,26,34,0
43049_81000C030,43049,2022-09-01 07:36:00,2022-09-10 14:28:00,16.09,86247.72,0.0,85247.72,0,34,34,0
119_811A6D930,119,2022-09-01 00:01:00,2022-09-09 00:59:00,16.4,22369263.43,425221.37,22284219.16,4,30,34,0
223_811BF80C0,223,2022-09-01 20:30:00,2022-09-10 19:26:00,15.55,21877.43,51305.7,11616.29,20,14,34,0
142836_80FDB4F20,142836,2022-09-01 08:35:00,2022-09-10 18:16:00,16.04,4435.23,22176.13,0.0,34,0,34,0
119_80FD6EEE0,119,2022-09-01 00:02:00,2022-09-10 15:54:00,16.4,69310.72,188913.28,31528.06,30,4,34,0
142950_80FE53E80,142950,2022-09-01 05:42:00,2022-09-10 08:25:00,16.16,18351.11,48871.1,8576.89,20,14,34,0
121_811A524A0,121,2022-09-01 00:03:00,2022-09-10 07:23:00,16.4,17591.57,14377.37,14716.1,14,20,34,0
121_8119FD5C0,121,2022-09-01 08:33:00,2022-09-10 18:19:00,16.05,7732.01,22082.55,3315.5,14,20,34,0
217_80FD363F0,217,2022-09-01 02:04:00,2022-09-10 23:14:00,16.32,35499.6,41392.1,27221.18,20,14,34,0
121_811C40540,121,2022-09-01 05:06:00,2022-09-10 15:37:00,16.19,139376.52,0.0,138376.52,0,34,34,0
243897_810005060,243897,2022-09-01 20:03:00,2022-09-10 15:27:00,15.57,7820.25,39101.23,0.0,34,0,34,0
118_8000DA480,118,2022-09-01 12:08:00,2022-09-10 09:27:00,15.9,1722.54,8612.7,0.0,34,0,34,0
119_8100D4FB0,119,2022-09-01 08:38:00,2022-09-10 13:17:00,16.04,115255.48,25744.68,110106.54,19,15,34,0
244192_81018C550,244192,2022-09-01 04:16:00,2022-09-10 07:24:00,16.22,6952.83,34764.15,0.0,34,0,34,0
119_8109F1870,119,2022-09-01 00:01:00,2022-09-09 18:48:00,16.4,112338.35,1336.16,112071.12,2,32,34,0
119_811C3D540,119,2022-09-01 20:41:00,2022-09-10 04:27:00,15.54,22016.73,0.0,21016.73,0,34,34,0
119_810F28350,119,2022-09-01 00:00:00,2022-09-09 22:55:00,16.4,145115.52,26872.76,139740.97,2,32,34,0
119_811C06060,119,2022-09-01 00:22:00,2022-09-10 14:13:00,16.39,210389.62,935993.71,23190.88,11,23,34,0
223_8000DD8E0,223,2022-09-01 14:14:00,2022-09-10 00:28:00,15.81,5095.34,25476.71,0.0,34,0,34,0
119_80FDB5470,119,2022-09-01 00:29:00,2022-09-09 02:53:00,16.38,555532.85,488939.35,457744.98,30,3,33,0
121_8000DC210,121,2022-09-01 00:31:00,2022-09-10 02:21:00,16.38,45725.69,228628.43,0.0,33,0,33,0
119_8100F7220,119,2022-09-01 00:23:00,2022-09-09 08:21:00,16.39,13206.25,3583.7,12489.51,15,18,33,0
119_8100EF900,119,2022-09-01 00:01:00,2022-09-09 10:34:00,16.4,127180.34,579638.47,11252.65,19,14,33,0
119_8100E8DE0,119,2022-09-01 11:37:00,2022-09-09 03:43:00,15.92,413086.47,1494747.71,114136.93,28,5,33,0
119_80FD6C740,119,2022-09-01 10:19:00,2022-09-09 17:20:00,15.97,1056346.16,927533.11,870839.54,14,19,33,0
119_81020AE80,119,2022-09-01 15:45:00,2022-09-10 09:39:00,15.75,1421.08,3486.89,723.7,2,31,33,0
119_810D288E0,119,2022-09-01 13:36:00,2022-09-09 18:47:00,15.84,7166132.54,41611.33,7157810.27,3,30,33,0
119_81285B5B0,119,2022-09-01 00:07:00,2022-09-10 19:53:00,16.4,2424168.49,1927244.9,2038719.51,22,11,33,0
119_811413440,119,2022-09-01 11:15:00,2022-09-10 23:54:00,15.93,59358.21,30594.3,53239.35,21,12,33,0
119_8106281D0,119,2022-09-01 00:10:00,2022-09-10 12:17:00,16.4,3609556.13,2834524.53,3042651.22,6,27,33,0
1198_81000C4E0,1198,2022-09-01 00:14:00,2022-09-10 02:24:00,16.39,8484.47,0.0,7484.47,0,33,33,0
222_811B6EEF0,222,2022-09-01 22:00:00,2022-09-10 09:22:00,15.49,3885602.17,8029824.85,2279637.2,3,30,33,0
119_81085C9A0,119,2022-09-01 00:08:00,2022-09-09 21:21:00,16.4,33078878.19,3018438.68,32475190.45,11,22,33,0
119_81235CFE0,119,2022-09-01 02:06:00,2022-09-10 04:48:00,16.31,805541.36,3914.82,804758.4,4,29,33,0
119_810CC77C0,119,2022-09-01 00:24:00,2022-09-10 12:16:00,16.39,985204.42,326325.54,919939.31,8,25,33,0
223_811B8B510,223,2022-09-01 18:44:00,2022-09-10 15:07:00,15.62,1347319.3,30175.83,1341284.13,32,1,33,0
246162_810CEF370,246162,2022-09-01 13:30:00,2022-09-09 06:56:00,15.84,38136.57,0.0,37136.57,0,32,32,0
220_8000D5DC0,220,2022-09-01 13:31:00,2022-09-10 09:50:00,15.84,972.85,4864.23,0.0,32,0,32,0
119_812370970,119,2022-09-01 00:00:00,2022-09-09 06:53:00,16.4,150444.24,2949.71,149854.3,15,17,32,0
223_811C57D00,223,2022-09-01 03:38:00,2022-09-10 07:29:00,16.25,4991.79,4483.94,4095.0,22,10,32,0
119_81053ABA0,119,2022-09-01 00:28:00,2022-09-10 00:10:00,16.38,94865126.95,10027698.4,92859587.27,31,1,32,0
119_811E4F910,119,2022-09-01 00:23:00,2022-09-09 12:38:00,16.39,239015.03,85643.18,221886.39,3,29,32,0
14_810AB5290,14,2022-09-01 12:01:00,2022-09-10 16:54:00,15.9,12156.64,0.0,11156.64,0,32,32,0
119_810085750,119,2022-09-01 00:14:00,2022-09-09 21:10:00,16.39,49664.17,6036.85,48456.8,2,30,32,0
48309_8123D5770,48309,2022-09-01 09:15:00,2022-09-10 07:12:00,16.02,52606.22,262681.0,70.02,30,2,32,0
119_81012E820,119,2022-09-01 05:04:00,2022-09-09 21:10:00,16.19,19528.0,22109.34,15106.13,15,17,32,0
119_80FD2CB60,119,2022-09-01 00:18:00,2022-09-10 00:35:00,16.39,12805.09,3377.89,12129.51,2,29,31,0
119_811BD10D0,119,2022-09-01 00:07:00,2022-09-10 17:09:00,16.4,13833710.95,25953950.9,8642920.77,27,4,31,0
148016_811BF6340,148016,2022-09-01 15:37:00,2022-09-09 00:27:00,15.75,25765.97,0.0,24765.97,0,31,31,0
119_811C569A0,119,2022-09-01 19:04:00,2022-09-10 15:59:00,15.61,234536.19,1172680.95,0.0,31,0,31,0
222_811B69E60,222,2022-09-01 00:15:00,2022-09-09 13:41:00,16.39,128484.26,497376.38,29008.98,17,14,31,0
44650_810906130,44650,2022-09-01 19:33:00,2022-09-10 07:10:00,15.59,116468.64,565253.8,3417.88,30,1,31,0
148350_8122DCE00,148350,2022-09-01 04:09:00,2022-09-10 18:56:00,16.23,417706.74,4778.22,416751.1,1,30,31,0
48211_811A71520,48211,2022-09-01 13:48:00,2022-09-10 04:24:00,15.83,2481.71,12408.54,0.0,31,0,31,0
119_80FF95550,119,2022-09-01 13:34:00,2022-09-09 17:18:00,15.84,28534455.56,142050849.92,124285.58,21,10,31,0
119_811A83550,119,2022-09-01 00:17:00,2022-09-10 22:05:00,16.39,2985350.65,1294634.13,2726423.82,30,1,31,0
222_811F1D5A0,222,2022-09-01 14:38:00,2022-09-10 16:59:00,15.79,6434.48,0.0,5434.48,0,31,31,0
119_811EFA110,119,2022-09-01 00:10:00,2022-09-09 17:14:00,16.4,57953.35,12334.99,55486.35,15,16,31,0
119_812008530,119,2022-09-01 18:50:00,2022-09-04 00:28:00,15.62,126527.34,53316.25,115864.09,3,28,31,0
119_811D7A6E0,119,2022-09-01 00:04:00,2022-09-10 03:28:00,16.4,1543872.54,1254756.89,1292921.16,16,15,31,0
43462_810514E30,43462,2022-09-01 18:00:00,2022-09-10 03:29:00,15.65,7303.7,0.0,6303.7,0,30,30,0
223_811D72AC0,223,2022-09-01 04:32:00,2022-09-10 04:48:00,16.21,6571.94,32859.7,0.0,30,0,30,0
220_81054E890,220,2022-09-01 11:31:00,2022-09-10 19:50:00,15.92,17149.5,0.0,16149.5,0,30,30,0
44451_811352F50,44451,2022-09-01 11:00:00,2022-09-10 09:55:00,15.94,3763031.2,0.0,3762031.2,0,30,30,0
43735_8114DC000,43735,2022-09-01 14:01:00,2022-09-10 22:19:00,15.82,360441.0,0.0,359441.0,0,30,30,0
50202_812853670,50202,2022-09-01 16:12:00,2022-09-10 05:56:00,15.73,842328.4,0.0,841328.4,0,30,30,0
248857_8134060F0,248857,2022-09-01 14:45:00,2022-09-10 09:14:00,15.79,1829563.3,0.0,1828563.3,0,30,30,0
119_81237B090,119,2022-09-01 00:02:00,2022-09-10 00:29:00,16.4,5171407.66,29198.48,5165567.96,1,29,30,0
250068_812861290,250068,2022-09-01 13:12:00,2022-09-10 02:50:00,15.85,13328698.0,0.0,13327698.0,0,30,30,0
119_810F4CF60,119,2022-09-01 04:38:00,2022-09-09 16:24:00,16.21,294334.5,200634.85,254207.53,1,29,30,0
119_8105D94B0,119,2022-09-01 00:11:00,2022-09-10 21:08:00,16.39,17628.48,55500.77,6528.33,8,22,30,0
222_8119FD960,222,2022-09-01 18:53:00,2022-09-10 13:20:00,15.62,458185.6,2290928.0,0.0,30,0,30,0
43462_8101BD0C0,43462,2022-09-01 11:36:00,2022-09-10 19:10:00,15.92,29655.4,0.0,28655.4,0,30,30,0
250188_8127AEF20,250188,2022-09-01 12:19:00,2022-09-10 19:27:00,15.89,20694.0,0.0,19694.0,0,30,30,0
119_812ABF610,119,2022-09-01 10:36:00,2022-09-09 19:59:00,15.96,269670.39,0.0,268670.39,0,30,30,0
143242_8108A6590,143242,2022-09-01 19:06:00,2022-09-10 20:24:00,15.61,31065.4,0.0,30065.4,0,30,30,0
43049_81033B400,43049,2022-09-01 15:38:00,2022-09-10 12:10:00,15.75,11859.2,0.0,10859.2,0,30,30,0
243614_80FE01370,243614,2022-09-01 03:01:00,2022-09-10 22:27:00,16.28,98841.6,0.0,97841.6,0,30,30,0
14_8000D1140,14,2022-09-01 03:44:00,2022-09-09 15:56:00,16.25,64280.13,321400.64,0.0,30,0,30,0
217_810047850,217,2022-09-01 09:08:00,2022-09-10 22:23:00,16.02,13303.3,0.0,12303.3,0,30,30,0
119_8101B4C90,119,2022-09-01 00:01:00,2022-09-09 18:31:00,16.4,833228.15,519927.54,729242.64,4,26,30,0
119_811D62550,119,2022-09-01 02:10:00,2022-09-10 04:16:00,16.31,734774.15,422939.53,650186.24,4,26,30,0
1198_80FD2DB70,1198,2022-09-01 10:35:00,2022-09-10 15:44:00,15.96,18193.28,90966.4,0.0,30,0,30,0
11_8066621F0,11,2022-09-01 15:00:00,2022-09-10 08:07:00,15.78,2941.88,14709.4,0.0,30,0,30,0
119_810ED36C0,119,2022-09-01 00:29:00,2022-09-09 13:10:00,16.38,37885.38,16.66,36902.04,1,29,30,0
48526_81237E330,48526,2022-09-01 20:16:00,2022-09-10 01:13:00,15.56,168277.9,0.0,167277.9,0,30,30,0
247280_8117E2210,247280,2022-09-01 08:46:00,2022-09-10 05:23:00,16.04,49482078.0,0.0,49481078.0,0,30,30,0
148348_811F3AD40,148348,2022-09-01 18:41:00,2022-09-10 01:07:00,15.62,492194.34,2460971.7,0.0,30,0,30,0
119_81135B850,119,2022-09-01 00:28:00,2022-09-09 15:29:00,16.38,1025659.76,857453.12,854169.14,15,15,30,0
217_80FD6F0D0,217,2022-09-01 12:33:00,2022-09-10 01:13:00,15.88,40520.9,0.0,39520.9,0,30,30,0
119_811B6E2B0,119,2022-09-01 00:01:00,2022-09-09 17:40:00,16.4,51835.48,36899.11,44455.66,21,9,30,1
149340_812D13EA0,149340,2022-09-01 07:31:00,2022-09-10 17:54:00,16.09,10188.5,0.0,9188.5,0,30,30,0
245748_810B97D90,245748,2022-09-01 11:33:00,2022-09-10 07:28:00,15.92,178085.0,0.0,177085.0,0,30,30,0
118_811E959E0,118,2022-09-01 03:08:00,2022-09-10 18:59:00,16.27,2709235.2,0.0,2708235.2,0,30,30,0
48211_811B952E0,48211,2022-09-01 09:25:00,2022-09-10 13:20:00,16.01,9159.73,45798.66,0.0,30,0,30,0
43049_80FDBF9B0,43049,2022-09-01 16:01:00,2022-09-10 16:51:00,15.73,25194.3,0.0,24194.3,0,30,30,0
118_811A4C660,118,2022-09-01 11:41:00,2022-09-10 20:55:00,15.92,143273.0,716365.0,0.0,30,0,30,0
48211_811B96BA0,48211,2022-09-01 10:06:00,2022-09-10 05:59:00,15.98,164221.2,0.0,163221.2,0,30,30,0
222_811C36D20,222,2022-09-01 13:03:00,2022-09-10 15:23:00,15.86,783.82,3919.1,0.0,30,0,30,0
142836_810819E90,142836,2022-09-01 08:37:00,2022-09-10 08:58:00,16.04,9575.2,0.0,8575.2,0,30,30,0
222_811DD7840,222,2022-09-01 21:16:00,2022-09-10 16:45:00,15.52,5104.2,0.0,4104.2,0,30,30,0
45566_810F23C20,45566,2022-09-01 01:31:00,2022-09-10 11:25:00,16.34,27241.18,136205.9,0.0,30,0,30,0
119_8115A0110,119,2022-09-01 15:12:00,2022-09-09 23:53:00,15.77,197819.14,4.71,196823.85,1,29,30,0
223_811BB9F20,223,2022-09-01 03:06:00,2022-09-10 08:16:00,16.27,245085.8,0.0,244085.8,0,30,30,0
48526_811DA02F0,48526,2022-09-01 13:19:00,2022-09-10 03:48:00,15.85,2910.0,0.0,1910.0,0,30,30,0
121_812833040,121,2022-09-01 21:31:00,2022-09-10 19:44:00,15.51,69149.0,0.0,68149.0,0,30,30,0
48308_811E38990,48308,2022-09-01 02:32:00,2022-09-10 18:28:00,16.3,28965.6,0.0,27965.6,0,30,30,0
113_80FD47490,113,2022-09-01 23:33:00,2022-09-10 11:26:00,15.42,20129.32,100646.6,0.0,30,0,30,0
220_811338330,220,2022-09-01 04:01:00,2022-09-10 04:23:00,16.23,2501.0,0.0,1501.0,0,30,30,0
222_811A6EDB0,222,2022-09-01 21:34:00,2022-09-09 20:58:00,15.5,15977.64,15614.57,12854.73,16,14,30,0
119_8120D3070,119,2022-09-01 00:24:00,2022-09-10 00:47:00,16.39,166274.72,134977.92,139279.14,1,29,30,0
243947_8101565F0,243947,2022-09-01 15:45:00,2022-09-10 04:50:00,15.75,939.2,60.8,0.0,30,0,30,0
43460_810195760,43460,2022-09-01 17:33:00,2022-09-10 15:53:00,15.67,1482.7,7413.5,0.0,30,0,30,0
119_81341FF90,119,2022-09-01 10:19:00,2022-09-09 16:56:00,15.97,8486566.16,112254.71,8464115.22,1,29,30,0
48211_811DD50C0,48211,2022-09-01 19:04:00,2022-09-10 02:28:00,15.61,1155398.3,0.0,1154398.3,0,30,30,0
143242_8100696C0,143242,2022-09-01 12:13:00,2022-09-10 17:56:00,15.89,159713250.2,0.0,159712250.2,0,30,30,0
119_8112FFB70,119,2022-09-01 00:01:00,2022-09-09 14:44:00,16.4,58790.28,25657.7,53658.74,2,27,29,0
119_810C70E00,119,2022-09-01 00:06:00,2022-09-09 20:21:00,16.4,123093.53,131842.72,96724.99,9,20,29,0
119_810CDFA80,119,2022-09-01 03:10:00,2022-09-09 22:29:00,16.27,125228.14,6890.56,123850.03,4,25,29,0
119_8113AA5E0,119,2022-09-01 00:06:00,2022-09-10 21:18:00,16.4,16901291.67,4142.61,16900463.15,3,26,29,0
119_811DC8130,119,2022-09-01 00:24:00,2022-09-09 07:52:00,16.39,100486.82,24467.54,95593.31,2,27,29,0
119_8105D7370,119,2022-09-01 09:11:00,2022-09-09 19:58:00,16.02,30472.03,11763.01,28119.43,14,15,29,0
119_812353920,119,2022-09-01 14:10:00,2022-09-09 19:25:00,15.81,43314.04,2455.32,42822.98,14,15,29,0
119_8114DCBA0,119,2022-09-01 00:18:00,2022-09-10 21:21:00,16.39,13875.26,3167.2,13241.82,3,26,29,0
119_81093F050,119,2022-09-01 09:10:00,2022-09-10 07:02:00,16.02,6243.06,11042.21,4034.62,17,12,29,0
43049_810BB4A30,43049,2022-09-01 15:35:00,2022-09-10 08:10:00,15.75,4952.97,2212.14,4510.54,28,1,29,0
119_81186EC60,119,2022-09-01 08:00:00,2022-09-09 09:21:00,16.07,16493.58,0.0,15493.58,0,29,29,0
119_8119F6860,119,2022-09-01 01:28:00,2022-09-09 14:21:00,16.34,98378.02,11110.61,96155.9,1,28,29,0
119_80FECCF30,119,2022-09-01 00:12:00,2022-09-10 18:16:00,16.39,706491.46,1138774.73,478736.51,6,23,29,0
121_811A76F20,121,2022-09-01 19:30:00,2022-09-10 04:16:00,15.59,11926466.0,64953.22,11913475.36,3,26,29,0
119_811B737F0,119,2022-09-01 03:07:00,2022-09-09 15:20:00,16.27,179540.47,339667.28,111607.01,21,8,29,0
45000_810C5D450,45000,2022-09-01 17:40:00,2022-09-09 23:24:00,15.67,4236.24,0.0,3236.24,0,28,28,0
43460_810D6AE70,43460,2022-09-01 14:43:00,2022-09-09 01:56:00,15.79,5137.49,0.0,4137.49,0,28,28,0
44650_810EC4CC0,44650,2022-09-01 13:32:00,2022-09-09 01:48:00,15.84,2462917.57,0.0,2461917.57,0,28,28,0
121_8000DF660,121,2022-09-01 20:04:00,2022-09-09 13:19:00,15.57,17853.42,89267.08,0.0,28,0,28,0
119_812ABEF40,119,2022-09-01 00:25:00,2022-09-10 20:20:00,16.38,11366.17,298.11,10664.28,1,27,28,0
119_810A85A80,119,2022-09-01 00:09:00,2022-09-10 18:29:00,16.4,183439.49,108870.94,161665.3,2,26,28,0
220_80FF9A860,220,2022-09-01 17:00:00,2022-09-09 12:53:00,15.69,717001.3,0.0,716001.3,0,28,28,0
119_8127BEE20,119,2022-09-01 20:04:00,2022-09-10 08:56:00,15.57,366087.87,297613.89,306565.09,1,27,28,0
223_811B970B0,223,2022-09-01 07:11:00,2022-09-09 12:52:00,16.1,242253.32,0.0,241253.32,0,28,28,0
243614_80FF82FC0,243614,2022-09-01 08:45:00,2022-09-09 05:59:00,16.04,24642.71,0.0,23642.71,0,28,28,0
48211_811C2DED0,48211,2022-09-01 15:45:00,2022-09-09 14:13:00,15.75,5663597.74,18382.42,5659921.26,14,14,28,0
119_811A7B680,119,2022-09-01 00:27:00,2022-09-09 04:24:00,16.38,119132.52,43929.14,110346.69,2,26,28,0
48795_812D417A0,48795,2022-09-01 15:32:00,2022-09-09 11:20:00,15.75,12145141.52,0.0,12144141.52,0,28,28,0
43049_80FF8DE30,43049,2022-09-01 07:01:00,2022-09-09 19:53:00,16.11,18534.04,92670.2,0.0,28,0,28,0
14_810669DD0,14,2022-09-01 22:33:00,2022-09-09 18:47:00,15.46,1423144.83,7115724.14,0.0,28,0,28,0
243614_810649D60,243614,2022-09-01 00:01:00,2022-09-09 18:48:00,16.4,21272.92,106364.58,0.0,28,0,28,0
119_80FFB84A0,119,2022-09-01 00:19:00,2022-09-10 21:49:00,16.39,131968.84,195625.44,92843.75,26,2,28,0
217_80FD40C40,217,2022-09-01 04:04:00,2022-09-09 03:48:00,16.23,6894.72,34473.6,0.0,28,0,28,0
119_811FDD490,119,2022-09-01 09:10:00,2022-09-09 21:58:00,16.02,48773.04,17556.36,45261.77,16,12,28,0
243947_81036B970,243947,2022-09-01 01:08:00,2022-09-09 23:58:00,16.35,3904.02,0.0,2904.02,0,28,28,0
244818_810ED4450,244818,2022-09-01 11:43:00,2022-09-09 12:29:00,15.91,8804.08,44020.41,0.0,28,0,28,0
43049_80FDECCC0,43049,2022-09-01 08:06:00,2022-09-09 15:27:00,16.06,35007.19,0.0,34007.19,0,28,28,0
244187_81017F070,244187,2022-09-01 20:41:00,2022-09-09 05:21:00,15.54,31646.41,158232.06,0.0,28,0,28,0
144225_8107994A0,144225,2022-09-01 06:37:00,2022-09-09 18:26:00,16.13,12767.98,0.0,11767.98,0,28,28,0
14_81000B520,14,2022-09-01 22:03:00,2022-09-09 18:55:00,15.48,361173.41,1805867.07,0.0,28,0,28,0
148350_8133FCE00,148350,2022-09-01 02:04:00,2022-09-09 23:24:00,16.32,14605.76,0.0,13605.76,0,28,28,0
148350_812D0C3C0,148350,2022-09-01 20:37:00,2022-09-09 22:22:00,15.54,116514.21,0.0,115514.21,0,28,28,0
118_811BAF8C0,118,2022-09-01 22:18:00,2022-09-09 08:48:00,15.47,6955113.32,0.0,6954113.32,0,28,28,0
149345_8129DA9A0,149345,2022-09-01 07:21:00,2022-09-09 17:24:00,16.1,167305.58,0.0,166305.58,0,28,28,0
148389_8123E1E50,148389,2022-09-01 07:00:00,2022-09-09 09:58:00,16.11,2394.19,0.0,1394.19,0,28,28,0
243614_80FF6F5B0,243614,2022-09-01 11:04:00,2022-09-09 02:53:00,15.94,34939.29,0.0,33939.29,0,28,28,0
118_811A79C40,118,2022-09-01 05:32:00,2022-09-09 05:29:00,16.17,128908.9,0.0,127908.9,0,28,28,0
48681_81241C670,48681,2022-09-01 08:30:00,2022-09-09 14:27:00,16.05,3772.14,0.0,2772.14,0,28,28,0
142836_813A79980,142836,2022-09-01 13:32:00,2022-09-09 21:57:00,15.84,230309996.96,0.0,230308996.96,0,28,28,0
222_811F2CED0,222,2022-09-01 18:39:00,2022-09-09 12:14:00,15.62,4190022.89,20950114.43,0.0,28,0,28,0
142836_8106458E0,142836,2022-09-01 19:33:00,2022-09-09 16:19:00,15.59,80425.78,0.0,79425.78,0,28,28,0
45304_8112EA750,45304,2022-09-01 04:31:00,2022-09-09 14:26:00,16.21,205102.22,0.0,204102.22,0,28,28,0
148389_81236FE70,148389,2022-09-01 21:04:00,2022-09-09 00:59:00,15.52,2550.01,0.0,1550.01,0,28,28,0
149340_8129EB930,149340,2022-09-01 16:30:00,2022-09-09 16:53:00,15.71,190882.77,0.0,189882.77,0,28,28,0
119_8118AAFE0,119,2022-09-01 02:13:00,2022-09-10 10:09:00,16.31,19480399.95,1422.54,19480115.44,2,26,28,0
142950_81035E1A0,142950,2022-09-01 16:14:00,2022-09-09 09:22:00,15.73,23214.92,0.0,22214.92,0,28,28,0
113_8000D09B0,113,2022-09-01 10:08:00,2022-09-09 07:52:00,15.98,2406.94,12034.68,0.0,28,0,28,0
223_811B93470,223,2022-09-01 09:06:00,2022-09-09 03:19:00,16.02,12666.48,0.0,11666.48,0,28,28,0
144669_8115DC350,144669,2022-09-01 06:40:00,2022-09-09 20:46:00,16.12,14818.0,0.0,13818.0,0,28,28,0
119_8123EC770,119,2022-09-01 00:00:00,2022-09-10 05:48:00,16.4,368252.4,262886.47,315675.11,2,26,28,0
143496_810CF6080,143496,2022-09-01 15:12:00,2022-09-09 15:24:00,15.77,20467.79,102338.95,0.0,28,0,28,0
148016_811BF27C0,148016,2022-09-01 04:02:00,2022-09-09 23:21:00,16.23,24930.35,124651.73,0.0,28,0,28,0
119_80FD261B0,119,2022-09-01 09:45:00,2022-09-09 15:56:00,16.0,507670.24,2364859.43,34698.35,23,5,28,0
119_810C1D0B0,119,2022-09-01 00:10:00,2022-09-10 22:49:00,16.4,376533.26,266517.53,323229.75,2,26,28,0
148016_811DD3C40,148016,2022-09-01 18:19:00,2022-09-09 13:55:00,15.64,4116789.74,20583948.7,0.0,28,0,28,0
119_811D57270,119,2022-09-01 00:09:00,2022-09-10 20:17:00,16.4,92826642.1,74842.79,92811673.54,2,26,28,0
119_810BB50F0,119,2022-09-01 00:04:00,2022-09-10 09:23:00,16.4,16458.55,4510.54,15556.44,1,27,28,0
148350_811DA6580,148350,2022-09-01 13:03:00,2022-09-09 17:27:00,15.86,248989.69,1244948.46,0.0,28,0,28,0
119_810D01FB0,119,2022-09-01 00:29:00,2022-09-10 06:58:00,16.38,195586.0,112566.78,173072.64,2,26,28,0
148348_812857670,148348,2022-09-01 04:15:00,2022-09-09 07:57:00,16.23,1491502.93,0.0,1490502.93,0,28,28,0
148016_8133FD4D0,148016,2022-09-01 14:00:00,2022-09-09 19:20:00,15.82,10545.55,0.0,9545.55,0,28,28,0
44650_81089FEE0,44650,2022-09-01 20:34:00,2022-09-09 01:38:00,15.55,86186.63,430933.16,0.0,28,0,28,0
119_810BD99E0,119,2022-09-01 00:00:00,2022-09-10 06:57:00,16.4,3191758.69,2498609.64,2692036.76,3,25,28,0
243614_811940250,243614,2022-09-01 10:02:00,2022-09-09 16:28:00,15.98,1323.61,0.0,323.61,0,28,28,0
248857_811DB5200,248857,2022-09-01 07:37:00,2022-09-09 02:55:00,16.08,11773934.88,0.0,11772934.88,0,28,28,0
217_8107D2B10,217,2022-09-01 04:00:00,2022-09-09 22:20:00,16.24,7750.33,38751.65,0.0,28,0,28,0
249176_8123E29F0,249176,2022-09-01 15:40:00,2022-09-09 14:28:00,15.75,24886.17,0.0,23886.17,0,28,28,0
223_811A4A580,223,2022-09-01 10:35:00,2022-09-10 04:16:00,15.96,3319.3,16596.49,0.0,27,0,27,0
119_80FFB8630,119,2022-09-01 00:04:00,2022-09-09 10:27:00,16.4,32906.12,129326.96,7040.73,5,22,27,0
119_811942AF0,119,2022-09-01 00:23:00,2022-09-10 08:29:00,16.39,14047.99,4.13,13052.12,1,26,27,0
119_811B8CBC0,119,2022-09-01 00:01:00,2022-09-09 23:49:00,16.4,310957.38,143067.73,282343.83,12,15,27,0
119_8119442A0,119,2022-09-01 00:26:00,2022-09-09 03:48:00,16.38,427225.16,291173.79,368990.4,1,26,27,0
119_811315190,119,2022-09-01 00:09:00,2022-09-10 16:26:00,16.4,4140042.93,24590.31,4135124.87,2,25,27,0
119_811365C30,119,2022-09-01 00:11:00,2022-09-09 17:00:00,16.39,108091.57,3100.84,107471.4,2,25,27,0
119_811C075D0,119,2022-09-01 00:15:00,2022-09-10 01:44:00,16.39,16730.6,62262.82,4278.04,23,4,27,0
118_811B93BA0,118,2022-09-01 02:10:00,2022-09-10 12:42:00,16.31,61391.18,249607.72,11469.64,23,4,27,0
119_810CCFD60,119,2022-09-01 00:06:00,2022-09-10 07:24:00,16.4,26723.4,37065.99,19310.2,2,25,27,0
118_8127A0000,118,2022-09-01 03:52:00,2022-09-09 16:54:00,16.24,23192.95,23269.47,18539.06,21,6,27,0
119_81064EC00,119,2022-09-01 00:02:00,2022-09-09 19:10:00,16.4,305632.03,94485.23,286734.98,9,18,27,0
220_80FD292D0,220,2022-09-01 00:04:00,2022-09-10 06:56:00,16.4,45514.56,163113.59,12891.84,23,4,27,0
119_8123D0060,119,2022-09-01 00:04:00,2022-09-10 14:59:00,16.4,472962.03,11556.81,470650.67,2,25,27,0
119_8127AA8D0,119,2022-09-01 00:03:00,2022-09-09 07:52:00,16.4,600878.1,503851.96,500107.71,22,5,27,0
119_810C42F20,119,2022-09-01 00:17:00,2022-09-10 20:52:00,16.39,1427731.22,583706.84,1310989.85,1,26,27,0
48309_811C599A0,48309,2022-09-01 00:04:00,2022-09-14 13:40:00,16.4,8358071.31,6620584.38,7033954.43,15,12,27,1
119_811A68950,119,2022-09-01 00:04:00,2022-09-10 20:24:00,16.4,2889.22,3459.46,2197.33,22,4,26,0
119_810014BE0,119,2022-09-01 19:26:00,2022-09-10 12:29:00,15.59,2022548.8,1773061.4,1667936.52,22,4,26,0
113_810059040,113,2022-09-01 09:41:00,2022-09-10 14:48:00,16.0,6746.0,0.0,5746.0,0,26,26,0
119_811FCD880,119,2022-09-01 00:03:00,2022-09-10 11:28:00,16.4,117160.81,93034.9,98553.83,2,24,26,0
119_8109923B0,119,2022-09-01 00:14:00,2022-09-10 00:14:00,16.39,1259205.89,160082.36,1227189.42,25,1,26,0
119_811A7A890,119,2022-09-01 00:07:00,2022-09-09 00:59:00,16.4,1497396.66,12.71,1496409.37,1,25,26,0
14_80FD512D0,14,2022-09-01 22:31:00,2022-09-10 00:47:00,15.46,13738.77,57556.84,2227.4,6,20,26,0
119_811B65D50,119,2022-09-01 00:23:00,2022-09-10 17:58:00,16.39,41417.04,1146.68,41187.7,1,25,26,0
119_80FF9D170,119,2022-09-01 00:03:00,2022-09-09 07:56:00,16.4,19557.69,88855.17,1786.66,24,2,26,0
119_810B9BF00,119,2022-09-01 00:17:00,2022-09-09 00:19:00,16.39,265424.31,219324.37,221559.44,3,23,26,0
119_811B98220,119,2022-09-01 10:06:00,2022-09-10 03:49:00,15.98,6737792.81,5625236.98,5612745.41,23,3,26,0
119_810070E40,119,2022-09-01 00:22:00,2022-09-10 09:55:00,16.39,10473.56,624.01,10097.57,1,25,26,0
119_80FDE28A0,119,2022-09-01 09:00:00,2022-09-10 20:57:00,16.03,15765.56,3075.77,15150.41,2,24,26,0
119_811BC9800,119,2022-09-01 05:14:00,2022-09-10 00:38:00,16.18,29432.8,19561.35,25520.53,1,25,26,0
119_8117C98B0,119,2022-09-01 00:17:00,2022-09-09 15:56:00,16.39,57447.24,3.53,56450.77,1,25,26,0
119_8113FF8B0,119,2022-09-01 03:03:00,2022-09-09 03:51:00,16.27,18101274.0,1779.77,18100918.05,3,23,26,0
119_811BE43C0,119,2022-09-01 01:23:00,2022-09-10 21:44:00,16.34,2554.53,54.82,1609.35,2,24,26,0
119_811C367B0,119,2022-09-01 00:03:00,2022-09-09 11:46:00,16.4,10953.08,50783.7,796.34,24,2,26,0
119_81051C550,119,2022-09-01 00:19:00,2022-09-10 02:28:00,16.39,270286.77,85826.81,253121.41,2,24,26,0
119_80FD47E40,119,2022-09-01 00:07:00,2022-09-10 19:51:00,16.4,1888497.88,9242904.49,39916.98,24,2,26,0
223_811B70F10,223,2022-09-01 21:02:00,2022-09-10 18:41:00,15.53,9243.79,46218.96,0.0,26,0,26,0
119_8129E1870,119,2022-09-01 01:53:00,2022-09-10 11:40:00,16.32,158325.65,104844.93,137356.66,2,24,26,0
119_80FD51FF0,119,2022-09-01 02:37:00,2022-09-10 04:27:00,16.29,942487.61,4244520.86,93583.44,23,3,26,0
119_811C5B190,119,2022-09-01 00:28:00,2022-09-10 21:35:00,16.38,4435827.12,4647.01,4434897.72,2,24,26,0
119_8109C1AF0,119,2022-09-01 14:57:00,2022-09-10 08:59:00,15.78,68480.75,29275.61,62625.63,1,25,26,0
119_81063DC20,119,2022-09-01 00:10:00,2022-09-09 16:47:00,16.4,51228.5,0.0,50228.5,0,26,26,0
119_81237DAE0,119,2022-09-01 04:44:00,2022-09-10 09:50:00,16.2,243900.39,185451.67,206810.06,1,24,25,0
243947_810678F90,243947,2022-09-01 06:15:00,2022-09-09 12:28:00,16.14,17345.26,24130.4,12519.18,21,4,25,0
119_8122CFB40,119,2022-09-01 01:20:00,2022-09-09 03:45:00,16.35,39841.67,131582.13,13525.24,23,2,25,0
119_81078A590,119,2022-09-01 00:28:00,2022-09-10 21:58:00,16.38,23069743.24,22.5,23068765.74,1,24,25,0
119_8121D4AA0,119,2022-09-01 00:08:00,2022-09-09 23:56:00,16.4,442346.73,1665162.17,109314.3,5,20,25,0
48526_81236ECD0,48526,2022-09-01 22:11:00,2022-09-10 14:59:00,15.48,207702.04,11033.8,205495.28,20,5,25,0
143430_8111FF990,143430,2022-09-01 00:16:00,2022-09-10 17:26:00,16.39,23029.17,0.0,22029.17,0,25,25,0
119_811C2CAE0,119,2022-09-01 00:29:00,2022-09-10 05:51:00,16.38,833851.73,1041269.07,625597.92,3,22,25,0
119_810A138E0,119,2022-09-01 00:02:00,2022-09-09 06:56:00,16.4,13892722.28,104957.72,13871730.74,2,23,25,0
119_810D6FEE0,119,2022-09-01 00:28:00,2022-09-09 16:17:00,16.38,16460.18,49786.42,6502.9,9,16,25,0
119_80FD26440,119,2022-09-01 00:32:00,2022-09-09 20:26:00,16.38,99575.23,7649.2,98045.39,3,22,25,0
119_80FD281D0,119,2022-09-01 00:22:00,2022-09-10 00:03:00,16.39,309066.2,13821.36,306301.93,24,1,25,0
119_811C3A470,119,2022-09-01 00:06:00,2022-09-10 12:47:00,16.4,326701.36,83211.49,310059.06,2,23,25,0
119_8117CBD20,119,2022-09-01 01:29:00,2022-09-09 18:37:00,16.34,104827.27,5930.19,103641.23,2,23,25,0
119_80FE1F850,119,2022-09-01 00:01:00,2022-09-10 15:27:00,16.4,462411229.44,434069.19,462324415.6,2,23,25,0
223_81282D810,223,2022-09-01 09:31:00,2022-09-10 19:53:00,16.01,72308.0,0.0,71308.0,0,25,25,0
119_811A88EA0,119,2022-09-01 10:02:00,2022-09-09 14:55:00,15.98,81326.43,2307.72,80864.89,4,21,25,0
119_80FEC4FF0,119,2022-09-01 14:01:00,2022-09-09 21:57:00,15.82,10011.29,46767.26,657.84,23,2,25,0
119_8119F8ED0,119,2022-09-01 00:23:00,2022-09-10 00:24:00,16.39,18654.48,1214.53,18411.57,24,1,25,0
119_8100D1170,119,2022-09-01 00:14:00,2022-09-09 06:50:00,16.39,78906.2,366268.88,5652.42,21,4,25,0
118_811A72C10,118,2022-09-01 11:18:00,2022-09-10 15:41:00,15.93,10596935.56,0.0,10595935.56,0,25,25,0
119_811322E40,119,2022-09-01 00:09:00,2022-09-10 13:54:00,16.4,415192.49,234947.13,368203.06,1,24,25,0
119_811C180A0,119,2022-09-01 03:32:00,2022-09-10 17:51:00,16.25,228770.89,19288.94,224913.1,2,23,25,0
119_811BB3390,119,2022-09-01 20:53:00,2022-09-09 17:56:00,15.53,19181.5,367.29,18548.79,22,3,25,0
119_811C552A0,119,2022-09-01 13:48:00,2022-09-09 19:37:00,15.83,338042.98,1678746.98,2293.58,14,10,24,0
119_810D51FD0,119,2022-09-01 00:13:00,2022-09-10 00:59:00,16.39,15745.02,1418.6,15461.3,2,22,24,0
119_8102270F0,119,2022-09-01 00:26:00,2022-09-10 08:24:00,16.38,124131.46,0.0,123131.46,0,24,24,0
119_8118AA570,119,2022-09-01 00:05:00,2022-09-10 11:10:00,16.4,217640.18,142749.48,189090.28,1,23,24,0
119_811849F40,119,2022-09-01 06:06:00,2022-09-10 17:59:00,16.15,56010.78,0.0,55010.78,0,24,24,0
119_8100080D0,119,2022-09-01 19:53:00,2022-09-09 15:27:00,15.57,3775.37,18837.22,7.93,23,1,24,0
14_80FD6B480,14,2022-09-01 01:39:00,2022-09-10 14:24:00,16.33,51436.57,9684.36,49499.7,4,20,24,0
119_8127A1830,119,2022-09-01 18:31:00,2022-09-10 23:56:00,15.63,30312.04,0.0,29312.04,0,24,24,0
148350_811DA7A80,148350,2022-09-01 23:12:00,2022-09-10 02:09:00,15.44,302962.5,0.0,301962.5,0,24,24,0
119_8000E1340,119,2022-09-01 00:10:00,2022-09-09 17:28:00,16.4,812454.75,4002086.51,12037.45,11,13,24,0
121_8000DB9C0,121,2022-09-01 21:00:00,2022-09-10 20:17:00,15.53,115718.07,578590.34,0.0,24,0,24,0
119_80FD4F060,119,2022-09-01 00:01:00,2022-09-09 09:48:00,16.4,12451.31,51753.67,2100.58,19,5,24,0
48309_811C44DF0,48309,2022-09-01 23:21:00,2022-09-10 08:42:00,15.43,62081.9,1598.2,61762.26,20,4,24,0
119_8123A5D70,119,2022-09-01 03:49:00,2022-09-10 08:52:00,16.24,52570.24,16.83,51587.07,1,23,24,0
119_8106A1080,119,2022-09-01 00:03:00,2022-09-10 20:04:00,16.4,64741.97,23251.62,60091.65,13,11,24,0
243947_81015E830,243947,2022-09-01 04:42:00,2022-09-09 09:27:00,16.21,695173.07,0.0,694173.07,0,24,24,0
119_812003E40,119,2022-09-01 00:18:00,2022-09-10 12:42:00,16.39,8561.93,1354.64,8291.0,1,23,24,0
119_81092FA40,119,2022-09-01 00:28:00,2022-09-10 22:23:00,16.38,86930.69,32319.79,80466.73,1,23,24,0
48308_811C34AA0,48308,2022-09-01 04:44:00,2022-09-10 08:20:00,16.2,40683.48,0.0,39683.48,0,24,24,0
119_8105F8610,119,2022-09-01 00:27:00,2022-09-10 15:12:00,16.38,72943.89,92654.14,54413.06,21,2,23,0
220_8000D03C0,220,2022-09-01 04:05:00,2022-09-09 05:23:00,16.23,39248895.76,196244478.78,0.0,23,0,23,0
119_812A91140,119,2022-09-01 00:00:00,2022-09-09 13:23:00,16.4,743542.43,592791.31,624984.17,2,21,23,0
43462_8101906B0,43462,2022-09-01 22:17:00,2022-09-10 08:40:00,15.47,4265.54,323.81,3589.35,2,21,23,0
119_810C13D90,119,2022-09-01 00:07:00,2022-09-09 16:25:00,16.4,231551.45,43545.12,222842.43,2,21,23,0
1198_80FF67070,1198,2022-09-01 11:35:00,2022-09-10 05:59:00,15.92,3081604.16,15396929.29,2218.3,3,20,23,0
48526_811EA1860,48526,2022-09-01 11:06:00,2022-09-10 08:43:00,15.94,720400.61,57965.56,708807.5,3,20,23,0
248857_8123988F0,248857,2022-09-01 04:30:00,2022-09-10 19:41:00,16.21,8362.21,0.0,7362.21,0,23,23,0
119_811DDC130,119,2022-09-01 00:27:00,2022-09-09 11:25:00,16.38,26990.79,96833.08,7624.17,15,8,23,0
14_80FDDB470,14,2022-09-01 09:01:00,2022-09-10 23:05:00,16.03,17415.43,51083.14,7198.8,3,20,23,0
142836_80FE1EA80,142836,2022-09-01 00:39:00,2022-09-10 03:17:00,16.38,267772.46,0.0,266772.46,0,23,23,0
119_8119FFC90,119,2022-09-01 00:27:00,2022-09-09 09:23:00,16.38,366803.12,1068145.72,153173.98,5,18,23,0
1198_80FD42390,1198,2022-09-01 10:30:00,2022-09-10 09:02:00,15.96,4977.78,24888.91,0.0,23,0,23,0
48943_8122C9930,48943,2022-09-01 06:04:00,2022-09-10 19:13:00,16.15,1560632.87,0.0,1559632.87,0,23,23,0
119_811F45E80,119,2022-09-01 14:38:00,2022-09-10 18:51:00,15.79,54640819.15,186448.34,54603529.48,6,17,23,0
119_811314620,119,2022-09-01 09:10:00,2022-09-10 23:54:00,16.02,25915.5,0.0,24915.5,0,23,23,0
119_80FD8C260,119,2022-09-01 05:42:00,2022-09-10 14:28:00,16.16,3386.58,5603.38,2265.9,3,20,23,0
1198_80FD26790,1198,2022-09-01 06:38:00,2022-09-09 08:29:00,16.13,4859.87,4613.94,3937.08,2,21,23,0
222_811A86D70,222,2022-09-01 07:35:00,2022-09-09 09:21:00,16.09,49725.66,0.0,48725.66,0,23,23,0
119_811BA9270,119,2022-09-01 00:00:00,2022-09-10 04:43:00,16.4,3955180.7,3298193.8,3295541.94,21,2,23,0
119_810088D50,119,2022-09-01 12:42:00,2022-09-09 21:20:00,15.87,22767.01,64579.29,9851.15,20,3,23,1
43049_810592350,43049,2022-09-01 05:06:00,2022-09-10 10:07:00,16.19,1885308.38,9426541.9,0.0,23,0,23,0
119_811A51110,119,2022-09-01 00:18:00,2022-09-10 23:26:00,16.39,49522.3,17.73,48540.03,1,22,23,0
121_811BF97C0,121,2022-09-01 05:21:00,2022-09-10 18:39:00,16.18,55805.08,17666.4,52271.8,20,3,23,0
119_8100E0B60,119,2022-09-01 09:19:00,2022-09-09 07:55:00,16.01,1285395.27,2624.29,1284870.41,2,21,23,0
119_811A64320,119,2022-09-01 09:14:00,2022-09-09 22:58:00,16.02,59591.6,279152.53,3761.09,19,4,23,0
119_8109060E0,119,2022-09-01 00:18:00,2022-09-10 10:07:00,16.39,2177597.6,1696402.4,1838317.12,2,21,23,0
220_810101F00,220,2022-09-01 11:24:00,2022-09-10 05:19:00,15.93,30491.24,0.0,29491.24,0,23,23,0
119_811E48180,119,2022-09-01 00:18:00,2022-09-10 08:42:00,16.39,2290.65,325.42,1616.07,2,21,23,0
119_81235E8B0,119,2022-09-01 04:05:00,2022-09-13 12:50:00,16.23,19799630.74,234032.3,19752824.28,5,18,23,1
119_8123789D0,119,2022-09-01 00:06:00,2022-09-09 01:38:00,16.4,8289092.64,135481.4,8261996.36,3,20,23,1
119_81341CB70,119,2022-09-01 11:39:00,2022-09-10 18:43:00,15.92,8459.09,0.0,7459.09,0,22,22,0
119_811BD37B0,119,2022-09-01 00:18:00,2022-09-10 07:05:00,16.39,11135.2,145.79,10280.99,1,21,22,0
222_811A6CAE0,222,2022-09-01 19:33:00,2022-09-10 18:49:00,15.59,52782.53,6476.65,51487.2,2,20,22,0
119_812A6BE30,119,2022-09-01 00:16:00,2022-09-10 02:47:00,16.39,2755340.93,14265.73,2752487.78,2,20,22,0
119_810A71270,119,2022-09-01 00:33:00,2022-09-10 05:50:00,16.38,16367.3,46442.17,7078.87,21,1,22,0
119_811DA68B0,119,2022-09-01 18:33:00,2022-09-10 10:54:00,15.63,69616.58,0.0,68616.58,0,22,22,0
249176_811FEC300,249176,2022-09-01 14:01:00,2022-09-09 21:20:00,15.82,18598.79,0.0,17598.79,0,22,22,0
119_8127C69F0,119,2022-09-01 03:52:00,2022-09-09 16:54:00,16.24,179068.36,0.0,178068.36,0,22,22,0
119_80FD3C050,119,2022-09-01 06:32:00,2022-09-09 03:27:00,16.13,409537.17,2047685.83,0.0,22,0,22,0
119_80FD55A90,119,2022-09-01 00:08:00,2022-09-09 17:25:00,16.4,10346.69,44906.95,1365.3,18,4,22,0
119_811D730E0,119,2022-09-01 05:46:00,2022-09-09 21:25:00,16.16,69814.9,348977.17,19.47,21,1,22,0
220_80FDB3620,220,2022-09-01 15:17:00,2022-09-10 02:46:00,15.77,236733.57,0.0,235733.57,0,22,22,0
119_811EDD010,119,2022-09-01 16:05:00,2022-09-09 07:03:00,15.73,8556128.26,7641688.29,7027790.6,5,17,22,0
119_811FC7450,119,2022-09-01 00:05:00,2022-09-09 03:13:00,16.4,526049.69,418188.2,442412.05,5,17,22,0
119_811D96330,119,2022-09-01 02:38:00,2022-09-10 20:59:00,16.29,13152.81,0.0,12152.81,0,22,22,0
243897_811879040,243897,2022-09-01 19:49:00,2022-09-10 00:27:00,15.58,58485.01,0.0,57485.01,0,22,22,0
119_811BC6250,119,2022-09-01 00:09:00,2022-09-10 00:27:00,16.4,740773.6,2898884.61,160996.68,21,1,22,0
119_8113A40B0,119,2022-09-01 00:22:00,2022-09-10 17:55:00,16.39,12212.0,30.57,11242.57,1,21,22,0
223_8000E1950,223,2022-09-01 06:14:00,2022-09-09 23:28:00,16.14,126947.14,634735.72,0.0,22,0,22,0
43460_810348FD0,43460,2022-09-01 10:09:00,2022-09-09 12:17:00,15.98,442286.02,0.0,441286.02,0,22,22,0
119_81012CBF0,119,2022-09-01 17:36:00,2022-09-09 18:57:00,15.67,15165.28,27669.9,9631.3,3,19,22,0
119_811C29E70,119,2022-09-01 00:10:00,2022-09-09 23:01:00,16.4,881225.76,337842.22,813657.32,2,20,22,0
121_811B62550,121,2022-09-01 13:01:00,2022-09-10 10:22:00,15.86,1143712.36,0.0,1142712.36,0,22,22,0
1198_80FD2E1E0,1198,2022-09-01 05:42:00,2022-09-10 14:28:00,16.16,121067543.17,2265.9,121067089.99,20,2,22,0
14_80FD76D60,14,2022-09-01 05:44:00,2022-09-10 11:47:00,16.16,5011.2,4174.01,4176.4,2,20,22,0
44451_8105DA150,44451,2022-09-01 02:06:00,2022-09-10 21:56:00,16.31,32019.06,6431.82,30732.7,2,20,22,0
119_80FE043E0,119,2022-09-01 08:08:00,2022-09-10 09:27:00,16.06,23324.76,53145.88,12695.58,21,1,22,0
119_810018480,119,2022-09-01 00:04:00,2022-09-09 00:41:00,16.4,73615578.65,94284.93,73596721.66,17,5,22,0
119_811847ED0,119,2022-09-01 00:13:00,2022-09-10 00:02:00,16.39,125446.59,8718.3,123702.93,21,1,22,0
245748_810C1FA70,245748,2022-09-01 23:09:00,2022-09-09 10:54:00,15.44,2237.36,0.0,1237.36,0,22,22,0
119_811F78DF0,119,2022-09-01 00:10:00,2022-09-09 21:21:00,16.4,484872.63,87131.73,467446.28,5,17,22,0
118_811BA1EB0,118,2022-09-01 14:15:00,2022-09-10 07:22:00,15.81,8874.18,44370.92,0.0,22,0,22,0
119_811358F30,119,2022-09-01 00:26:00,2022-09-09 17:27:00,16.38,45836.47,3.8,44840.27,1,21,22,0
119_81015D3F0,119,2022-09-01 00:06:00,2022-09-09 21:16:00,16.4,78677528.63,131660.94,78651196.44,4,18,22,0
119_80FDC3670,119,2022-09-01 04:03:00,2022-09-09 06:56:00,16.23,535447.26,2589737.59,17499.74,19,3,22,1
1198_80FD2EA60,1198,2022-09-01 10:12:00,2022-09-09 13:48:00,15.98,101775.86,508879.28,0.0,21,0,21,0
44866_8112C7320,44866,2022-09-01 16:34:00,2022-09-09 19:56:00,15.71,5054.19,0.0,4054.19,0,21,21,0
44866_810922B00,44866,2022-09-01 11:44:00,2022-09-09 22:29:00,15.91,6930.49,34652.45,0.0,21,0,21,0
44650_81191A1F0,44650,2022-09-01 16:14:00,2022-09-09 13:40:00,15.73,121829101.29,0.0,121828101.29,0,21,21,0
143242_8113BFAE0,143242,2022-09-01 01:50:00,2022-09-09 03:56:00,16.33,45548.21,0.0,44548.21,0,21,21,0
244187_8113D0BA0,244187,2022-09-01 11:14:00,2022-09-09 13:28:00,15.93,42252.26,0.0,41252.26,0,21,21,0
243947_81008E190,243947,2022-09-01 04:18:00,2022-09-10 10:24:00,16.22,2468.77,4096.37,1649.5,1,20,21,0
44565_810A1C7D0,44565,2022-09-01 08:09:00,2022-09-09 18:58:00,16.06,1214031.08,6070155.42,0.0,21,0,21,0
143496_8108497C0,143496,2022-09-01 23:40:00,2022-09-09 15:27:00,15.42,19098.5,0.0,18098.5,0,21,21,0
148016_813400CF0,148016,2022-09-01 00:02:00,2022-09-09 13:49:00,16.4,192933.49,0.0,191933.49,0,21,21,0
119_811D6D9D0,119,2022-09-01 00:03:00,2022-09-09 19:07:00,16.4,17483.51,1331.8,17217.15,2,19,21,0
50202_812A00470,50202,2022-09-01 19:53:00,2022-09-10 11:57:00,15.57,27491.87,0.0,26491.87,0,21,21,0
220_8000D7130,220,2022-09-01 23:10:00,2022-09-09 22:29:00,15.44,613.41,3067.05,0.0,21,0,21,0
50556_812A77FE0,50556,2022-09-01 01:45:00,2022-09-09 13:53:00,16.33,264078.62,0.0,263078.62,0,21,21,0
144735_810D31460,144735,2022-09-01 03:36:00,2022-09-09 11:57:00,16.25,774477.39,0.0,773477.39,0,21,21,0
245558_8114FFBF0,245558,2022-09-01 20:45:00,2022-09-09 15:56:00,15.54,11223.87,56119.35,0.0,21,0,21,0
220_80FE56C70,220,2022-09-01 22:43:00,2022-09-09 14:56:00,15.46,491.62,2458.12,0.0,21,0,21,0
220_8000D6EB0,220,2022-09-01 13:45:00,2022-09-09 20:26:00,15.83,19596.44,97982.22,0.0,21,0,21,0
49508_8127C0920,49508,2022-09-01 22:16:00,2022-09-09 03:26:00,15.47,3736350.29,0.0,3735350.29,0,21,21,0
113_81005DCA0,113,2022-09-01 02:17:00,2022-09-09 07:27:00,16.31,2554.35,0.0,1554.35,0,21,21,0
43462_81013A200,43462,2022-09-01 01:08:00,2022-09-09 22:24:00,16.35,1833.77,0.0,833.77,0,21,21,0
143430_8115DF280,143430,2022-09-01 16:41:00,2022-09-09 11:45:00,15.71,51251.53,0.0,50251.53,0,21,21,0
43735_81069B340,43735,2022-09-01 19:38:00,2022-09-09 03:43:00,15.58,376876.62,0.0,375876.62,0,21,21,0
145106_8109BD5C0,145106,2022-09-01 05:12:00,2022-09-09 15:52:00,16.19,3599.52,0.0,2599.52,0,21,21,0
145106_81129B5F0,145106,2022-09-01 14:00:00,2022-09-09 00:54:00,15.82,27113.99,0.0,26113.99,0,21,21,0
244818_8105685B0,244818,2022-09-01 08:32:00,2022-09-09 20:52:00,16.05,231520.43,0.0,230520.43,0,21,21,0
244818_81069BBA0,244818,2022-09-01 03:37:00,2022-09-09 14:53:00,16.25,154839.7,0.0,153839.7,0,21,21,0
148350_811D9D3F0,148350,2022-09-01 11:41:00,2022-09-09 14:25:00,15.92,15551.71,2310.82,15089.55,6,15,21,0
143430_81129CE00,143430,2022-09-01 17:01:00,2022-09-09 21:54:00,15.69,18451.56,0.0,17451.56,0,21,21,0
48526_811DC48A0,48526,2022-09-01 22:40:00,2022-09-09 17:56:00,15.46,1346.92,0.0,346.92,0,21,21,0
1198_811509C20,1198,2022-09-01 22:00:00,2022-09-09 07:53:00,15.49,32636.78,0.0,31636.78,0,21,21,0
248857_812D7E2C0,248857,2022-09-01 21:16:00,2022-09-09 08:29:00,15.52,4961.86,0.0,3961.86,0,21,21,0
217_8107912F0,217,2022-09-01 05:30:00,2022-09-09 19:56:00,16.17,400696.08,0.0,399696.08,0,21,21,0
143496_8101AD430,143496,2022-09-01 01:03:00,2022-09-09 07:56:00,16.36,87570.75,0.0,86570.75,0,21,21,0
143496_8101A0BD0,143496,2022-09-01 14:01:00,2022-09-09 00:50:00,15.82,47147.5,0.0,46147.5,0,21,21,0
48526_811E8E7A0,48526,2022-09-01 02:06:00,2022-09-09 14:55:00,16.31,1308241.18,0.0,1307241.18,0,21,21,0
222_811A4B7A0,222,2022-09-01 08:40:00,2022-09-09 01:59:00,16.04,902386.58,4511932.88,0.0,21,0,21,0
119_811D647D0,119,2022-09-01 13:01:00,2022-09-09 00:20:00,15.86,49058.36,0.0,48058.36,0,21,21,0
148016_811BE8E50,148016,2022-09-01 10:45:00,2022-09-09 03:28:00,15.95,56742.68,0.0,55742.68,0,21,21,0
118_812A0C580,118,2022-09-01 09:49:00,2022-09-09 06:51:00,15.99,4560617.86,0.0,4559617.86,0,21,21,0
217_80FFD82D0,217,2022-09-01 11:43:00,2022-09-09 19:12:00,15.91,17791.53,0.0,16791.53,0,21,21,0
119_8101B6270,119,2022-09-01 00:16:00,2022-09-10 06:29:00,16.39,14635.92,32273.63,8181.19,2,19,21,0
1198_80FD7AA00,1198,2022-09-01 16:47:00,2022-09-09 15:51:00,15.7,11067.19,0.0,10067.19,0,21,21,0
250188_8127C7810,250188,2022-09-01 16:17:00,2022-09-09 21:21:00,15.72,16927.87,0.0,15927.87,0,21,21,0
148348_812825980,148348,2022-09-01 03:02:00,2022-09-09 22:25:00,16.28,14801.13,0.0,13801.13,0,21,21,0
243614_810353370,243614,2022-09-01 11:01:00,2022-09-09 14:29:00,15.94,19055.1,0.0,18055.1,0,21,21,0
118_811A72110,118,2022-09-01 14:14:00,2022-09-10 21:05:00,15.81,7795.47,16052.5,4584.97,20,1,21,0
121_811A6E660,121,2022-09-01 04:15:00,2022-09-09 04:24:00,16.23,292.87,1464.33,0.0,21,0,21,0
121_811B29C70,121,2022-09-01 02:00:00,2022-09-09 20:50:00,16.32,8450.23,42251.16,0.0,21,0,21,0
121_811BABF60,121,2022-09-01 10:20:00,2022-09-09 17:56:00,15.97,11126.13,0.0,10126.13,0,21,21,0
118_811BD50C0,118,2022-09-01 18:51:00,2022-09-09 10:22:00,15.62,2038788.27,0.0,2037788.27,0,21,21,0
1198_80FD34270,1198,2022-09-01 19:04:00,2022-09-09 15:44:00,15.61,528.35,2641.73,0.0,21,0,21,0
121_8000E1AF0,121,2022-09-01 17:46:00,2022-09-09 21:44:00,15.66,15855.48,79277.38,0.0,21,0,21,0
43049_810C4C730,43049,2022-09-01 08:40:00,2022-09-09 09:58:00,16.04,3772303.55,0.0,3771303.55,0,21,21,0
149340_8124207B0,149340,2022-09-01 17:45:00,2022-09-09 14:53:00,15.66,270233.51,0.0,269233.51,0,21,21,0
48681_8128315B0,48681,2022-09-01 12:31:00,2022-09-09 07:52:00,15.88,5761.61,0.0,4761.61,0,21,21,0
222_811C007C0,222,2022-09-01 14:37:00,2022-09-09 03:29:00,15.79,107686.93,0.0,106686.93,0,21,21,0
118_811A02600,118,2022-09-01 10:31:00,2022-09-09 21:24:00,15.96,3804409.14,19022045.7,0.0,21,0,21,0
11474_80DFBB0D0,11474,2022-09-01 04:07:00,2022-09-09 06:53:00,16.23,1272461.6,6362307.98,0.0,21,0,21,0
222_811EC52D0,222,2022-09-01 22:01:00,2022-09-09 16:56:00,15.48,52944.04,264720.19,0.0,21,0,21,0
217_8000D1CD0,217,2022-09-01 10:17:00,2022-09-09 07:10:00,15.97,1480.07,7400.33,0.0,21,0,21,0
119_811BB5480,119,2022-09-01 00:18:00,2022-09-09 17:28:00,16.39,40146.86,5209.48,39104.96,6,15,21,1
217_80FF65030,217,2022-09-01 13:43:00,2022-09-09 22:29:00,15.83,618.34,3091.69,0.0,21,0,21,0
217_80FD6BA30,217,2022-09-01 17:39:00,2022-09-10 11:08:00,15.67,1907.78,739.72,1647.5,1,20,21,0
217_80FD87E70,217,2022-09-01 00:03:00,2022-09-09 11:53:00,16.4,2363333.54,0.0,2362333.54,0,21,21,0
118_811C06D90,118,2022-09-01 16:00:00,2022-09-09 06:40:00,15.74,31184.63,0.0,30184.63,0,21,21,0
118_811BF58D0,118,2022-09-01 05:00:00,2022-09-09 03:59:00,16.19,13309.36,0.0,12309.36,0,21,21,0
43460_811543450,43460,2022-09-01 16:00:00,2022-09-09 01:50:00,15.74,2339.31,0.0,1339.31,0,21,21,0
3149_80846F8B0,3149,2022-09-01 15:50:00,2022-09-09 16:47:00,15.74,9186.41,45932.04,0.0,21,0,21,0
217_80FDEC860,217,2022-09-01 07:37:00,2022-09-09 17:51:00,16.08,747858.14,0.0,746858.14,0,21,21,0
43460_810219550,43460,2022-09-01 22:42:00,2022-09-09 11:14:00,15.46,24044.48,120222.41,0.0,21,0,21,0
45279_8114F18E0,45279,2022-09-01 05:03:00,2022-09-09 12:45:00,16.19,43317.87,0.0,42317.87,0,21,21,0
119_811BC8190,119,2022-09-01 00:02:00,2022-09-09 07:57:00,16.4,59907.62,11146.51,57678.32,3,18,21,0
223_8000DD890,223,2022-09-01 11:39:00,2022-09-09 07:10:00,15.92,15725.13,0.0,14725.13,0,21,21,0
142950_81062FF50,142950,2022-09-01 23:06:00,2022-09-09 03:27:00,15.44,38824.57,0.0,37824.57,0,21,21,0
222_8127D7A90,222,2022-09-01 05:01:00,2022-09-09 23:14:00,16.19,102038.98,0.0,101038.98,0,21,21,0
222_811DC1830,222,2022-09-01 05:01:00,2022-09-09 07:52:00,16.19,406.21,2031.05,0.0,21,0,21,0
121_812D171C0,121,2022-09-01 16:50:00,2022-09-09 18:54:00,15.7,474168.85,0.0,473168.85,0,21,21,0
245668_8113671F0,245668,2022-09-01 07:08:00,2022-09-09 14:21:00,16.1,15943.47,79717.33,0.0,21,0,21,0
118_811A6B250,118,2022-09-01 19:30:00,2022-09-09 22:54:00,15.59,468545.33,0.0,467545.33,0,21,21,0
48795_812419B30,48795,2022-09-01 08:30:00,2022-09-09 01:27:00,16.05,101387.77,0.0,100387.77,0,21,21,0
142950_80FEC7F70,142950,2022-09-01 06:07:00,2022-09-09 08:54:00,16.15,9104.83,45524.15,0.0,21,0,21,0
244818_810D24E10,244818,2022-09-01 20:04:00,2022-09-09 14:24:00,15.57,4023536.56,0.0,4022536.56,0,21,21,0
43049_80FFA79E0,43049,2022-09-01 00:34:00,2022-09-09 03:48:00,16.38,3521.18,17605.91,0.0,21,0,21,0
119_80FFEF290,119,2022-09-01 00:19:00,2022-09-09 13:18:00,16.39,85044.21,1404.91,84763.23,5,16,21,0
246162_8111F6600,246162,2022-09-01 16:11:00,2022-09-09 14:56:00,15.73,11572.52,0.0,10572.52,0,21,21,0
14_80FDDBAD0,14,2022-09-01 13:32:00,2022-09-09 06:56:00,15.84,4528.23,22641.15,0.0,21,0,21,0
14_80FD4C380,14,2022-09-01 14:03:00,2022-09-09 13:20:00,15.82,42857.62,0.0,41857.62,0,21,21,0
142950_80FE11A30,142950,2022-09-01 09:33:00,2022-09-09 06:57:00,16.0,2033478.44,10167392.2,0.0,21,0,21,0
245090_8112977E0,245090,2022-09-01 03:03:00,2022-09-09 03:51:00,16.27,3619409.79,18097048.97,0.0,21,0,21,0
1_802556860,1,2022-09-01 12:04:00,2022-09-09 22:29:00,15.9,3488.77,17443.86,0.0,21,0,21,0
48309_811EB9450,48309,2022-09-01 01:30:00,2022-09-09 14:23:00,16.34,232194.95,0.0,231194.95,0,21,21,0
142836_80FFFDE80,142836,2022-09-01 20:35:00,2022-09-09 03:58:00,15.54,165856.01,829280.06,0.0,21,0,21,0
48309_811E93450,48309,2022-09-01 21:40:00,2022-09-10 23:18:00,15.5,2278.95,0.0,1278.95,0,21,21,0
14_80FED3460,14,2022-09-01 21:06:00,2022-09-09 12:59:00,15.52,22409.56,112047.81,0.0,21,0,21,0
43049_80FE525D0,43049,2022-09-01 14:06:00,2022-09-09 11:05:00,15.81,24063.11,0.0,23063.11,0,21,21,0
14_80FE5D580,14,2022-09-01 22:35:00,2022-09-09 15:56:00,15.46,62404.86,312024.3,0.0,21,0,21,0
243614_8100920E0,243614,2022-09-01 13:34:00,2022-09-09 17:18:00,15.84,142051849.92,0.0,142050849.92,0,21,21,0
118_811A77360,118,2022-09-01 21:32:00,2022-09-09 12:20:00,15.5,5942.0,0.0,4942.0,0,21,21,0
142836_81006EF70,142836,2022-09-01 21:10:00,2022-09-09 17:15:00,15.52,15985.18,0.0,14985.18,0,21,21,0
142836_8100FF0F0,142836,2022-09-01 10:00:00,2022-09-09 03:27:00,15.99,241450.98,0.0,240450.98,0,21,21,0
43049_80FE01B30,43049,2022-09-01 17:03:00,2022-09-09 23:59:00,15.69,585293.29,0.0,584293.29,0,21,21,0
118_8127FAE50,118,2022-09-01 17:40:00,2022-09-09 03:45:00,15.67,119056.89,0.0,118056.89,0,21,21,0
48211_812385270,48211,2022-09-01 07:19:00,2022-09-09 12:26:00,16.1,9545.88,0.0,8545.88,0,21,21,0
243947_8106A30C0,243947,2022-09-01 07:34:00,2022-09-09 06:26:00,16.09,9512.63,0.0,8512.63,0,21,21,0
244187_810251AA0,244187,2022-09-01 11:09:00,2022-09-10 21:14:00,15.94,5047.58,0.0,4047.58,0,21,21,0
223_811E9D3A0,223,2022-09-01 19:05:00,2022-09-09 11:46:00,15.61,12996.74,0.0,11996.74,0,21,21,0
220_81013E160,220,2022-09-01 21:02:00,2022-09-09 11:57:00,15.53,330754.11,0.0,329754.11,0,21,21,0
243947_8109AF430,243947,2022-09-01 01:30:00,2022-09-09 00:19:00,16.34,761.39,3806.95,0.0,21,0,21,0
113_80FDF4190,113,2022-09-01 09:41:00,2022-09-10 16:29:00,16.0,2134.9,0.0,1134.9,0,20,20,0
113_80FFA3300,113,2022-09-01 17:01:00,2022-09-10 00:26:00,15.69,9594.08,47970.4,0.0,20,0,20,0
49365_8123FBFA0,49365,2022-09-01 22:30:00,2022-09-10 13:33:00,15.46,24981.6,0.0,23981.6,0,20,20,0
119_811E91AA0,119,2022-09-01 00:25:00,2022-09-10 19:17:00,16.38,44376662.29,199816025.69,4413457.15,6,14,20,0
220_80FE009C0,220,2022-09-01 16:35:00,2022-09-10 16:17:00,15.71,28619.3,0.0,27619.3,0,20,20,0
48526_811D82590,48526,2022-09-01 18:53:00,2022-09-10 05:51:00,15.62,7992.36,39961.8,0.0,20,0,20,0
48309_8127E4D90,48309,2022-09-01 11:39:00,2022-09-10 18:43:00,15.92,954.08,4770.4,0.0,20,0,20,0
1198_810357220,1198,2022-09-01 14:33:00,2022-09-10 10:53:00,15.8,53385.2,0.0,52385.2,0,20,20,0
1198_810225970,1198,2022-09-01 04:40:00,2022-09-10 17:03:00,16.21,1526.14,7630.7,0.0,20,0,20,0
48943_812391020,48943,2022-09-01 15:34:00,2022-09-10 04:27:00,15.75,3018.8,0.0,2018.8,0,20,20,0
48943_8121D1A90,48943,2022-09-01 10:37:00,2022-09-10 15:26:00,15.96,4722482.0,0.0,4721482.0,0,20,20,0
243947_810215680,243947,2022-09-01 09:45:00,2022-09-10 14:55:00,16.0,116471.9,0.0,115471.9,0,20,20,0
243947_8101DA920,243947,2022-09-01 12:52:00,2022-09-10 20:13:00,15.87,698.52,3492.6,0.0,20,0,20,0
43849_81191A8C0,43849,2022-09-01 19:32:00,2022-09-10 15:12:00,15.59,39333.0,0.0,38333.0,0,20,20,0
144200_810623360,144200,2022-09-01 23:39:00,2022-09-10 19:51:00,15.42,593296.8,0.0,592296.8,0,20,20,0
48211_81283A100,48211,2022-09-01 13:03:00,2022-09-10 08:27:00,15.86,17035.6,0.0,16035.6,0,20,20,0
48211_8120D6230,48211,2022-09-01 04:44:00,2022-09-10 09:50:00,16.2,3670.58,18352.9,0.0,20,0,20,0
142836_81017D010,142836,2022-09-01 18:40:00,2022-09-10 16:49:00,15.62,37595.5,0.0,36595.5,0,20,20,0
223_811BF15E0,223,2022-09-01 13:01:00,2022-09-10 19:49:00,15.86,3443.6,0.0,2443.6,0,20,20,0
223_811D9DB30,223,2022-09-01 19:04:00,2022-09-10 17:09:00,15.61,490567.5,0.0,489567.5,0,20,20,0
223_812A6C230,223,2022-09-01 13:34:00,2022-09-10 21:08:00,15.84,15492.7,0.0,14492.7,0,20,20,0
245093_8112BD4A0,245093,2022-09-01 02:32:00,2022-09-10 02:48:00,16.3,29174.5,0.0,28174.5,0,20,20,0
48309_811E56780,48309,2022-09-01 03:43:00,2022-09-10 18:20:00,16.25,3494.6,0.0,2494.6,0,20,20,0
14_810180BE0,14,2022-09-01 10:39:00,2022-09-10 03:02:00,15.96,2076779.2,0.0,2075779.2,0,20,20,0
14_8101437F0,14,2022-09-01 02:12:00,2022-09-10 13:22:00,16.31,125859.5,0.0,124859.5,0,20,20,0
14_80FDFA810,14,2022-09-01 23:21:00,2022-09-10 10:52:00,15.43,1334.2,0.0,334.2,0,20,20,0
222_81241F1F0,222,2022-09-01 03:39:00,2022-09-10 12:26:00,16.25,3255.6,0.0,2255.6,0,20,20,0
118_811BA7DD0,118,2022-09-01 06:30:00,2022-09-10 16:19:00,16.13,2057.4,0.0,1057.4,0,20,20,0
118_811DFAB20,118,2022-09-01 11:01:00,2022-09-10 05:15:00,15.94,7847.6,0.0,6847.6,0,20,20,0
118_811D61520,118,2022-09-01 06:30:00,2022-09-10 02:58:00,16.13,12681.6,0.0,11681.6,0,20,20,0
245668_810A48CE0,245668,2022-09-01 19:47:00,2022-09-10 06:57:00,15.58,7967.4,39837.0,0.0,20,0,20,0
223_811A01620,223,2022-09-01 14:40:00,2022-09-10 06:27:00,15.79,872.14,4360.7,0.0,20,0,20,0
14_80FD614D0,14,2022-09-01 01:07:00,2022-09-10 16:51:00,16.36,1246.16,6230.8,0.0,20,0,20,0
43049_80FE005B0,43049,2022-09-01 09:31:00,2022-09-10 14:09:00,16.01,15608.3,0.0,14608.3,0,20,20,0
48211_811BAA160,48211,2022-09-01 03:12:00,2022-09-10 06:38:00,16.27,331.0,1655.0,0.0,20,0,20,0
48211_811B96BF0,48211,2022-09-01 20:06:00,2022-09-10 08:52:00,15.56,4073.82,20369.1,0.0,20,0,20,0
243614_81017DCE0,243614,2022-09-01 18:12:00,2022-09-10 09:25:00,15.64,261.12,1305.6,0.0,20,0,20,0
244818_8118542B0,244818,2022-09-01 11:08:00,2022-09-10 13:28:00,15.94,29725.2,0.0,28725.2,0,20,20,0
48211_811C2D390,48211,2022-09-01 01:13:00,2022-09-10 10:37:00,16.35,2682.9,0.0,1682.9,0,20,20,0
48211_811C16E10,48211,2022-09-01 15:34:00,2022-09-10 14:25:00,15.75,34123.6,0.0,33123.6,0,20,20,0
48211_811C04270,48211,2022-09-01 10:11:00,2022-09-10 03:49:00,15.98,3718.9,0.0,2718.9,0,20,20,0
142836_810AB70B0,142836,2022-09-01 11:00:00,2022-09-10 17:08:00,15.94,4692.7,0.0,3692.7,0,20,20,0
142836_8108AC2A0,142836,2022-09-01 00:05:00,2022-09-10 11:10:00,16.4,450.94,2254.7,0.0,20,0,20,0
142836_810591DC0,142836,2022-09-01 09:42:00,2022-09-10 09:53:00,16.0,32844.5,0.0,31844.5,0,20,20,0
142950_80FF7A9E0,142950,2022-09-01 09:12:00,2022-09-10 17:55:00,16.02,46804.1,0.0,45804.1,0,20,20,0
43049_80FFB48E0,43049,2022-09-01 13:44:00,2022-09-10 03:09:00,15.83,2435797.5,0.0,2434797.5,0,20,20,0
119_80FFC0BD0,119,2022-09-01 09:12:00,2022-09-10 17:55:00,16.02,9160.82,45804.1,0.0,20,0,20,0
121_81239F030,121,2022-09-01 09:44:00,2022-09-10 06:18:00,16.0,1258.3,0.0,258.3,0,20,20,0
121_811FC6FF0,121,2022-09-01 22:06:00,2022-09-10 13:52:00,15.48,104435.6,0.0,103435.6,0,20,20,0
121_811FB1DA0,121,2022-09-01 04:00:00,2022-09-10 17:49:00,16.24,32723.0,0.0,31723.0,0,20,20,0
14_8100E9A90,14,2022-09-01 21:11:00,2022-09-10 12:24:00,15.52,4178.1,20890.5,0.0,20,0,20,0
14_81006D880,14,2022-09-01 15:53:00,2022-09-10 22:58:00,15.74,21436.14,107180.7,0.0,20,0,20,0
121_811D5CC60,121,2022-09-01 13:54:00,2022-09-10 22:29:00,15.82,364.04,1820.2,0.0,20,0,20,0
245093_810A1AB00,245093,2022-09-01 01:34:00,2022-09-10 09:29:00,16.34,1837.82,9189.1,0.0,20,0,20,0
150014_812D29D20,150014,2022-09-01 16:20:00,2022-09-10 20:56:00,15.72,692805.0,0.0,691805.0,0,20,20,0
14_810EC8680,14,2022-09-01 07:37:00,2022-09-10 05:50:00,16.08,40363.3,0.0,39363.3,0,20,20,0
14_8108C0720,14,2022-09-01 22:32:00,2022-09-10 05:26:00,15.46,4825.8,0.0,3825.8,0,20,20,0
14_8107B2600,14,2022-09-01 16:17:00,2022-09-10 22:49:00,15.72,428.96,2144.8,0.0,20,0,20,0
142950_80FE534B0,142950,2022-09-01 18:37:00,2022-09-10 15:54:00,15.63,102313.1,0.0,101313.1,0,20,20,0
45563_811272F60,45563,2022-09-01 08:31:00,2022-09-10 14:18:00,16.05,10384.9,0.0,9384.9,0,20,20,0
119_8115072E0,119,2022-09-01 02:56:00,2022-09-09 18:12:00,16.28,13647.5,12667.59,11113.98,3,17,20,0
43460_810140DB0,43460,2022-09-01 13:36:00,2022-09-10 13:24:00,15.84,3062.0,0.0,2062.0,0,20,20,0
46616_811808150,46616,2022-09-01 15:33:00,2022-09-10 19:14:00,15.75,7608.1,0.0,6608.1,0,20,20,0
43049_81053AE30,43049,2022-09-01 08:08:00,2022-09-10 09:27:00,16.06,41450.3,0.0,40450.3,0,20,20,0
14_8000D39C0,14,2022-09-01 15:40:00,2022-09-10 09:55:00,15.75,342.96,1714.8,0.0,20,0,20,0
43049_810084A40,43049,2022-09-01 06:33:00,2022-09-10 21:10:00,16.13,24555.6,122778.0,0.0,20,0,20,0
150832_812D7DBE0,150832,2022-09-01 01:36:00,2022-09-10 10:50:00,16.34,224020.5,0.0,223020.5,0,20,20,0
222_811C4CF70,222,2022-09-01 02:03:00,2022-09-10 08:59:00,16.32,19753.1,0.0,18753.1,0,20,20,0
222_81201B2C0,222,2022-09-01 09:43:00,2022-09-10 21:29:00,16.0,49149.0,0.0,48149.0,0,20,20,0
243614_8101B1CD0,243614,2022-09-01 19:03:00,2022-09-10 22:53:00,15.61,3929.1,0.0,2929.1,0,20,20,0
243897_8100482B0,243897,2022-09-01 14:54:00,2022-09-10 23:56:00,15.78,17920.84,89604.2,0.0,20,0,20,0
121_811B83930,121,2022-09-01 23:07:00,2022-09-10 07:05:00,15.44,2027.04,10135.2,0.0,20,0,20,0
121_811B72060,121,2022-09-01 19:10:00,2022-09-10 02:57:00,15.6,24934.1,124670.5,0.0,20,0,20,0
121_811BC9EC0,121,2022-09-01 10:34:00,2022-09-10 21:25:00,15.96,5093.8,0.0,4093.8,0,20,20,0
121_811BC0360,121,2022-09-01 12:39:00,2022-09-10 23:28:00,15.88,7325.12,36625.6,0.0,20,0,20,0
121_811BA2500,121,2022-09-01 09:57:00,2022-09-10 11:38:00,15.99,8011.0,0.0,7011.0,0,20,20,0
121_811E97DF0,121,2022-09-01 17:39:00,2022-09-10 04:50:00,15.67,1786865.5,0.0,1785865.5,0,20,20,0
121_811DA0D60,121,2022-09-01 04:49:00,2022-09-10 00:28:00,16.2,371.76,1858.8,0.0,20,0,20,0
121_811D9B5F0,121,2022-09-01 16:15:00,2022-09-10 01:44:00,15.72,51489.5,0.0,50489.5,0,20,20,0
121_8119FE020,121,2022-09-01 04:31:00,2022-09-10 10:56:00,16.21,1810329.04,9051645.2,0.0,20,0,20,0
243614_810CDCCE0,243614,2022-09-01 06:46:00,2022-09-10 21:03:00,16.12,157571.9,0.0,156571.9,0,20,20,0
243614_810C1ECF0,243614,2022-09-01 08:35:00,2022-09-10 13:54:00,16.04,12042.76,60213.8,0.0,20,0,20,0
243614_8107E5CC0,243614,2022-09-01 15:40:00,2022-09-10 00:54:00,15.75,2593.1,0.0,1593.1,0,20,20,0
48681_811EA9FE0,48681,2022-09-01 01:10:00,2022-09-10 22:59:00,16.35,8586.4,0.0,7586.4,0,20,20,0
48681_811E4F090,48681,2022-09-01 07:30:00,2022-09-10 09:16:00,16.09,23662.3,0.0,22662.3,0,20,20,0
222_811F30250,222,2022-09-01 01:06:00,2022-09-10 02:48:00,16.36,26039.5,0.0,25039.5,0,20,20,0
48755_811FA20C0,48755,2022-09-01 02:25:00,2022-09-10 11:28:00,16.3,534.22,2671.1,0.0,20,0,20,0
148350_8123E66A0,148350,2022-09-01 04:37:00,2022-09-10 15:41:00,16.21,95504.5,0.0,94504.5,0,20,20,0
45304_810CF66D0,45304,2022-09-01 14:06:00,2022-09-10 04:20:00,15.81,140909.9,0.0,139909.9,0,20,20,0
142950_81012B1D0,142950,2022-09-01 06:49:00,2022-09-10 19:37:00,16.12,3204.4,16022.0,0.0,20,0,20,0
148785_8123EE0C0,148785,2022-09-01 19:23:00,2022-09-10 15:24:00,15.59,5359.3,0.0,4359.3,0,20,20,0
43460_80FFEC710,43460,2022-09-01 08:18:00,2022-09-10 09:13:00,16.06,6053.3,0.0,5053.3,0,20,20,0
43049_81067F4C0,43049,2022-09-01 18:05:00,2022-09-10 03:21:00,15.65,6107.32,30536.6,0.0,20,0,20,0
149345_81340DFD0,149345,2022-09-01 07:11:00,2022-09-10 22:12:00,16.1,49766.8,0.0,48766.8,0,20,20,0
222_811EAA810,222,2022-09-01 16:10:00,2022-09-10 10:52:00,15.73,3480.86,17404.3,0.0,20,0,20,0
118_811A02890,118,2022-09-01 06:03:00,2022-09-10 03:29:00,16.15,4217.26,21086.3,0.0,20,0,20,0
118_8000D9880,118,2022-09-01 08:36:00,2022-09-10 20:25:00,16.04,8800.64,44003.2,0.0,20,0,20,0
222_811BB2BA0,222,2022-09-01 19:42:00,2022-09-10 10:41:00,15.58,172439.1,0.0,171439.1,0,20,20,0
222_811B95CE0,222,2022-09-01 01:33:00,2022-09-10 12:40:00,16.34,4396.6,0.0,3396.6,0,20,20,0
222_811B94B70,222,2022-09-01 19:38:00,2022-09-10 10:54:00,15.58,941.78,4708.9,0.0,20,0,20,0
1198_80FD33A40,1198,2022-09-01 05:31:00,2022-09-10 08:47:00,16.17,23901.12,119505.6,0.0,20,0,20,0
1198_80FD2F530,1198,2022-09-01 03:04:00,2022-09-10 23:43:00,16.27,503.2,2516.0,0.0,20,0,20,0
217_80FD89070,217,2022-09-01 19:31:00,2022-09-10 13:50:00,15.59,2419.2,0.0,1419.2,0,20,20,0
223_811B802F0,223,2022-09-01 05:42:00,2022-09-10 07:37:00,16.16,4923.18,24615.9,0.0,20,0,20,0
223_811B76180,223,2022-09-01 20:04:00,2022-09-10 05:27:00,15.57,4578.88,22894.4,0.0,20,0,20,0
223_811B682F0,223,2022-09-01 16:40:00,2022-09-10 12:47:00,15.71,25898.48,129492.4,0.0,20,0,20,0
143242_8100366C0,143242,2022-09-01 06:34:00,2022-09-10 08:29:00,16.13,1901.04,9505.2,0.0,20,0,20,0
142950_8115E3320,142950,2022-09-01 14:46:00,2022-09-10 23:54:00,15.79,31571.9,0.0,30571.9,0,20,20,0
142950_810D3D9F0,142950,2022-09-01 21:11:00,2022-09-10 22:56:00,15.52,45170.2,0.0,44170.2,0,20,20,0
45000_810B7EFD0,45000,2022-09-01 10:04:00,2022-09-10 15:23:00,15.98,2481.0,0.0,1481.0,0,20,20,0
43460_8101030D0,43460,2022-09-01 16:43:00,2022-09-10 21:58:00,15.71,6890.56,34452.8,0.0,20,0,20,0
43460_81007CCF0,43460,2022-09-01 00:40:00,2022-09-10 10:06:00,16.37,2641.82,13209.1,0.0,20,0,20,0
43460_810059BF0,43460,2022-09-01 20:19:00,2022-09-10 12:29:00,15.56,106302.9,0.0,105302.9,0,20,20,0
119_810040640,119,2022-09-01 04:14:00,2022-09-10 15:55:00,16.23,523012.2,0.0,522012.2,0,20,20,0
223_811A777D0,223,2022-09-01 03:36:00,2022-09-10 03:27:00,16.25,2204.46,11022.3,0.0,20,0,20,0
223_811BA0C00,223,2022-09-01 02:38:00,2022-09-10 04:08:00,16.29,2414.78,12073.9,0.0,20,0,20,0
217_80FE11310,217,2022-09-01 09:06:00,2022-09-10 22:53:00,16.02,3402.8,0.0,2402.8,0,20,20,0
121_811A491F0,121,2022-09-01 07:36:00,2022-09-10 13:27:00,16.09,2736.02,13680.1,0.0,20,0,20,0
1198_80FDBC770,1198,2022-09-01 15:00:00,2022-09-10 01:14:00,15.78,157301.8,786509.0,0.0,20,0,20,0
222_811E19EE0,222,2022-09-01 21:46:00,2022-09-10 05:45:00,15.5,4302.3,0.0,3302.3,0,20,20,0
48211_811D58F80,48211,2022-09-01 17:35:00,2022-09-10 09:51:00,15.67,25894.0,0.0,24894.0,0,20,20,0
43460_810D5CC70,43460,2022-09-01 13:42:00,2022-09-10 19:56:00,15.83,4091.2,0.0,3091.2,0,20,20,0
43460_810AA4720,43460,2022-09-01 13:30:00,2022-09-10 23:22:00,15.84,26700.0,0.0,25700.0,0,20,20,0
43460_810247D80,43460,2022-09-01 20:32:00,2022-09-10 06:27:00,15.55,21787.6,0.0,20787.6,0,20,20,0
143242_8105F3F50,143242,2022-09-01 17:48:00,2022-09-10 16:18:00,15.66,7042.5,0.0,6042.5,0,20,20,0
44866_8112DB800,44866,2022-09-01 21:02:00,2022-09-10 04:18:00,15.53,14188.0,0.0,13188.0,0,20,20,0
119_8100F8210,119,2022-09-01 00:01:00,2022-09-09 12:14:00,16.4,14318.99,58536.79,2611.63,19,1,20,0
43460_8101CF300,43460,2022-09-01 13:33:00,2022-09-10 04:17:00,15.84,13688.9,0.0,12688.9,0,20,20,0
148389_811ED2260,148389,2022-09-01 00:00:00,2022-09-10 04:43:00,16.4,3691.5,0.0,2691.5,0,20,20,0
121_811A6B730,121,2022-09-01 22:32:00,2022-09-10 06:19:00,15.46,400.74,2003.7,0.0,20,0,20,0
121_811A4E080,121,2022-09-01 19:44:00,2022-09-09 16:52:00,15.58,375554.41,1855385.65,4477.28,18,2,20,0
217_80FDC6DD0,217,2022-09-01 15:40:00,2022-09-10 11:49:00,15.75,3980.9,0.0,2980.9,0,20,20,0
217_80FFEBA60,217,2022-09-01 18:02:00,2022-09-10 16:05:00,15.65,3818.86,19094.3,0.0,20,0,20,0
217_80FFB7740,217,2022-09-01 22:13:00,2022-09-10 18:11:00,15.48,2833.6,0.0,1833.6,0,20,20,0
217_8100F6CC0,217,2022-09-01 16:10:00,2022-09-10 08:59:00,15.73,5719.74,28598.7,0.0,20,0,20,0
250068_8123A09C0,250068,2022-09-01 10:06:00,2022-09-10 11:55:00,15.98,3641.8,0.0,2641.8,0,20,20,0
248857_811C50B20,248857,2022-09-01 20:46:00,2022-09-10 08:11:00,15.54,17782.7,0.0,16782.7,0,20,20,0
119_8102208D0,119,2022-09-01 13:33:00,2022-09-10 17:58:00,15.84,44531.9,0.0,43531.9,0,20,20,0
143242_81086ED00,143242,2022-09-01 08:50:00,2022-09-10 03:58:00,16.03,2376.2,0.0,1376.2,0,20,20,0
143242_81083B670,143242,2022-09-01 10:40:00,2022-09-10 04:59:00,15.96,2309.2,0.0,1309.2,0,20,20,0
143242_810648830,143242,2022-09-01 05:23:00,2022-09-10 00:13:00,16.18,50021.8,0.0,49021.8,0,20,20,0
143430_810108200,143430,2022-09-01 16:23:00,2022-09-10 22:23:00,15.72,7837.28,39186.4,0.0,20,0,20,0
143493_81019F410,143493,2022-09-01 04:47:00,2022-09-10 18:29:00,16.2,5002.9,25014.5,0.0,20,0,20,0
43460_811590750,43460,2022-09-01 18:37:00,2022-09-10 04:56:00,15.63,2570.5,0.0,1570.5,0,20,20,0
148350_811DCB5A0,148350,2022-09-01 17:14:00,2022-09-10 15:06:00,15.68,19359.5,0.0,18359.5,0,20,20,0
121_8000DADE0,121,2022-09-01 19:01:00,2022-09-10 03:09:00,15.61,659.0,341.0,0.0,20,0,20,0
48910_812410440,48910,2022-09-01 04:12:00,2022-09-10 20:20:00,16.23,600.18,3000.9,0.0,20,0,20,0
48910_812384500,48910,2022-09-01 20:40:00,2022-09-10 14:53:00,15.54,80416.0,0.0,79416.0,0,20,20,0
243897_8119424F0,243897,2022-09-01 17:41:00,2022-09-10 18:52:00,15.67,5198.2,0.0,4198.2,0,20,20,0
119_8129B0870,119,2022-09-01 00:16:00,2022-09-09 16:41:00,16.39,1083024.86,2295.5,1082565.76,1,19,20,0
48526_8123EA580,48526,2022-09-01 00:38:00,2022-09-10 13:52:00,16.38,1065.68,5328.4,0.0,20,0,20,0
43462_810121730,43462,2022-09-01 02:33:00,2022-09-10 23:29:00,16.3,1692.5,0.0,692.5,0,20,20,0
143430_810A6BEA0,143430,2022-09-01 10:24:00,2022-09-10 07:51:00,15.97,91039.2,0.0,90039.2,0,20,20,0
44650_8109B3D00,44650,2022-09-01 08:04:00,2022-09-10 08:22:00,16.07,102337.0,0.0,101337.0,0,20,20,0
44650_8108C4B40,44650,2022-09-01 07:20:00,2022-09-10 22:49:00,16.1,5931.42,29657.1,0.0,20,0,20,0
48309_811D8D3D0,48309,2022-09-01 07:04:00,2022-09-10 09:09:00,16.11,9779.24,48896.2,0.0,20,0,20,0
148348_811F1AA90,148348,2022-09-01 18:31:00,2022-09-10 23:56:00,15.63,4992.4,24962.0,0.0,20,0,20,0
148348_811ED18A0,148348,2022-09-01 14:39:00,2022-09-10 07:42:00,15.79,15190.0,0.0,14190.0,0,20,20,0
48526_81235B510,48526,2022-09-01 02:42:00,2022-09-10 05:19:00,16.29,100822.8,0.0,99822.8,0,20,20,0
247760_8119F3F30,247760,2022-09-01 11:15:00,2022-09-10 22:39:00,15.93,6213.8,0.0,5213.8,0,20,20,0
222_811C089A0,222,2022-09-01 03:12:00,2022-09-10 06:39:00,16.27,5602.0,0.0,4602.0,0,20,20,0
243897_80FFFA0B0,243897,2022-09-01 12:10:00,2022-09-10 09:29:00,15.9,39310.5,196552.5,0.0,20,0,20,0
243897_80FF70FD0,243897,2022-09-01 05:11:00,2022-09-10 03:43:00,16.19,2325.12,11625.6,0.0,20,0,20,0
244192_8112FEFF0,244192,2022-09-01 05:00:00,2022-09-10 16:53:00,16.19,9886.7,0.0,8886.7,0,20,20,0
43735_810A515E0,43735,2022-09-01 20:08:00,2022-09-10 06:58:00,15.56,1631.34,8156.7,0.0,20,0,20,0
145106_81159D2B0,145106,2022-09-01 12:43:00,2022-09-10 00:12:00,15.87,54014.8,0.0,53014.8,0,20,20,0
43735_8105DA3C0,43735,2022-09-01 02:37:00,2022-09-10 04:27:00,16.29,19405.4,0.0,18405.4,0,20,20,0
43735_810223E60,43735,2022-09-01 11:03:00,2022-09-10 21:49:00,15.94,92828.6,0.0,91828.6,0,20,20,0
148016_81239D9C0,148016,2022-09-01 10:21:00,2022-09-10 04:19:00,15.97,54907.3,0.0,53907.3,0,20,20,0
148016_812372530,148016,2022-09-01 09:42:00,2022-09-10 00:14:00,16.0,11776.1,0.0,10776.1,0,20,20,0
148348_811E8C6B0,148348,2022-09-01 11:47:00,2022-09-10 13:26:00,15.91,131156.9,0.0,130156.9,0,20,20,0
43462_8101FD910,43462,2022-09-01 00:45:00,2022-09-10 12:59:00,16.37,5414.2,0.0,4414.2,0,20,20,0
220_8114183C0,220,2022-09-01 05:17:00,2022-09-10 06:07:00,16.18,2914.1,0.0,1914.1,0,20,20,0
48526_811FDF730,48526,2022-09-01 05:35:00,2022-09-10 00:47:00,16.17,345.12,1725.6,0.0,20,0,20,0
113_81082E340,113,2022-09-01 20:17:00,2022-09-10 20:59:00,15.56,13216.4,0.0,12216.4,0,20,20,0
113_810622830,113,2022-09-01 06:37:00,2022-09-10 20:52:00,16.13,3995.48,19977.4,0.0,20,0,20,0
48910_8129DF500,48910,2022-09-01 18:32:00,2022-09-10 03:10:00,15.63,17688.4,0.0,16688.4,0,20,20,0
1198_80FE0C010,1198,2022-09-01 08:17:00,2022-09-10 07:26:00,16.06,4951.5,0.0,3951.5,0,20,20,0
1198_80FE02710,1198,2022-09-01 21:38:00,2022-09-10 00:47:00,15.5,50860.8,0.0,49860.8,0,20,20,0
1198_80FDDBA80,1198,2022-09-01 06:06:00,2022-09-10 15:14:00,16.15,1432.3,0.0,432.3,0,20,20,0
222_811B71D00,222,2022-09-01 20:30:00,2022-09-10 08:56:00,15.55,539.86,2699.3,0.0,20,0,20,0
143496_8107CFAB0,143496,2022-09-01 14:10:00,2022-09-10 20:40:00,15.81,139817.9,0.0,138817.9,0,20,20,0
119_8109CB510,119,2022-09-01 00:17:00,2022-09-09 23:08:00,16.39,217375.85,155464.52,186282.95,2,18,20,0
119_8109C5880,119,2022-09-01 00:04:00,2022-09-10 00:11:00,16.4,289479.12,21995.39,285080.04,19,1,20,0
223_811C4B9F0,223,2022-09-01 15:33:00,2022-09-10 22:23:00,15.75,28366.8,0.0,27366.8,0,20,20,0
223_811C3BB10,223,2022-09-01 09:35:00,2022-09-10 02:29:00,16.0,218238.7,0.0,217238.7,0,20,20,0
223_811C345C0,223,2022-09-01 12:48:00,2022-09-10 02:07:00,15.87,22946.0,0.0,21946.0,0,20,20,0
223_811C2F320,223,2022-09-01 12:34:00,2022-09-10 20:17:00,15.88,18519857.86,92599289.3,0.0,20,0,20,0
223_811BFD640,223,2022-09-01 06:03:00,2022-09-10 13:58:00,16.15,1569.1,0.0,569.1,0,20,20,0
217_8107958C0,217,2022-09-01 20:06:00,2022-09-10 11:10:00,15.56,11143.9,0.0,10143.9,0,20,20,0
220_8100032B0,220,2022-09-01 23:31:00,2022-09-10 16:59:00,15.42,48538.6,0.0,47538.6,0,20,20,0
220_80FFB04B0,220,2022-09-01 09:30:00,2022-09-10 08:53:00,16.01,103316.9,0.0,102316.9,0,20,20,0
119_811D568D0,119,2022-09-01 04:03:00,2022-09-09 02:11:00,16.23,2291.73,10115.23,268.68,18,2,20,0
48308_811C34E20,48308,2022-09-01 10:38:00,2022-09-10 07:29:00,15.96,32587.1,0.0,31587.1,0,20,20,0
220_810196420,220,2022-09-01 19:20:00,2022-09-10 00:29:00,15.6,19851.9,0.0,18851.9,0,20,20,0
1198_80FFEBDF0,1198,2022-09-01 02:43:00,2022-09-10 00:57:00,16.29,7028.86,35144.3,0.0,20,0,20,0
43818_811544EA0,43818,2022-09-01 23:09:00,2022-09-10 00:27:00,15.44,3085.6,0.0,2085.6,0,20,20,0
43818_810EA9F30,43818,2022-09-01 23:41:00,2022-09-10 17:55:00,15.42,2242.4,11212.0,0.0,20,0,20,0
43818_8109D5210,43818,2022-09-01 05:34:00,2022-09-10 15:29:00,16.17,2220.82,11104.1,0.0,20,0,20,0
144669_81128E290,144669,2022-09-01 21:03:00,2022-09-10 02:27:00,15.53,1080.6,0.0,80.6,0,20,20,0
143598_8107D0A80,143598,2022-09-01 06:51:00,2022-09-10 11:28:00,16.12,18871.4,0.0,17871.4,0,20,20,0
143598_81079E640,143598,2022-09-01 06:06:00,2022-09-10 17:59:00,16.15,10534.42,52672.1,0.0,20,0,20,0
44451_810899DB0,44451,2022-09-01 18:30:00,2022-09-10 07:46:00,15.63,5640.9,0.0,4640.9,0,20,20,0
44565_811490BD0,44565,2022-09-01 22:35:00,2022-09-10 04:54:00,15.46,15642.9,0.0,14642.9,0,20,20,0
143493_8107F67C0,143493,2022-09-01 09:10:00,2022-09-10 23:54:00,16.02,4830.18,24150.9,0.0,20,0,20,0
143493_810681E60,143493,2022-09-01 18:39:00,2022-09-10 19:18:00,15.62,7923.2,0.0,6923.2,0,20,20,0
143493_81060E400,143493,2022-09-01 00:42:00,2022-09-10 23:35:00,16.37,34620.1,0.0,33620.1,0,20,20,0
143493_81034CBE0,143493,2022-09-01 19:00:00,2022-09-10 12:16:00,15.61,121359.14,606795.7,0.0,20,0,20,0
143496_810669B30,143496,2022-09-01 03:09:00,2022-09-10 14:27:00,16.27,5206.3,0.0,4206.3,0,20,20,0
143496_810209320,143496,2022-09-01 02:00:00,2022-09-10 16:26:00,16.32,6063.7,30318.5,0.0,20,0,20,0
249176_811E08AD0,249176,2022-09-01 02:47:00,2022-09-10 12:07:00,16.29,125927.7,0.0,124927.7,0,20,20,0
220_80FD39930,220,2022-09-01 00:04:00,2022-09-10 23:47:00,16.4,182576.36,912881.8,0.0,20,0,20,0
119_811D7AA70,119,2022-09-01 07:27:00,2022-09-10 00:16:00,16.09,29487.47,19163.45,25654.78,3,17,20,0
119_811E18D90,119,2022-09-01 00:14:00,2022-09-09 19:54:00,16.39,208507.91,6453.58,207217.19,3,17,20,0
1198_8111F5810,1198,2022-09-01 03:46:00,2022-09-10 23:16:00,16.25,7286.7,0.0,6286.7,0,20,20,0
1198_810CE40C0,1198,2022-09-01 11:02:00,2022-09-10 01:26:00,15.94,2557.5,0.0,1557.5,0,20,20,0
1198_810554990,1198,2022-09-01 22:44:00,2022-09-10 14:50:00,15.45,3655.8,0.0,2655.8,0,20,20,0
220_80FD4C8F0,220,2022-09-01 17:12:00,2022-09-09 18:20:00,15.69,32458.87,162294.35,0.0,20,0,20,0
113_80FD271D0,113,2022-09-01 01:40:00,2022-09-10 13:58:00,16.33,16765.1,0.0,15765.1,0,20,20,0
50202_8134118D0,50202,2022-09-01 18:13:00,2022-09-10 19:24:00,15.64,45433.3,0.0,44433.3,0,20,20,0
43735_811860E30,43735,2022-09-01 21:32:00,2022-09-10 20:17:00,15.5,91053.2,0.0,90053.2,0,20,20,0
144200_811394F10,144200,2022-09-01 02:34:00,2022-09-10 02:23:00,16.3,9710.3,0.0,8710.3,0,20,20,0
43849_81035DC70,43849,2022-09-01 19:35:00,2022-09-10 07:25:00,15.59,4729.4,0.0,3729.4,0,20,20,0
43849_81034A7C0,43849,2022-09-01 20:41:00,2022-09-10 21:08:00,15.54,632.16,3160.8,0.0,20,0,20,0
144639_81151F860,144639,2022-09-01 23:48:00,2022-09-10 08:16:00,15.41,50313.7,0.0,49313.7,0,20,20,0
249118_811F1B3E0,249118,2022-09-01 10:06:00,2022-09-10 03:49:00,15.98,11281.9,0.0,10281.9,0,20,20,0
220_80FF96BC0,220,2022-09-01 20:02:00,2022-09-10 13:48:00,15.57,35858.5,0.0,34858.5,0,20,20,0
113_810056B00,113,2022-09-01 04:14:00,2022-09-10 06:24:00,16.23,4459.9,0.0,3459.9,0,20,20,0
10344_80A3C3BA0,10344,2022-09-01 11:01:00,2022-09-10 17:58:00,15.94,7838.36,39191.8,0.0,20,0,20,0
50556_812D29820,50556,2022-09-01 04:01:00,2022-09-10 00:23:00,16.23,98075.2,0.0,97075.2,0,20,20,0
113_80FD2E5A0,113,2022-09-01 10:40:00,2022-09-10 10:59:00,15.96,189364.68,946823.4,0.0,20,0,20,0
243947_811818950,243947,2022-09-01 10:35:00,2022-09-10 09:15:00,15.96,1607.2,0.0,607.2,0,20,20,0
243947_8119554F0,243947,2022-09-01 22:01:00,2022-09-10 13:12:00,15.48,28098.8,0.0,27098.8,0,20,20,0
48943_8123E8B80,48943,2022-09-01 19:10:00,2022-09-10 14:27:00,15.6,106000.5,0.0,105000.5,0,20,20,0
113_810146B20,113,2022-09-01 19:13:00,2022-09-10 04:24:00,15.6,12471.9,0.0,11471.9,0,20,20,0
119_811E9CA90,119,2022-09-01 00:00:00,2022-09-09 19:25:00,16.4,20534.39,45603.56,11413.68,16,4,20,0
113_8100F5670,113,2022-09-01 21:42:00,2022-09-10 11:14:00,15.5,3038.6,0.0,2038.6,0,20,20,0
243947_8107F1EC0,243947,2022-09-01 08:04:00,2022-09-10 02:03:00,16.07,12092.1,0.0,11092.1,0,20,20,0
244187_81099A070,244187,2022-09-01 14:12:00,2022-09-10 15:10:00,15.81,17066.1,0.0,16066.1,0,20,20,0
113_81008E060,113,2022-09-01 05:09:00,2022-09-10 16:10:00,16.19,5635.6,0.0,4635.6,0,20,20,0
50528_812D41040,50528,2022-09-01 08:00:00,2022-09-10 01:25:00,16.07,5602.5,0.0,4602.5,0,20,20,0
119_811EF7800,119,2022-09-01 06:32:00,2022-09-09 07:58:00,16.13,18177.78,40746.05,10028.57,12,7,19,0
119_8101D8390,119,2022-09-01 01:26:00,2022-09-09 10:06:00,16.34,106169.04,6.45,105175.49,1,18,19,0
119_81125B1C0,119,2022-09-01 10:06:00,2022-09-09 05:49:00,15.98,6056.28,28854.01,285.48,16,3,19,0
119_812A7D590,119,2022-09-01 00:02:00,2022-09-09 04:18:00,16.4,1859617.97,1542690.34,1551079.9,3,16,19,0
119_811A71C30,119,2022-09-01 00:06:00,2022-09-09 19:28:00,16.4,6200968.95,31004752.45,18.46,18,1,19,0
119_80FDD2050,119,2022-09-01 00:02:00,2022-09-09 16:25:00,16.4,1947105.89,9638042.06,19497.48,11,8,19,0
119_8122E03D0,119,2022-09-01 00:00:00,2022-09-10 15:04:00,16.4,152819.69,15142.99,149791.09,12,7,19,0
119_811B28750,119,2022-09-01 00:03:00,2022-09-09 16:22:00,16.4,14500.35,3.52,13503.87,1,18,19,0
119_80FDC1790,119,2022-09-01 00:15:00,2022-09-09 19:52:00,16.39,1451.56,2228.88,1005.78,15,4,19,0
118_811A4AC00,118,2022-09-01 21:18:00,2022-09-09 09:59:00,15.51,752961.34,3751643.53,2632.63,5,14,19,0
118_8000E0CA0,118,2022-09-01 00:15:00,2022-09-09 05:10:00,16.39,29265.08,146325.39,0.0,19,0,19,0
119_812D698D0,119,2022-09-01 01:09:00,2022-09-09 06:19:00,16.35,31166.08,17.74,30183.82,1,18,19,0
119_812D11BE0,119,2022-09-01 00:12:00,2022-09-09 11:40:00,16.39,45850.83,64.95,44915.78,1,18,19,0
119_811BBF100,119,2022-09-01 05:47:00,2022-09-09 21:58:00,16.16,175959.16,192655.55,137428.05,9,10,19,0
14_80DD8DF80,14,2022-09-01 12:02:00,2022-09-09 13:54:00,15.9,14444.22,72221.12,0.0,18,0,18,0
48211_811C52EE0,48211,2022-09-01 10:05:00,2022-09-09 15:20:00,15.98,10380.13,33963.65,3587.4,14,4,18,0
1198_80FD32670,1198,2022-09-01 04:09:00,2022-09-09 09:34:00,16.23,385268.91,3047.53,384659.4,2,16,18,0
43049_80FF7F830,43049,2022-09-01 00:01:00,2022-09-09 03:25:00,16.4,9721.3,7445.43,8232.21,4,14,18,0
118_811A7BBF0,118,2022-09-01 00:16:00,2022-09-09 12:38:00,16.39,4736799.54,147782.58,4707243.02,16,2,18,0
119_81120C100,119,2022-09-01 00:07:00,2022-09-09 18:36:00,16.4,25116.02,828.82,24944.84,2,16,18,0
119_8106B3200,119,2022-09-01 00:12:00,2022-09-09 20:50:00,16.39,462.39,1404.71,181.45,16,2,18,0
119_8108361C0,119,2022-09-01 00:15:00,2022-09-09 11:23:00,16.39,93329.47,9126.27,91504.22,1,17,18,0
119_81134EAD0,119,2022-09-01 00:23:00,2022-09-09 07:20:00,16.39,64635.97,11985.19,62238.93,1,17,18,0
119_8102772F0,119,2022-09-01 00:22:00,2022-09-10 00:01:00,16.39,6716.81,5529.72,5610.87,17,1,18,0
119_81137B9C0,119,2022-09-01 00:25:00,2022-09-09 06:40:00,16.38,42934.06,76.0,42010.06,2,16,18,0
143493_810BB5760,143493,2022-09-01 06:30:00,2022-09-09 18:24:00,16.13,24665.55,109648.77,2735.8,14,4,18,0
220_8000D4140,220,2022-09-01 16:15:00,2022-09-09 14:44:00,15.72,4602.85,23014.24,0.0,18,0,18,0
1198_80FF9A420,1198,2022-09-01 05:06:00,2022-09-09 07:28:00,16.19,5982.05,21100.24,1762.0,14,4,18,0
118_8000DE0A0,118,2022-09-01 18:38:00,2022-09-09 17:24:00,15.63,2366.73,11833.67,0.0,17,0,17,0
119_811D70090,119,2022-09-01 00:06:00,2022-09-09 19:58:00,16.4,2554.6,3292.93,1896.01,12,5,17,0
220_80FD260C0,220,2022-09-01 00:04:00,2022-09-09 18:28:00,16.4,6055.55,9795.5,4096.45,16,1,17,0
119_811BAB000,119,2022-09-01 00:19:00,2022-09-09 08:59:00,16.39,1895583.1,8147101.32,266162.84,7,10,17,0
119_811E93590,119,2022-09-01 00:39:00,2022-09-09 05:46:00,16.38,28227.59,2244.75,27778.64,2,15,17,0
220_80FD27C10,220,2022-09-01 21:45:00,2022-09-09 19:57:00,15.5,12336.62,61683.08,0.0,17,0,17,0
222_811A71C80,222,2022-09-01 20:33:00,2022-09-09 11:38:00,15.55,30982191.04,18864.55,30978418.13,2,15,17,0
119_81005E950,119,2022-09-01 00:03:00,2022-09-09 10:28:00,16.4,30541.3,3138.42,29913.62,2,15,17,0
119_810004A00,119,2022-09-01 00:03:00,2022-09-10 15:18:00,16.4,2183.93,10919.64,0.0,17,0,17,0
220_80FDC2920,220,2022-09-01 05:38:00,2022-09-09 19:52:00,16.17,1119661.73,24365.6,1114788.61,14,3,17,0
119_81132D840,119,2022-09-01 08:50:00,2022-09-10 04:24:00,16.03,66462.73,31205.86,60221.56,3,14,17,1
49365_8123FA0A0,49365,2022-09-01 12:40:00,2022-09-09 16:11:00,15.87,181026.58,0.0,180026.58,0,16,16,0
113_80FDE7C50,113,2022-09-01 06:44:00,2022-09-09 03:18:00,16.12,6455.3,12331.07,3989.09,2,14,16,0
148389_812028390,148389,2022-09-01 14:10:00,2022-09-09 15:50:00,15.81,7576.62,37883.12,0.0,16,0,16,0
119_811EF8A10,119,2022-09-01 18:14:00,2022-09-09 14:50:00,15.64,34999.81,2641.21,34471.57,2,14,16,0
48943_812A7AC10,48943,2022-09-01 14:16:00,2022-09-09 16:40:00,15.81,29961.94,0.0,28961.94,0,16,16,0
223_811A65E30,223,2022-09-01 23:31:00,2022-09-12 11:04:00,15.42,6489.49,12185.83,4052.32,15,1,16,1
119_812038900,119,2022-09-01 00:11:00,2022-09-09 22:25:00,16.39,3105.67,24.16,2129.83,1,15,16,0
222_811A50330,222,2022-09-01 00:11:00,2022-09-09 12:26:00,16.39,215117153.69,18717.53,215113410.18,15,1,16,0
220_80FE66210,220,2022-09-01 00:02:00,2022-09-09 21:10:00,16.4,29982.54,149912.7,0.0,16,0,16,0
119_810088E40,119,2022-09-01 01:17:00,2022-09-09 19:24:00,16.35,32667.39,122811.21,8105.15,15,1,16,0
148350_8123B4D50,148350,2022-09-01 00:11:00,2022-09-08 00:25:00,16.39,1667.89,0.0,667.89,0,16,16,0
119_8100C1C20,119,2022-09-01 00:14:00,2022-09-09 12:53:00,16.39,33081.35,13.36,32094.71,1,15,16,0
148016_811FCD650,148016,2022-09-01 09:06:00,2022-09-09 07:51:00,16.02,839.93,4199.66,0.0,16,0,16,0
118_811A67510,118,2022-09-01 10:08:00,2022-09-10 11:00:00,15.98,18217.57,12254.01,15766.77,1,15,16,1
119_8105FA3D0,119,2022-09-01 00:25:00,2022-09-09 19:58:00,16.38,8236446.41,24953.68,8231455.67,3,13,16,0
14_8100541F0,14,2022-09-01 08:16:00,2022-09-09 07:28:00,16.06,3727.28,18636.41,0.0,16,0,16,0
119_8127D1EF0,119,2022-09-01 00:06:00,2022-09-10 06:00:00,16.4,59148847.19,164187.58,59116009.67,2,14,16,0
119_811DC15A0,119,2022-09-01 04:05:00,2022-09-09 02:00:00,16.23,3368.15,15125.46,343.06,14,2,16,0
119_81201BFC0,119,2022-09-01 18:16:00,2022-09-09 19:22:00,15.64,113001.47,55.21,112056.68,1,15,16,0
119_81004C4D0,119,2022-09-01 11:34:00,2022-09-09 21:11:00,15.92,26175.93,10697.72,24036.39,2,14,16,0
119_8108CA760,119,2022-09-01 00:30:00,2022-09-10 02:02:00,16.38,13800.85,6587.82,12483.29,3,13,16,0
119_811EA4530,119,2022-09-01 00:07:00,2022-09-09 12:49:00,16.4,12961.64,9509.17,11059.81,1,15,16,0
1198_80FF6EB50,1198,2022-09-01 04:49:00,2022-09-09 01:56:00,16.2,146009.99,730049.97,0.0,16,0,16,0
220_8000D0690,220,2022-09-01 08:01:00,2022-09-09 21:31:00,16.07,272387.77,1361938.85,0.0,16,0,16,0
119_80FD4C540,119,2022-09-01 05:43:00,2022-09-09 22:14:00,16.16,7979.93,31061.17,1767.7,7,9,16,0
48211_811C37470,48211,2022-09-01 18:34:00,2022-09-09 02:27:00,15.63,83998.49,30222.65,77953.96,2,14,16,0
222_811BE9820,222,2022-09-01 03:18:00,2022-09-09 01:38:00,16.26,401375.83,1753.36,401025.16,14,2,16,0
119_811BF2370,119,2022-09-01 12:41:00,2022-09-09 07:49:00,15.87,3871191.42,3244531.59,3222285.1,15,1,16,0
220_80FD79AF0,220,2022-09-01 00:03:00,2022-09-09 06:57:00,16.4,1415199.54,1406.34,1414918.27,15,1,16,0
44873_810C78B80,44873,2022-09-01 07:32:00,2022-09-09 12:14:00,16.09,56059.15,0.0,55059.15,0,15,15,0
148016_811D6DEB0,148016,2022-09-01 06:36:00,2022-09-09 11:52:00,16.13,6853.04,0.0,5853.04,0,15,15,0
148016_811C4EDD0,148016,2022-09-01 17:42:00,2022-09-12 14:24:00,15.66,5006.02,20149.69,976.08,1,14,15,1
119_810874570,119,2022-09-01 00:01:00,2022-09-09 15:17:00,16.4,132277.52,0.0,131277.52,0,15,15,0
243897_8101550B0,243897,2022-09-01 00:03:00,2022-09-10 14:49:00,16.4,5787.48,4437.39,4900.0,5,10,15,0
43049_80FF9C2B0,43049,2022-09-01 13:48:00,2022-09-09 09:59:00,15.83,775.78,3878.89,0.0,15,0,15,0
14_8100338D0,14,2022-09-01 13:37:00,2022-09-09 20:35:00,15.83,33688.93,0.0,32688.93,0,15,15,0
243614_81008C5A0,243614,2022-09-01 13:15:00,2022-09-10 22:38:00,15.85,53973.05,110910.86,31790.88,14,1,15,0
217_8000D3D80,217,2022-09-01 08:05:00,2022-09-09 17:23:00,16.07,3311.91,16559.54,0.0,15,0,15,0
119_811817DC0,119,2022-09-01 00:04:00,2022-09-09 09:13:00,16.4,57977.01,14733.33,55030.34,1,14,15,0
14_80FF843A0,14,2022-09-01 16:11:00,2022-09-09 12:53:00,15.73,6621.35,33106.75,0.0,15,0,15,0
48309_811F1E0C0,48309,2022-09-01 04:03:00,2022-09-09 12:18:00,16.23,2050.54,9236.15,203.31,14,1,15,0
142836_810040420,142836,2022-09-01 13:47:00,2022-09-09 11:23:00,15.83,174816.51,38514.42,167113.63,14,1,15,0
118_811A7E710,118,2022-09-01 00:16:00,2022-09-09 06:53:00,16.39,114458.23,211998.64,72058.5,14,1,15,0
119_8123560B0,119,2022-09-01 05:30:00,2022-09-10 07:13:00,16.17,50467.15,2769.99,49913.15,1,14,15,0
14_81006E4E0,14,2022-09-01 10:07:00,2022-09-09 18:54:00,15.98,34068.47,0.0,33068.47,0,15,15,0
14_8100E6CF0,14,2022-09-01 10:30:00,2022-09-09 06:58:00,15.96,1806.11,9030.54,0.0,15,0,15,0
220_80FD3E280,220,2022-09-01 00:13:00,2022-09-09 09:10:00,16.39,168253.18,15772.89,165098.6,14,1,15,0
142836_80FDAE660,142836,2022-09-01 11:34:00,2022-09-09 02:29:00,15.92,39306.56,24036.39,34499.28,14,1,15,0
119_811C37280,119,2022-09-01 00:17:00,2022-09-10 18:54:00,16.39,17861.06,74708.03,2919.45,13,2,15,0
1198_80FD3EF80,1198,2022-09-01 09:01:00,2022-09-09 10:39:00,16.03,802164.09,0.0,801164.09,0,15,15,0
118_811C1A480,118,2022-09-01 23:11:00,2022-09-09 23:44:00,15.44,16668.71,0.0,15668.71,0,15,15,0
113_80FD37130,113,2022-09-01 09:32:00,2022-09-09 22:55:00,16.0,1108.48,5542.38,0.0,15,0,15,0
244187_810354280,244187,2022-09-01 13:36:00,2022-09-09 23:25:00,15.84,1680.89,0.0,680.89,0,14,14,0
111433_807EB41A0,111433,2022-09-01 03:51:00,2022-09-09 08:54:00,16.24,9925.66,49628.32,0.0,14,0,14,0
244187_8101E73F0,244187,2022-09-01 18:11:00,2022-09-09 19:47:00,15.64,2473855.63,0.0,2472855.63,0,14,14,0
113_80FD27A20,113,2022-09-01 15:37:00,2022-09-09 00:14:00,15.75,39466.19,0.0,38466.19,0,14,14,0
113_80FD28740,113,2022-09-01 11:06:00,2022-09-09 13:57:00,15.94,17764.44,0.0,16764.44,0,14,14,0
243947_8105F2480,243947,2022-09-01 14:15:00,2022-09-09 10:20:00,15.81,7784.4,0.0,6784.4,0,14,14,0
243947_8105F9B80,243947,2022-09-01 12:12:00,2022-09-09 15:33:00,15.89,151909.71,0.0,150909.71,0,14,14,0
48943_8121CCA10,48943,2022-09-01 04:46:00,2022-09-09 13:58:00,16.2,7619.9,0.0,6619.9,0,14,14,0
44565_810AA4BE0,44565,2022-09-01 22:14:00,2022-09-09 14:18:00,15.48,2222.69,0.0,1222.69,0,14,14,0
43849_810BCCC80,43849,2022-09-01 11:30:00,2022-09-09 19:49:00,15.92,14586.09,0.0,13586.09,0,14,14,0
143598_810A879F0,143598,2022-09-01 03:45:00,2022-09-09 14:56:00,16.25,3417.25,17086.23,0.0,14,0,14,0
144225_8106F4160,144225,2022-09-01 08:12:00,2022-09-09 06:57:00,16.06,8247.1,0.0,7247.1,0,14,14,0
144225_81067EED0,144225,2022-09-01 12:55:00,2022-09-09 16:14:00,15.86,12763.01,0.0,11763.01,0,14,14,0
119_8109AB170,119,2022-09-01 00:11:00,2022-09-07 11:35:00,16.39,7419548.77,13933.19,7416762.13,3,11,14,0
243947_8109AAB80,243947,2022-09-01 15:06:00,2022-09-09 01:05:00,15.77,12260.97,0.0,11260.97,0,14,14,0
44565_810D524A0,44565,2022-09-01 17:10:00,2022-09-09 13:58:00,15.69,72298.43,0.0,71298.43,0,14,14,0
44650_810877930,44650,2022-09-01 11:21:00,2022-09-09 11:41:00,15.93,48999.49,0.0,47999.49,0,14,14,0
44650_8108F41D0,44650,2022-09-01 00:32:00,2022-09-09 02:08:00,16.38,6109.72,0.0,5109.72,0,14,14,0
44650_810B8AC70,44650,2022-09-01 14:00:00,2022-09-09 13:51:00,15.82,8239.4,0.0,7239.4,0,14,14,0
43735_8116902B0,43735,2022-09-01 21:34:00,2022-09-09 23:51:00,15.5,48354.37,0.0,47354.37,0,14,14,0
43818_80FFCC510,43818,2022-09-01 06:32:00,2022-09-09 11:08:00,16.13,40254.6,0.0,39254.6,0,14,14,0
243897_810BB2AB0,243897,2022-09-01 02:17:00,2022-09-09 06:43:00,16.31,15244.93,0.0,14244.93,0,14,14,0
243897_81132FFD0,243897,2022-09-01 15:05:00,2022-09-09 01:15:00,15.77,4861.34,0.0,3861.34,0,14,14,0
244192_8108CA950,244192,2022-09-01 23:01:00,2022-09-09 20:21:00,15.44,378.55,1892.73,0.0,14,0,14,0
244818_8106AB790,244818,2022-09-01 05:28:00,2022-09-09 00:41:00,16.17,57676.27,0.0,56676.27,0,14,14,0
244818_8108D0F40,244818,2022-09-01 17:32:00,2022-09-09 10:19:00,15.67,6271.07,0.0,5271.07,0,14,14,0
243897_80FF7A790,243897,2022-09-01 04:03:00,2022-09-09 06:56:00,16.23,48782.91,0.0,47782.91,0,14,14,0
143496_8101DBD60,143496,2022-09-01 15:37:00,2022-09-09 22:12:00,15.75,6842.83,0.0,5842.83,0,14,14,0
143496_81020FA00,143496,2022-09-01 03:12:00,2022-09-09 18:57:00,16.27,13674.83,0.0,12674.83,0,14,14,0
143493_8102745C0,143493,2022-09-01 08:00:00,2022-09-09 00:40:00,16.07,1239.41,6197.03,0.0,14,0,14,0
144225_810C67A80,144225,2022-09-01 18:19:00,2022-09-09 23:53:00,15.64,35811.43,179057.13,0.0,14,0,14,0
118_811B7DD70,118,2022-09-01 18:54:00,2022-09-09 09:29:00,15.61,9637.57,48187.86,0.0,14,0,14,0
118_811B87B10,118,2022-09-01 11:44:00,2022-09-09 22:58:00,15.91,27851.16,0.0,26851.16,0,14,14,0
223_811D666E0,223,2022-09-01 11:11:00,2022-09-09 09:09:00,15.94,20974.85,0.0,19974.85,0,14,14,0
245558_8109C4700,245558,2022-09-01 11:18:00,2022-09-09 00:54:00,15.93,14452.6,0.0,13452.6,0,14,14,0
245558_811258340,245558,2022-09-01 05:33:00,2022-09-09 01:14:00,16.17,17826.25,0.0,16826.25,0,14,14,0
245558_8112BD900,245558,2022-09-01 14:13:00,2022-09-09 20:50:00,15.81,1148.05,0.0,148.05,0,14,14,0
222_811FEEF80,222,2022-09-01 16:12:00,2022-09-09 04:18:00,15.73,2049.47,10247.37,0.0,14,0,14,0
222_8123CEAC0,222,2022-09-01 19:04:00,2022-09-09 05:16:00,15.61,397536.49,0.0,396536.49,0,14,14,0
222_811C30B40,222,2022-09-01 08:49:00,2022-09-09 23:48:00,16.03,2924.16,0.0,1924.16,0,14,14,0
222_811C35BA0,222,2022-09-01 15:18:00,2022-09-09 01:05:00,15.76,106757.26,0.0,105757.26,0,14,14,0
222_811C5A370,222,2022-09-01 15:06:00,2022-09-09 22:59:00,15.77,1161.35,0.0,161.35,0,14,14,0
1198_80FD86180,1198,2022-09-01 18:24:00,2022-09-09 22:23:00,15.64,1326.0,6629.98,0.0,14,0,14,0
1198_80FD2CB10,1198,2022-09-01 13:04:00,2022-09-09 17:53:00,15.86,3398.21,16991.03,0.0,14,0,14,0
118_811BD2BD0,118,2022-09-01 03:13:00,2022-09-09 12:45:00,16.27,361.55,1807.75,0.0,14,0,14,0
223_811A6EA80,223,2022-09-01 09:43:00,2022-09-09 20:18:00,16.0,929.81,4649.05,0.0,14,0,14,0
223_811A78000,223,2022-09-01 22:07:00,2022-09-09 10:26:00,15.48,111579.63,0.0,110579.63,0,14,14,0
246581_8113314B0,246581,2022-09-01 00:39:00,2022-09-09 18:25:00,16.38,3552.69,0.0,2552.69,0,14,14,0
246581_8117FB390,246581,2022-09-01 05:43:00,2022-09-09 20:51:00,16.16,7352.22,0.0,6352.22,0,14,14,0
48681_811E8AD00,48681,2022-09-01 09:07:00,2022-09-09 15:58:00,16.02,63503.98,0.0,62503.98,0,14,14,0
48681_811F47E30,48681,2022-09-01 12:38:00,2022-09-09 11:24:00,15.88,1472.15,0.0,472.15,0,14,14,0
48681_81241D360,48681,2022-09-01 06:36:00,2022-09-09 02:33:00,16.13,3931.53,0.0,2931.53,0,14,14,0
118_811FFB9E0,118,2022-09-01 09:22:00,2022-09-09 18:39:00,16.01,149757.42,0.0,148757.42,0,14,14,0
118_812024BD0,118,2022-09-01 01:28:00,2022-09-09 13:14:00,16.34,11648.47,0.0,10648.47,0,14,14,0
245748_810BC89E0,245748,2022-09-01 03:44:00,2022-09-09 11:57:00,16.25,10325.54,0.0,9325.54,0,14,14,0
222_8127BE1C0,222,2022-09-01 06:09:00,2022-09-09 02:06:00,16.15,3358.72,0.0,2358.72,0,14,14,0
222_812A8FFF0,222,2022-09-01 21:42:00,2022-09-09 05:59:00,15.5,2162.7,0.0,1162.7,0,14,14,0
223_8000DA200,223,2022-09-01 10:04:00,2022-09-09 16:50:00,15.98,7555.34,37776.69,0.0,14,0,14,0
245748_8112D8570,245748,2022-09-01 14:05:00,2022-09-09 21:57:00,15.82,8156.1,0.0,7156.1,0,14,14,0
48211_811DB9370,48211,2022-09-01 01:03:00,2022-09-09 03:28:00,16.36,10062.81,50314.04,0.0,14,0,14,0
48211_811DF4790,48211,2022-09-01 17:41:00,2022-09-09 22:10:00,15.67,4090.43,0.0,3090.43,0,14,14,0
48795_81200B210,48795,2022-09-01 23:51:00,2022-09-09 06:07:00,15.41,39262.31,196311.57,0.0,14,0,14,0
48795_8123F9A00,48795,2022-09-01 22:42:00,2022-09-09 14:11:00,15.46,2114.05,0.0,1114.05,0,14,14,0
222_800051110,222,2022-09-01 10:43:00,2022-09-09 18:18:00,15.96,320.68,1603.42,0.0,14,0,14,0
222_8000DA010,222,2022-09-01 10:36:00,2022-09-09 04:47:00,15.96,52830.06,264150.32,0.0,14,0,14,0
222_8000DE790,222,2022-09-01 03:32:00,2022-09-09 21:46:00,16.25,4712.95,23564.73,0.0,14,0,14,0
48526_811DD2EC0,48526,2022-09-01 04:06:00,2022-09-09 16:16:00,16.23,4071.25,0.0,3071.25,0,14,14,0
48526_811DF41E0,48526,2022-09-01 18:34:00,2022-09-09 23:14:00,15.63,49107.22,0.0,48107.22,0,14,14,0
121_811A500E0,121,2022-09-01 06:17:00,2022-09-09 21:44:00,16.14,241.5,1207.5,0.0,14,0,14,0
121_811A6D710,121,2022-09-01 14:16:00,2022-09-09 13:54:00,15.81,8770.16,43850.8,0.0,14,0,14,0
48211_811D88660,48211,2022-09-01 00:31:00,2022-09-09 18:23:00,16.38,27977.02,0.0,26977.02,0,14,14,0
222_811BCC200,222,2022-09-01 06:41:00,2022-09-09 20:11:00,16.12,7080.85,35404.25,0.0,14,0,14,0
222_811BFDD90,222,2022-09-01 15:06:00,2022-09-09 16:05:00,15.77,395.99,1979.95,0.0,14,0,14,0
1198_80FD411D0,1198,2022-09-01 04:35:00,2022-09-09 10:21:00,16.21,42360.67,211803.34,0.0,14,0,14,0
1198_80FD53C90,1198,2022-09-01 17:35:00,2022-09-09 17:21:00,15.67,5103.75,0.0,4103.75,0,14,14,0
248857_811C50080,248857,2022-09-01 18:16:00,2022-09-09 19:22:00,15.64,22400.29,112001.47,0.0,14,0,14,0
121_811A820F0,121,2022-09-01 13:42:00,2022-09-09 07:57:00,15.83,2341.88,11709.39,0.0,14,0,14,0
121_811B63C90,121,2022-09-01 12:41:00,2022-09-09 10:25:00,15.87,2938.92,14694.61,0.0,14,0,14,0
48211_811DFBE70,48211,2022-09-01 23:39:00,2022-09-09 04:05:00,15.42,4653.93,0.0,3653.93,0,14,14,0
121_811A70700,121,2022-09-01 18:07:00,2022-09-09 15:24:00,15.65,8945.84,0.0,7945.84,0,14,14,0
222_811A48E50,222,2022-09-01 05:13:00,2022-09-09 05:41:00,16.18,1213.76,6068.79,0.0,14,0,14,0
220_810167700,220,2022-09-01 04:36:00,2022-09-09 07:57:00,16.21,9003.45,0.0,8003.45,0,14,14,0
220_81019C080,220,2022-09-01 21:36:00,2022-09-09 22:15:00,15.5,2520.12,0.0,1520.12,0,14,14,0
48211_811C50E40,48211,2022-09-01 22:10:00,2022-09-09 12:54:00,15.48,127065.38,0.0,126065.38,0,14,14,0
121_811C38720,121,2022-09-01 18:14:00,2022-09-09 14:50:00,15.64,6894.31,34471.57,0.0,14,0,14,0
121_811C55250,121,2022-09-01 07:32:00,2022-09-09 01:59:00,16.09,2174.82,10874.08,0.0,14,0,14,0
248857_811DDEEB0,248857,2022-09-01 16:32:00,2022-09-09 17:52:00,15.71,80284.17,0.0,79284.17,0,14,14,0
1198_80FE08960,1198,2022-09-01 06:49:00,2022-09-09 23:47:00,16.12,12655.0,0.0,11655.0,0,14,14,0
48526_811F38B40,48526,2022-09-01 15:52:00,2022-09-09 03:13:00,15.74,2093.52,10467.59,0.0,14,0,14,0
222_811A4D940,222,2022-09-01 21:31:00,2022-09-09 16:27:00,15.51,527.41,2637.04,0.0,14,0,14,0
222_811A6BB20,222,2022-09-01 12:00:00,2022-09-09 21:08:00,15.9,10303.15,51515.73,0.0,14,0,14,0
248857_811E454E0,248857,2022-09-01 15:12:00,2022-09-09 05:44:00,15.77,2432.48,0.0,1432.48,0,14,14,0
248857_811F064D0,248857,2022-09-01 03:50:00,2022-09-09 23:59:00,16.24,1438.06,0.0,438.06,0,14,14,0
248857_8122DB930,248857,2022-09-01 09:46:00,2022-09-09 12:46:00,16.0,15940.66,0.0,14940.66,0,14,14,0
22164_8047A9ED0,22164,2022-09-01 21:11:00,2022-09-09 14:42:00,15.52,3947.23,19736.15,0.0,14,0,14,0
1198_8101380B0,1198,2022-09-01 19:52:00,2022-09-09 08:21:00,15.57,4572.1,0.0,3572.1,0,14,14,0
1198_8101AA600,1198,2022-09-01 11:10:00,2022-09-09 20:15:00,15.94,41916.82,0.0,40916.82,0,14,14,0
48309_81285F9C0,48309,2022-09-01 04:05:00,2022-09-09 01:46:00,16.23,16125.46,0.0,15125.46,0,14,14,0
48309_8129FF800,48309,2022-09-01 18:36:00,2022-09-09 19:59:00,15.63,895.72,4478.6,0.0,14,0,14,0
220_80FDE6910,220,2022-09-01 19:06:00,2022-09-09 03:14:00,15.61,27087.18,0.0,26087.18,0,14,14,0
220_80FE02760,220,2022-09-01 13:35:00,2022-09-09 16:16:00,15.84,106127.54,0.0,105127.54,0,14,14,0
220_80FF99510,220,2022-09-01 07:50:00,2022-09-09 06:21:00,16.08,7128.78,0.0,6128.78,0,14,14,0
249118_811F20260,249118,2022-09-01 05:08:00,2022-09-09 23:47:00,16.19,235150.56,0.0,234150.56,0,14,14,0
249118_811F6E120,249118,2022-09-01 23:48:00,2022-09-09 07:49:00,15.41,23246.49,0.0,22246.49,0,14,14,0
249118_8122BF9D0,249118,2022-09-01 22:04:00,2022-09-09 04:29:00,15.48,6279.89,0.0,5279.89,0,14,14,0
121_811D95480,121,2022-09-01 11:48:00,2022-09-09 16:52:00,15.91,733.49,3667.44,0.0,14,0,14,0
121_811B8E650,121,2022-09-01 15:34:00,2022-09-09 11:23:00,15.75,53264.17,0.0,52264.17,0,14,14,0
121_811B974A0,121,2022-09-01 09:04:00,2022-09-09 22:11:00,16.02,1706.3,0.0,706.3,0,14,14,0
121_811BB98A0,121,2022-09-01 01:40:00,2022-09-09 09:49:00,16.33,2100.26,0.0,1100.26,0,14,14,0
121_811BD6C30,121,2022-09-01 06:36:00,2022-09-09 12:49:00,16.13,310.13,1550.64,0.0,14,0,14,0
121_811BF5100,121,2022-09-01 05:31:00,2022-09-09 10:23:00,16.17,14439.72,0.0,13439.72,0,14,14,0
245328_8108182E0,245328,2022-09-01 13:39:00,2022-09-09 23:27:00,15.83,8825.51,0.0,7825.51,0,14,14,0
245328_810908B60,245328,2022-09-01 09:51:00,2022-09-09 05:29:00,15.99,19615.31,0.0,18615.31,0,14,14,0
245328_810949360,245328,2022-09-01 11:14:00,2022-09-09 18:41:00,15.93,35946.52,0.0,34946.52,0,14,14,0
223_8123A7280,223,2022-09-01 14:03:00,2022-09-09 18:56:00,15.82,2879.57,0.0,1879.57,0,14,14,0
223_8127A6F20,223,2022-09-01 19:32:00,2022-09-09 21:13:00,15.59,1682.64,0.0,682.64,0,14,14,0
48309_81203D710,48309,2022-09-01 11:41:00,2022-09-09 15:53:00,15.92,13604.97,0.0,12604.97,0,14,14,0
48309_812042470,48309,2022-09-01 00:18:00,2022-09-09 10:54:00,16.39,32197.32,0.0,31197.32,0,14,14,0
1198_810530060,1198,2022-09-01 17:05:00,2022-09-09 20:53:00,15.69,4317.37,0.0,3317.37,0,14,14,0
48211_811BBE790,48211,2022-09-01 07:50:00,2022-09-09 05:26:00,16.08,14307.7,0.0,13307.7,0,14,14,0
121_812D14AF0,121,2022-09-01 12:45:00,2022-09-09 18:51:00,15.87,2049.58,0.0,1049.58,0,14,14,0
135403_80D224920,135403,2022-09-01 13:08:00,2022-09-09 12:23:00,15.85,4087.83,20439.16,0.0,14,0,14,0
119_811B8A0F0,119,2022-09-01 09:53:00,2022-09-10 12:03:00,15.99,10965.42,6414.08,9682.6,3,11,14,0
220_810BD6700,220,2022-09-01 20:03:00,2022-09-09 22:27:00,15.57,4963.96,0.0,3963.96,0,14,14,0
220_810042400,220,2022-09-01 17:36:00,2022-09-09 18:57:00,15.67,532.89,467.11,0.0,14,0,14,0
220_810125600,220,2022-09-01 06:35:00,2022-09-09 23:55:00,16.13,2396.08,0.0,1396.08,0,14,14,0
220_80FDDED90,220,2022-09-01 14:45:00,2022-09-09 13:22:00,15.79,20782.28,0.0,19782.28,0,14,14,0
249176_8123B0640,249176,2022-09-01 08:08:00,2022-09-09 02:23:00,16.06,2847.44,0.0,1847.44,0,14,14,0
121_811FB72F0,121,2022-09-01 06:11:00,2022-09-09 02:26:00,16.14,21491.59,0.0,20491.59,0,14,14,0
121_8129A5970,121,2022-09-01 23:15:00,2022-09-09 05:30:00,15.43,237701.08,0.0,236701.08,0,14,14,0
48211_811BCE260,48211,2022-09-01 09:11:00,2022-09-09 02:20:00,16.02,50040.75,250203.73,0.0,14,0,14,0
48211_811C39440,48211,2022-09-01 00:11:00,2022-09-09 12:47:00,16.39,6748.33,0.0,5748.33,0,14,14,0
249118_81237C5F0,249118,2022-09-01 00:20:00,2022-09-09 05:12:00,16.39,48517.82,0.0,47517.82,0,14,14,0
249118_812836430,249118,2022-09-01 03:03:00,2022-09-09 15:56:00,16.27,6502.28,0.0,5502.28,0,14,14,0
220_80FD4ABB0,220,2022-09-01 06:38:00,2022-09-09 18:52:00,16.13,2403.3,12016.48,0.0,14,0,14,0
223_811B8EE20,223,2022-09-01 23:02:00,2022-09-09 07:24:00,15.44,31085.02,0.0,30085.02,0,14,14,0
48681_812A81FB0,48681,2022-09-01 21:55:00,2022-09-09 20:46:00,15.49,14089.72,0.0,13089.72,0,14,14,0
48755_811F5F4B0,48755,2022-09-01 06:06:00,2022-09-09 01:09:00,16.15,4445401.57,0.0,4444401.57,0,14,14,0
118_811BCF2E0,118,2022-09-01 15:04:00,2022-09-09 06:08:00,15.77,7065.99,0.0,6065.99,0,14,14,0
48308_811DADF00,48308,2022-09-01 17:35:00,2022-09-09 04:36:00,15.67,183906.15,0.0,182906.15,0,14,14,0
243614_80FF94F70,243614,2022-09-01 06:00:00,2022-09-09 15:29:00,16.15,2162167.61,0.0,2161167.61,0,14,14,0
245093_81168AEA0,245093,2022-09-01 12:42:00,2022-09-09 21:20:00,15.87,2382.85,0.0,1382.85,0,14,14,0
245093_8117D0A50,245093,2022-09-01 12:24:00,2022-09-09 04:55:00,15.89,48426.68,0.0,47426.68,0,14,14,0
245090_8113BA020,245090,2022-09-01 01:38:00,2022-09-09 23:23:00,16.33,9852.76,0.0,8852.76,0,14,14,0
118_811B9B110,118,2022-09-01 20:50:00,2022-09-09 05:28:00,15.53,8951.37,0.0,7951.37,0,14,14,0
217_81027A2C0,217,2022-09-01 04:31:00,2022-09-09 20:17:00,16.21,41408.27,0.0,40408.27,0,14,14,0
250188_8127A3660,250188,2022-09-01 00:46:00,2022-09-09 11:19:00,16.37,3457.63,0.0,2457.63,0,14,14,0
251123_812D7E720,251123,2022-09-01 03:45:00,2022-09-09 10:13:00,16.25,10436.63,0.0,9436.63,0,14,14,0
217_80FF8F560,217,2022-09-01 12:01:00,2022-09-09 12:54:00,15.9,17470.3,0.0,16470.3,0,14,14,0
217_810007780,217,2022-09-01 20:39:00,2022-09-09 06:56:00,15.54,638993.31,3194966.53,0.0,14,0,14,0
142836_810BAC5B0,142836,2022-09-01 02:14:00,2022-09-09 13:29:00,16.31,91110.93,0.0,90110.93,0,14,14,0
1198_810D72E70,1198,2022-09-01 09:45:00,2022-09-09 03:09:00,16.0,2856.05,0.0,1856.05,0,14,14,0
1198_810093100,1198,2022-09-01 09:38:00,2022-09-09 08:27:00,16.0,59680.72,0.0,58680.72,0,14,14,0
220_8000D1F50,220,2022-09-01 05:54:00,2022-09-09 20:50:00,16.16,4174.93,20874.63,0.0,14,0,14,0
249176_811DB9EA0,249176,2022-09-01 12:12:00,2022-09-09 22:42:00,15.89,10391.81,51959.04,0.0,14,0,14,0
249176_811FD05B0,249176,2022-09-01 20:13:00,2022-09-09 21:25:00,15.56,2460.06,0.0,1460.06,0,14,14,0
217_8107C6600,217,2022-09-01 20:19:00,2022-09-09 03:21:00,15.56,48781.09,0.0,47781.09,0,14,14,0
217_8108E7A00,217,2022-09-01 20:19:00,2022-09-09 13:16:00,15.56,189042.89,0.0,188042.89,0,14,14,0
249176_8122DBE10,249176,2022-09-01 08:23:00,2022-09-09 21:59:00,16.05,11560.69,0.0,10560.69,0,14,14,0
142836_80FE13FA0,142836,2022-09-01 02:07:00,2022-09-09 21:16:00,16.31,5145.32,25726.61,0.0,14,0,14,0
142836_80FE518F0,142836,2022-09-01 11:09:00,2022-09-09 00:50:00,15.94,7798.68,0.0,6798.68,0,14,14,0
142836_80FF7B8C0,142836,2022-09-01 21:51:00,2022-09-09 23:23:00,15.49,18776.64,0.0,17776.64,0,14,14,0
48211_811BAAC70,48211,2022-09-01 02:39:00,2022-09-09 12:52:00,16.29,787.86,3939.32,0.0,14,0,14,0
217_810086560,217,2022-09-01 03:53:00,2022-09-09 01:26:00,16.24,11095.96,0.0,10095.96,0,14,14,0
217_810092C80,217,2022-09-01 22:10:00,2022-09-09 09:59:00,15.48,3414.09,0.0,2414.09,0,14,14,0
217_810171710,217,2022-09-01 11:10:00,2022-09-09 02:29:00,15.94,41442.92,0.0,40442.92,0,14,14,0
245441_810C19AF0,245441,2022-09-01 01:17:00,2022-09-09 19:24:00,16.35,115706.06,0.0,114706.06,0,14,14,0
245441_81136E7C0,245441,2022-09-01 15:39:00,2022-09-09 17:47:00,15.75,494818.29,0.0,493818.29,0,14,14,0
223_811DDAFF0,223,2022-09-01 11:02:00,2022-09-09 07:54:00,15.94,9709.75,0.0,8709.75,0,14,14,0
223_811FB8990,223,2022-09-01 05:46:00,2022-09-09 21:25:00,16.16,5896.78,0.0,4896.78,0,14,14,0
223_8121D0FB0,223,2022-09-01 18:32:00,2022-09-09 18:29:00,15.63,7624.38,0.0,6624.38,0,14,14,0
119_8127A03F0,119,2022-09-01 00:09:00,2022-09-09 15:23:00,16.4,3902213.41,1271044.26,3648004.56,3,11,14,0
223_811BE5430,223,2022-09-01 02:55:00,2022-09-09 06:56:00,16.28,10134.3,0.0,9134.3,0,14,14,0
243614_810199980,243614,2022-09-01 23:00:00,2022-09-09 10:23:00,15.44,267.75,1338.75,0.0,14,0,14,0
245090_8109A0960,245090,2022-09-01 03:32:00,2022-09-09 01:55:00,16.25,24359.56,0.0,23359.56,0,14,14,0
43049_80FDCB020,43049,2022-09-01 10:45:00,2022-09-09 02:27:00,15.95,21675.76,0.0,20675.76,0,14,14,0
45304_811285380,45304,2022-09-01 04:19:00,2022-09-09 10:23:00,16.22,1319.83,0.0,319.83,0,14,14,0
46042_8113B63C0,46042,2022-09-01 02:19:00,2022-09-09 09:14:00,16.31,12665.78,0.0,11665.78,0,14,14,0
46906_8119BFF80,46906,2022-09-01 16:49:00,2022-09-09 14:15:00,15.7,41853.26,0.0,40853.26,0,14,14,0
48308_811E39130,48308,2022-09-01 01:41:00,2022-09-09 11:40:00,16.33,7314.51,36572.55,0.0,14,0,14,0
142836_80FDE9EB0,142836,2022-09-01 07:44:00,2022-09-09 01:38:00,16.08,1463.99,7319.97,0.0,14,0,14,0
217_80FDCF730,217,2022-09-01 08:48:00,2022-09-09 17:51:00,16.04,339.32,1696.59,0.0,14,0,14,0
217_80FE0FEE0,217,2022-09-01 00:03:00,2022-09-09 09:47:00,16.4,2911752.11,0.0,2910752.11,0,14,14,0
217_80FE11DA0,217,2022-09-01 00:42:00,2022-09-09 21:27:00,16.37,8313.06,41565.3,0.0,14,0,14,0
217_80FE4FEE0,217,2022-09-01 11:03:00,2022-09-09 17:25:00,15.94,32940.02,0.0,31940.02,0,14,14,0
217_80FD5D1C0,217,2022-09-01 12:07:00,2022-09-09 00:58:00,15.9,2070.64,10353.21,0.0,14,0,14,0
217_80FD5D680,217,2022-09-01 06:44:00,2022-09-09 20:49:00,16.12,15510.84,77554.19,0.0,14,0,14,0
48308_811EA8FA0,48308,2022-09-01 21:02:00,2022-09-09 15:56:00,15.53,3314.76,0.0,2314.76,0,14,14,0
48308_811FB33D0,48308,2022-09-01 06:11:00,2022-09-09 06:19:00,16.14,5410.3,27051.5,0.0,14,0,14,0
217_80FDB5890,217,2022-09-01 03:01:00,2022-09-09 01:52:00,16.28,1539.48,7697.41,0.0,14,0,14,0
217_8000CFFB0,217,2022-09-01 06:03:00,2022-09-09 19:42:00,16.15,13518.08,67590.39,0.0,14,0,14,0
142950_80FF88C60,142950,2022-09-01 23:02:00,2022-09-09 05:25:00,15.44,8565.16,42825.79,0.0,14,0,14,0
142950_80FF8FB60,142950,2022-09-01 06:20:00,2022-09-09 09:45:00,16.14,189058.22,0.0,188058.22,0,14,14,0
142950_80FF9ACC0,142950,2022-09-01 04:03:00,2022-09-09 05:19:00,16.23,3297.42,16487.1,0.0,14,0,14,0
142950_80FFA55D0,142950,2022-09-01 16:50:00,2022-09-09 16:43:00,15.7,69689.04,0.0,68689.04,0,14,14,0
217_8000D1060,217,2022-09-01 11:32:00,2022-09-09 19:38:00,15.92,4315.01,21575.05,0.0,14,0,14,0
217_8000D1360,217,2022-09-01 09:10:00,2022-09-09 07:53:00,16.02,6438.49,32192.44,0.0,14,0,14,0
217_80FD36BD0,217,2022-09-01 23:15:00,2022-09-09 10:37:00,15.43,11702.96,58514.82,0.0,14,0,14,0
150240_812D6D560,150240,2022-09-01 18:39:00,2022-09-09 18:19:00,15.62,1466.13,0.0,466.13,0,14,14,0
150832_813414FA0,150832,2022-09-01 06:02:00,2022-09-09 12:11:00,16.15,3216.9,0.0,2216.9,0,14,14,0
48309_811EEA230,48309,2022-09-01 12:04:00,2022-09-09 21:21:00,15.9,87021.76,435108.8,0.0,14,0,14,0
48309_811FB7D40,48309,2022-09-01 21:03:00,2022-09-09 23:29:00,15.53,195724.81,0.0,194724.81,0,14,14,0
217_8000CF6E0,217,2022-09-01 11:21:00,2022-09-09 01:52:00,15.93,4597.08,22985.41,0.0,14,0,14,0
14_810688F00,14,2022-09-01 23:31:00,2022-09-09 20:20:00,15.42,154910.19,0.0,153910.19,0,14,14,0
14_810ED1A20,14,2022-09-01 21:23:00,2022-09-09 15:29:00,15.51,5622.73,0.0,4622.73,0,14,14,0
43049_80FD89BF0,43049,2022-09-01 04:12:00,2022-09-09 14:58:00,16.23,26059.44,0.0,25059.44,0,14,14,0
43049_80FDBF2F0,43049,2022-09-01 09:43:00,2022-09-09 14:13:00,16.0,4309.33,21546.63,0.0,14,0,14,0
14_80FF964B0,14,2022-09-01 06:36:00,2022-09-09 20:27:00,16.13,1693.05,8465.24,0.0,14,0,14,0
45000_811269090,45000,2022-09-01 22:42:00,2022-09-09 19:17:00,15.46,21970.32,0.0,20970.32,0,14,14,0
45279_811209800,45279,2022-09-01 10:15:00,2022-09-09 23:22:00,15.97,3091.95,0.0,2091.95,0,14,14,0
45304_810A8FE30,45304,2022-09-01 14:01:00,2022-09-09 01:59:00,15.82,93842.12,0.0,92842.12,0,14,14,0
142950_8106EF650,142950,2022-09-01 20:32:00,2022-09-09 15:45:00,15.55,4364.69,0.0,3364.69,0,14,14,0
45563_81131B210,45563,2022-09-01 14:11:00,2022-09-09 06:54:00,15.81,2086.26,0.0,1086.26,0,14,14,0
45563_8113B0240,45563,2022-09-01 07:50:00,2022-09-09 00:24:00,16.08,12851.42,0.0,11851.42,0,14,14,0
142836_81153EAB0,142836,2022-09-01 22:32:00,2022-09-09 12:41:00,15.46,2433.95,0.0,1433.95,0,14,14,0
142950_80FE1A360,142950,2022-09-01 15:19:00,2022-09-09 17:20:00,15.76,22388.01,0.0,21388.01,0,14,14,0
43049_80FDD2A90,43049,2022-09-01 01:15:00,2022-09-09 23:53:00,16.35,167562.41,0.0,166562.41,0,14,14,0
14_810222EB0,14,2022-09-01 04:35:00,2022-09-09 06:26:00,16.21,2478.12,0.0,1478.12,0,14,14,0
48309_811E2C810,48309,2022-09-01 09:10:00,2022-09-09 04:48:00,16.02,275.63,1378.16,0.0,14,0,14,0
48309_811E58670,48309,2022-09-01 03:39:00,2022-09-09 02:54:00,16.25,17220.68,0.0,16220.68,0,14,14,0
48309_811E90230,48309,2022-09-01 02:35:00,2022-09-09 13:23:00,16.29,4131.3,20656.51,0.0,14,0,14,0
48309_811ED0000,48309,2022-09-01 07:05:00,2022-09-09 11:25:00,16.11,95436.44,0.0,94436.44,0,14,14,0
14_80FFEDD50,14,2022-09-01 10:30:00,2022-09-09 18:58:00,15.96,15282.8,0.0,14282.8,0,14,14,0
142950_811326AD0,142950,2022-09-01 15:39:00,2022-09-09 07:49:00,15.75,4428.25,0.0,3428.25,0,14,14,0
142950_80FFEA660,142950,2022-09-01 13:01:00,2022-09-09 06:16:00,15.86,5444.23,0.0,4444.23,0,14,14,0
45304_810CFDCD0,45304,2022-09-01 14:33:00,2022-09-09 20:27:00,15.8,36590.1,0.0,35590.1,0,14,14,0
43049_80FF93E10,43049,2022-09-01 19:06:00,2022-09-09 10:58:00,15.61,2218.28,0.0,1218.28,0,14,14,0
14_80FE50120,14,2022-09-01 16:32:00,2022-09-09 21:21:00,15.71,588.0,2940.0,0.0,14,0,14,0
243614_8100E4B80,243614,2022-09-01 20:48:00,2022-09-09 00:15:00,15.54,5500.29,27501.46,0.0,14,0,14,0
243614_80FDFB250,243614,2022-09-01 12:03:00,2022-09-09 17:32:00,15.9,23405655.19,0.0,23404655.19,0,14,14,0
243614_80FEBF9F0,243614,2022-09-01 08:51:00,2022-09-09 05:28:00,16.03,86392.65,0.0,85392.65,0,14,14,0
243614_80FF73810,243614,2022-09-01 05:15:00,2022-09-09 09:08:00,16.18,4852.52,0.0,3852.52,0,14,14,0
48308_811DA17E0,48308,2022-09-01 15:42:00,2022-09-09 19:28:00,15.75,34576.13,0.0,33576.13,0,14,14,0
48308_811C2F870,48308,2022-09-01 13:20:00,2022-09-09 04:22:00,15.85,44396.9,221984.49,0.0,14,0,14,0
243897_8100C2C70,243897,2022-09-01 00:00:00,2022-09-09 05:52:00,16.4,2419.6,0.0,1419.6,0,14,14,0
243614_8109BC7B0,243614,2022-09-01 14:01:00,2022-09-09 15:15:00,15.82,80772.84,0.0,79772.84,0,14,14,0
48795_8127B3F40,48795,2022-09-01 15:07:00,2022-09-09 19:25:00,15.77,37032.64,0.0,36032.64,0,14,14,0
48910_811FDDDD0,48910,2022-09-01 04:03:00,2022-09-09 02:11:00,16.23,5489.38,0.0,4489.38,0,14,14,0
14_80FECECB0,14,2022-09-01 12:13:00,2022-09-09 19:57:00,15.89,1289.5,6447.49,0.0,14,0,14,0
148586_812404530,148586,2022-09-01 08:45:00,2022-09-09 15:08:00,16.04,1052.36,0.0,52.36,0,14,14,0
43460_810064360,43460,2022-09-01 13:05:00,2022-09-09 22:55:00,15.86,458.42,2292.08,0.0,14,0,14,0
43460_8100BE730,43460,2022-09-01 06:56:00,2022-09-09 10:44:00,16.11,52561.23,0.0,51561.23,0,14,14,0
148389_811FC8D80,148389,2022-09-01 21:47:00,2022-09-09 19:09:00,15.49,17118.41,0.0,16118.41,0,14,14,0
148389_811FF6590,148389,2022-09-01 20:46:00,2022-09-09 03:56:00,15.54,3702.07,0.0,2702.07,0,14,14,0
143242_8100D9A20,143242,2022-09-01 14:02:00,2022-09-09 04:28:00,15.82,6828.34,0.0,5828.34,0,14,14,0
142950_80FF80970,142950,2022-09-01 01:47:00,2022-09-09 14:56:00,16.33,44466.01,0.0,43466.01,0,14,14,0
142950_80FF814F0,142950,2022-09-01 22:04:00,2022-09-09 12:19:00,15.48,41173.8,205869.02,0.0,14,0,14,0
14_80FFCCA30,14,2022-09-01 14:51:00,2022-09-09 21:40:00,15.78,18370.85,0.0,17370.85,0,14,14,0
14_80FD7BCD0,14,2022-09-01 18:49:00,2022-09-09 16:51:00,15.62,5581.85,0.0,4581.85,0,14,14,0
43049_81005F850,43049,2022-09-01 22:46:00,2022-09-09 09:21:00,15.45,10949.31,0.0,9949.31,0,14,14,0
14_80FD2B650,14,2022-09-01 15:01:00,2022-09-09 05:53:00,15.78,2341.65,11708.27,0.0,14,0,14,0
43049_81029DE70,43049,2022-09-01 04:08:00,2022-09-09 08:50:00,16.23,2240.54,0.0,1240.54,0,14,14,0
149345_8123A1510,149345,2022-09-01 22:33:00,2022-09-09 19:51:00,15.46,49737.64,0.0,48737.64,0,14,14,0
149345_812D186E0,149345,2022-09-01 10:15:00,2022-09-09 15:15:00,15.97,31161.95,0.0,30161.95,0,14,14,0
44873_810E485D0,44873,2022-09-01 23:00:00,2022-09-09 09:59:00,15.44,10093.35,0.0,9093.35,0,14,14,0
243897_810224850,243897,2022-09-01 08:52:00,2022-09-09 19:10:00,16.03,12673.42,63367.08,0.0,14,0,14,0
243897_810638BA0,243897,2022-09-01 13:04:00,2022-09-09 21:09:00,15.86,233632.33,0.0,232632.33,0,14,14,0
243897_810998730,243897,2022-09-01 13:47:00,2022-09-09 17:22:00,15.83,46238.27,0.0,45238.27,0,14,14,0
148389_811BC30D0,148389,2022-09-01 21:07:00,2022-09-09 07:50:00,15.52,1026652.8,5133264.01,0.0,14,0,14,0
43460_81053FD80,43460,2022-09-01 02:22:00,2022-09-09 09:11:00,16.3,38189.32,0.0,37189.32,0,14,14,0
148350_811DC1F80,148350,2022-09-01 06:03:00,2022-09-09 01:52:00,16.15,6842.83,0.0,5842.83,0,14,14,0
148350_811EED7A0,148350,2022-09-01 15:02:00,2022-09-09 07:21:00,15.78,24359.98,0.0,23359.98,0,14,14,0
143242_810BCF260,143242,2022-09-01 19:27:00,2022-09-09 06:50:00,15.59,12854.78,0.0,11854.78,0,14,14,0
44650_81120A760,44650,2022-09-01 10:07:00,2022-09-09 14:39:00,15.98,19238.43,0.0,18238.43,0,14,14,0
44650_811275310,44650,2022-09-01 20:03:00,2022-09-09 06:38:00,15.57,2568.84,0.0,1568.84,0,14,14,0
43049_810EAE5C0,43049,2022-09-01 08:59:00,2022-09-09 21:17:00,16.03,1571.55,0.0,571.55,0,14,14,0
148586_812D43F20,148586,2022-09-01 12:31:00,2022-09-09 02:52:00,15.88,2490870.88,0.0,2489870.88,0,14,14,0
148785_8127BDB20,148785,2022-09-01 21:30:00,2022-09-09 03:28:00,15.51,20971.84,0.0,19971.84,0,14,14,0
148389_812A7B8C0,148389,2022-09-01 17:41:00,2022-09-09 05:58:00,15.67,6309.92,0.0,5309.92,0,14,14,0
148586_811F15D30,148586,2022-09-01 01:45:00,2022-09-09 01:50:00,16.33,1091.05,5455.24,0.0,14,0,14,0
148586_812400970,148586,2022-09-01 12:01:00,2022-09-09 21:59:00,15.9,2555.82,0.0,1555.82,0,14,14,0
143242_81053A180,143242,2022-09-01 01:50:00,2022-09-09 10:59:00,16.33,14432.16,0.0,13432.16,0,14,14,0
44873_81087F6A0,44873,2022-09-01 08:30:00,2022-09-09 07:41:00,16.05,14937.21,0.0,13937.21,0,14,14,0
44873_8108AD470,44873,2022-09-01 11:03:00,2022-09-09 14:17:00,15.94,34115.74,0.0,33115.74,0,14,14,0
148350_8127BEC30,148350,2022-09-01 19:40:00,2022-09-09 19:25:00,15.58,3455.32,0.0,2455.32,0,14,14,0
148350_812AB63D0,148350,2022-09-01 17:32:00,2022-09-09 17:44:00,15.67,132861.45,0.0,131861.45,0,14,14,0
148350_81341B630,148350,2022-09-01 17:36:00,2022-09-09 23:27:00,15.67,12661.86,0.0,11661.86,0,14,14,0
118_811A6D8E0,118,2022-09-01 04:35:00,2022-09-09 16:22:00,16.21,1770.12,8850.59,0.0,14,0,14,0
118_811A71E70,118,2022-09-01 09:01:00,2022-09-09 20:28:00,16.03,331.52,1657.6,0.0,14,0,14,0
244818_8112B2420,244818,2022-09-01 20:38:00,2022-09-09 16:51:00,15.54,3360.96,0.0,2360.96,0,14,14,0
244818_8113C9E30,244818,2022-09-01 10:06:00,2022-09-09 05:49:00,15.98,29619.92,0.0,28619.92,0,14,14,0
245090_81089F7F0,245090,2022-09-01 16:13:00,2022-09-09 13:17:00,15.73,16604.75,0.0,15604.75,0,14,14,0
243614_81013F670,243614,2022-09-01 15:18:00,2022-09-09 19:58:00,15.76,425.14,2125.69,0.0,14,0,14,0
48910_8129FD790,48910,2022-09-01 03:12:00,2022-09-09 21:24:00,16.27,10687.18,53435.9,0.0,14,0,14,0
244187_8119CDDF0,244187,2022-09-01 16:10:00,2022-09-09 02:17:00,15.73,2693.3,0.0,1693.3,0,14,14,0
244192_810153170,244192,2022-09-01 10:35:00,2022-09-09 03:41:00,15.96,7381.13,0.0,6381.13,0,14,14,0
244192_8105389B0,244192,2022-09-01 09:11:00,2022-09-09 19:58:00,16.02,5118.33,25591.65,0.0,14,0,14,0
43462_810361840,43462,2022-09-01 15:05:00,2022-09-09 21:23:00,15.77,1346.8,6734.0,0.0,14,0,14,0
43462_810642980,43462,2022-09-01 17:16:00,2022-09-09 12:51:00,15.68,4973.97,0.0,3973.97,0,14,14,0
43462_810061DD0,43462,2022-09-01 12:38:00,2022-09-09 14:14:00,15.88,15676.76,0.0,14676.76,0,14,14,0
148348_811FB3970,148348,2022-09-01 03:58:00,2022-09-09 13:54:00,16.24,2937.32,0.0,1937.32,0,14,14,0
148348_81235F540,148348,2022-09-01 10:07:00,2022-09-09 11:49:00,15.98,5299.75,0.0,4299.75,0,14,14,0
43462_8100DA7D0,43462,2022-09-01 05:30:00,2022-09-09 16:46:00,16.17,10745.67,53728.36,0.0,14,0,14,0
43462_8100EBC10,43462,2022-09-01 00:38:00,2022-09-09 20:16:00,16.38,4534.91,22674.54,0.0,14,0,14,0
48309_811DABA40,48309,2022-09-01 10:39:00,2022-09-09 06:10:00,15.96,8975.8,0.0,7975.8,0,14,14,0
43462_810132360,43462,2022-09-01 15:43:00,2022-09-09 07:50:00,15.75,5792.83,0.0,4792.83,0,14,14,0
43462_81023CB50,43462,2022-09-01 23:46:00,2022-09-09 15:37:00,15.41,21236.37,0.0,20236.37,0,14,14,0
148016_813415910,148016,2022-09-01 08:10:00,2022-09-09 17:26:00,16.06,36050.33,0.0,35050.33,0,14,14,0
148348_811DC26A0,148348,2022-09-01 18:09:00,2022-09-09 15:57:00,15.65,5971.19,0.0,4971.19,0,14,14,0
148016_811E4E460,148016,2022-09-01 03:04:00,2022-09-09 23:21:00,16.27,13658.52,0.0,12658.52,0,14,14,0
148016_811EBB870,148016,2022-09-01 20:10:00,2022-09-09 09:59:00,15.56,48680.5,0.0,47680.5,0,14,14,0
148016_811F227A0,148016,2022-09-01 18:51:00,2022-09-09 22:25:00,15.62,421.13,2105.67,0.0,14,0,14,0
148016_811FB1740,148016,2022-09-01 23:08:00,2022-09-09 02:22:00,15.44,1721482.82,0.0,1720482.82,0,14,14,0
145752_81184BE20,145752,2022-09-01 07:12:00,2022-09-09 04:56:00,16.1,6445.72,0.0,5445.72,0,14,14,0
146885_81168E0B0,146885,2022-09-01 13:47:00,2022-09-09 21:10:00,15.83,23105.51,0.0,22105.51,0,14,14,0
43462_810F26FC0,43462,2022-09-01 06:04:00,2022-09-09 23:14:00,16.15,42076.0,0.0,41076.0,0,14,14,0
43735_81055CD20,43735,2022-09-01 16:46:00,2022-09-09 17:22:00,15.7,35468.77,0.0,34468.77,0,14,14,0
43735_810605440,43735,2022-09-01 21:17:00,2022-09-09 05:32:00,15.52,3552.4,17762.01,0.0,14,0,14,0
43735_8106F13A0,43735,2022-09-01 21:18:00,2022-09-09 19:54:00,15.51,60475.85,0.0,59475.85,0,14,14,0
145106_810BD7460,145106,2022-09-01 23:04:00,2022-09-09 06:22:00,15.44,5335.94,0.0,4335.94,0,14,14,0
145106_811269720,145106,2022-09-01 02:38:00,2022-09-09 18:27:00,16.29,3173.22,0.0,2173.22,0,14,14,0
143430_810132580,143430,2022-09-01 07:40:00,2022-09-09 16:17:00,16.08,1294.75,6473.74,0.0,14,0,14,0
143242_810866E50,143242,2022-09-01 03:01:00,2022-09-09 02:24:00,16.28,2250.41,0.0,1250.41,0,14,14,0
119_8113785D0,119,2022-09-01 17:19:00,2022-09-09 14:28:00,15.68,617190.73,473765.75,522437.58,1,13,14,0
148016_812397040,148016,2022-09-01 06:35:00,2022-09-09 09:51:00,16.13,3688.63,0.0,2688.63,0,14,14,0
148016_811C381A0,148016,2022-09-01 13:20:00,2022-09-09 03:19:00,15.85,15463.12,0.0,14463.12,0,14,14,0
148016_811D811F0,148016,2022-09-01 21:34:00,2022-09-09 21:43:00,15.5,39286.5,0.0,38286.5,0,14,14,0
148016_811DB10E0,148016,2022-09-01 02:37:00,2022-09-09 21:49:00,16.29,7637.07,38185.35,0.0,14,0,14,0
148016_811DB13F0,148016,2022-09-01 11:40:00,2022-09-09 08:59:00,15.92,4386.81,0.0,3386.81,0,14,14,0
43849_810836970,43849,2022-09-01 21:50:00,2022-09-09 16:24:00,15.49,1278.28,6391.42,0.0,14,0,14,0
43849_8108D8D20,43849,2022-09-01 04:38:00,2022-09-09 06:28:00,16.21,9436.25,47181.26,0.0,14,0,14,0
144200_81184AA70,144200,2022-09-01 10:47:00,2022-09-09 00:40:00,15.95,2306.48,0.0,1306.48,0,14,14,0
144639_8119F54C0,144639,2022-09-01 11:40:00,2022-09-09 09:48:00,15.92,6153.61,0.0,5153.61,0,14,14,0
144669_810888540,144669,2022-09-01 10:04:00,2022-09-09 20:25:00,15.98,18559.36,0.0,17559.36,0,14,14,0
144669_810D6F930,144669,2022-09-01 12:38:00,2022-09-09 15:22:00,15.88,116522.19,0.0,115522.19,0,14,14,0
43818_810788F20,43818,2022-09-01 03:33:00,2022-09-09 12:58:00,16.25,3036.72,0.0,2036.72,0,14,14,0
43818_810849EF0,43818,2022-09-01 20:47:00,2022-09-09 13:10:00,15.54,952.77,4763.85,0.0,14,0,14,0
43818_8108A4F80,43818,2022-09-01 23:42:00,2022-09-09 23:59:00,15.41,17427.88,0.0,16427.88,0,14,14,0
143430_810AA2E40,143430,2022-09-01 18:04:00,2022-09-09 18:12:00,15.65,933.28,4666.41,0.0,14,0,14,0
143430_810BA66C0,143430,2022-09-01 00:34:00,2022-09-09 00:46:00,16.38,32280.95,161404.74,0.0,14,0,14,0
48309_811C3B680,48309,2022-09-01 04:31:00,2022-09-09 11:39:00,16.21,1943.07,9715.37,0.0,14,0,14,0
143493_810247930,143493,2022-09-01 00:23:00,2022-09-10 01:19:00,16.39,200926.34,3696.1,200187.12,10,4,14,0
43462_81068E120,43462,2022-09-01 15:53:00,2022-09-09 09:21:00,15.74,1843.23,9216.13,0.0,14,0,14,0
43462_8107EFF30,43462,2022-09-01 12:00:00,2022-09-09 15:18:00,15.9,31650.55,0.0,30650.55,0,14,14,0
43462_810A57AB0,43462,2022-09-01 23:10:00,2022-09-09 08:10:00,15.44,9303340.81,0.0,9302340.81,0,14,14,0
44451_8112D10A0,44451,2022-09-01 04:31:00,2022-09-09 14:23:00,16.21,338.31,1691.55,0.0,14,0,14,0
244187_810604C60,244187,2022-09-01 06:19:00,2022-09-09 18:58:00,16.14,110520.67,0.0,109520.67,0,14,14,0
244187_8108244A0,244187,2022-09-01 13:56:00,2022-09-09 23:08:00,15.82,3374.13,16870.63,0.0,14,0,14,0
50528_812AB3B00,50528,2022-09-01 08:08:00,2022-09-09 08:48:00,16.06,36186.48,0.0,35186.48,0,14,14,0
48211_811E9C550,48211,2022-09-01 07:19:00,2022-09-09 01:19:00,16.1,99527.03,0.0,98527.03,0,14,14,0
48211_811EF3B80,48211,2022-09-01 20:38:00,2022-09-09 00:40:00,15.54,3153.55,0.0,2153.55,0,14,14,0
119_811FD5490,119,2022-09-01 11:56:00,2022-09-09 03:51:00,15.9,41464.78,207323.9,0.0,14,0,14,0
244187_8109E6750,244187,2022-09-01 20:44:00,2022-09-09 03:15:00,15.54,4594.85,0.0,3594.85,0,14,14,0
243947_810010400,243947,2022-09-01 19:51:00,2022-09-09 10:59:00,15.57,7739.04,0.0,6739.04,0,14,14,0
113_80FE55680,113,2022-09-01 03:30:00,2022-09-09 22:48:00,16.26,261.6,1308.02,0.0,14,0,14,0
113_80FD37E20,113,2022-09-01 09:32:00,2022-09-09 04:51:00,16.0,467.18,2335.9,0.0,14,0,14,0
113_80FD52C30,113,2022-09-01 23:09:00,2022-09-09 00:12:00,15.44,16930.03,84650.16,0.0,14,0,14,0
113_80FD5E620,113,2022-09-01 13:36:00,2022-09-09 18:49:00,15.84,2491.24,12456.22,0.0,14,0,14,0
113_80FFECA10,113,2022-09-01 18:05:00,2022-09-09 20:29:00,15.65,49643.42,0.0,48643.42,0,14,14,0
145106_8113380F0,145106,2022-09-01 02:03:00,2022-09-09 03:23:00,16.32,3263.24,0.0,2263.24,0,14,14,0
145752_810EBADA0,145752,2022-09-01 03:44:00,2022-09-09 18:57:00,16.25,37273.86,0.0,36273.86,0,14,14,0
118_81285F100,118,2022-09-01 11:56:00,2022-09-09 03:51:00,15.9,208323.9,0.0,207323.9,0,14,14,0
118_811C42920,118,2022-09-01 02:30:00,2022-09-09 20:21:00,16.3,7767.6,0.0,6767.6,0,14,14,0
118_811C48A40,118,2022-09-01 22:20:00,2022-09-09 00:44:00,15.47,6167.54,0.0,5167.54,0,14,14,0
118_811C4E000,118,2022-09-01 12:34:00,2022-09-09 19:54:00,15.88,9988.79,49943.95,0.0,14,0,14,0
245668_810F0B4E0,245668,2022-09-01 04:53:00,2022-09-09 06:26:00,16.2,45727.41,0.0,44727.41,0,14,14,0
243947_8100381E0,243947,2022-09-01 16:05:00,2022-09-09 22:21:00,15.73,1161.28,0.0,161.28,0,14,14,0
243947_81005D740,243947,2022-09-01 07:04:00,2022-09-09 14:52:00,16.11,4173.38,0.0,3173.38,0,14,14,0
113_810643BF0,113,2022-09-01 22:46:00,2022-09-09 19:55:00,15.45,4082.66,0.0,3082.66,0,14,14,0
113_81126F4D0,113,2022-09-01 18:32:00,2022-09-09 09:56:00,15.63,6112.67,30563.33,0.0,14,0,14,0
143496_810A1C0E0,143496,2022-09-01 17:30:00,2022-09-09 19:01:00,15.67,6736.01,0.0,5736.01,0,14,14,0
143496_810A56E70,143496,2022-09-01 22:36:00,2022-09-09 19:29:00,15.46,6431.51,0.0,5431.51,0,14,14,0
43849_8114D98F0,43849,2022-09-01 10:00:00,2022-09-09 07:43:00,15.99,1013.72,0.0,13.72,0,14,14,0
143598_81035C460,143598,2022-09-01 12:45:00,2022-09-09 13:05:00,15.87,191853.88,0.0,190853.88,0,14,14,0
143598_8108BB5A0,143598,2022-09-01 11:41:00,2022-09-09 11:58:00,15.92,2860.74,0.0,1860.74,0,14,14,0
143598_81093FAD0,143598,2022-09-01 07:53:00,2022-09-09 14:26:00,16.07,6311384.57,0.0,6310384.57,0,14,14,0
44451_810A69A40,44451,2022-09-01 19:49:00,2022-09-09 09:48:00,15.58,12889.29,0.0,11889.29,0,14,14,0
119_8114256C0,119,2022-09-01 00:04:00,2022-09-10 00:12:00,16.4,3879.28,7157.3,2447.82,12,1,13,0
119_80FFF2600,119,2022-09-01 00:07:00,2022-09-10 00:23:00,16.4,167090.83,17906.3,163509.57,12,1,13,0
119_8122E3B40,119,2022-09-01 00:05:00,2022-09-10 00:18:00,16.4,46325.18,3709.22,45583.34,12,1,13,0
119_8100E2290,119,2022-09-01 00:09:00,2022-09-09 12:55:00,16.4,48540.79,35899.48,41360.89,3,10,13,0
119_811C51DD0,119,2022-09-01 00:05:00,2022-09-10 00:09:00,16.4,39793.04,82064.12,23380.22,8,5,13,0
119_8105547A0,119,2022-09-01 03:37:00,2022-09-09 02:56:00,16.25,20041.26,27756.17,14490.03,9,4,13,0
119_812D42B80,119,2022-09-01 00:08:00,2022-09-10 00:06:00,16.4,509973.42,308646.66,448244.09,3,10,13,0
119_810562880,119,2022-09-01 03:37:00,2022-09-10 16:18:00,16.25,501.99,2110.45,79.9,11,2,13,0
119_812AB5FD0,119,2022-09-01 00:17:00,2022-09-10 00:00:00,16.39,2905.36,839.94,2737.37,11,2,13,0
119_810241200,119,2022-09-01 04:07:00,2022-09-09 21:38:00,16.23,5417.14,20862.38,1244.66,10,3,13,0
119_810529320,119,2022-09-01 00:15:00,2022-09-05 00:27:00,16.39,37271.67,126204.17,12030.84,5,8,13,0
119_8101FFB90,119,2022-09-01 00:05:00,2022-09-10 00:08:00,16.4,6582.47,938.72,6394.73,11,2,13,0
222_811B83280,222,2022-09-01 04:47:00,2022-09-11 07:32:00,16.2,57799.8,60889.77,45621.85,5,7,12,1
119_8119FE980,119,2022-09-01 00:08:00,2022-09-09 09:55:00,16.4,1490942.85,7391222.85,12698.28,10,2,12,0
119_810225BC0,119,2022-09-01 09:04:00,2022-09-09 07:17:00,16.02,30162.39,61639.62,17834.47,9,3,12,0
119_810B80100,119,2022-09-01 10:56:00,2022-09-09 07:09:00,15.95,1358.22,261.71,619.93,2,10,12,0
144669_811279D10,144669,2022-09-01 04:47:00,2022-09-10 07:00:00,16.2,255630.48,0.0,254630.48,0,12,12,0
148350_812D0E170,148350,2022-09-01 00:21:00,2022-09-10 00:24:00,16.39,1290580.66,0.0,1289580.66,0,12,12,0
119_81240C120,119,2022-09-01 00:27:00,2022-09-10 17:06:00,16.38,3619.31,1390.99,3341.11,1,11,12,0
119_811F46B00,119,2022-09-01 16:34:00,2022-09-09 23:29:00,15.71,15091.88,4152.39,14261.4,2,10,12,0
119_811FDBAB0,119,2022-09-01 00:09:00,2022-09-09 21:43:00,16.4,61296.67,23.29,60319.96,1,11,12,0
119_8107EBE70,119,2022-09-01 16:53:00,2022-09-10 10:41:00,15.7,21303.2,13.48,20316.68,1,11,12,0
222_811B72AC0,222,2022-09-01 00:14:00,2022-09-09 23:01:00,16.39,46234.32,191044.16,8025.49,10,2,12,0
143242_81062BE60,143242,2022-09-01 20:09:00,2022-09-10 16:18:00,15.56,31580.5,0.0,30580.5,0,12,12,0
119_80FDE05C0,119,2022-09-01 14:31:00,2022-09-10 04:27:00,15.8,21014.64,18951.16,17224.41,4,7,11,0
143242_8112058F0,143242,2022-09-01 11:15:00,2022-09-10 01:59:00,15.93,9793.68,48968.4,0.0,11,0,11,0
119_8123FD660,119,2022-09-01 12:00:00,2022-09-09 05:09:00,15.9,51384.43,0.0,50384.43,0,11,11,0
119_81135D000,119,2022-09-01 00:22:00,2022-09-09 11:10:00,16.39,27480.42,113.11,26593.53,1,10,11,0
119_811A775D0,119,2022-09-01 00:08:00,2022-09-10 00:19:00,16.4,6267.67,816.3,6083.97,10,1,11,0
119_812D24670,119,2022-09-01 00:19:00,2022-09-10 00:07:00,16.39,882.1,568.26,450.36,10,1,11,0
119_812AB7550,119,2022-09-01 00:00:00,2022-09-10 00:21:00,16.4,1045.33,493.05,538.38,10,1,11,0
119_81051A600,119,2022-09-01 00:06:00,2022-09-09 00:15:00,16.4,29475.11,82700.44,12935.02,6,5,11,0
43049_80FDC6290,43049,2022-09-01 00:03:00,2022-09-09 14:59:00,16.4,32531.21,162656.03,0.0,11,0,11,0
119_812A9EEB0,119,2022-09-01 00:21:00,2022-09-10 00:25:00,16.39,4862.5,490.44,4352.94,10,1,11,0
119_81022DE40,119,2022-09-01 00:11:00,2022-09-10 14:09:00,16.39,1023449.32,845682.18,854312.88,1,10,11,0
119_811A83020,119,2022-09-01 00:11:00,2022-09-10 00:00:00,16.39,2140.18,413.13,1553.31,10,1,11,0
119_811B94440,119,2022-09-01 00:01:00,2022-09-09 14:52:00,16.4,8436.69,42183.44,0.0,11,0,11,0
119_80FDB2770,119,2022-09-01 00:14:00,2022-09-09 15:54:00,16.39,4643.83,7888.21,3066.19,6,5,11,0
48211_811D55B00,48211,2022-09-01 19:35:00,2022-09-10 19:40:00,15.59,138272.48,0.0,137272.48,0,11,11,0
223_811A53170,223,2022-09-01 00:06:00,2022-09-09 16:32:00,16.4,27677.39,48205.94,18036.2,9,2,11,0
119_810CE0BC0,119,2022-09-01 00:27:00,2022-09-09 07:49:00,16.38,16228.87,2588.54,15711.16,3,8,11,0
119_811A84280,119,2022-09-01 00:15:00,2022-09-10 00:10:00,16.39,3407.09,1112.19,3184.65,10,1,11,0
119_8115B3700,119,2022-09-01 00:09:00,2022-09-09 11:59:00,16.4,13546.1,1422.5,13261.6,2,9,11,0
119_811D9B400,119,2022-09-01 00:08:00,2022-09-10 00:04:00,16.4,4392.69,1381.42,4116.41,10,1,11,0
119_80FDFC110,119,2022-09-01 00:16:00,2022-09-09 12:58:00,16.39,593756.07,1157957.21,362164.63,9,2,11,0
119_80FDE9450,119,2022-09-01 00:16:00,2022-09-09 20:38:00,16.39,72657.34,177419.36,37173.47,2,9,11,0
243614_8100E8E80,243614,2022-09-01 02:31:00,2022-09-10 08:28:00,16.3,3756.45,6204.7,2515.51,10,1,11,0
119_80FD36E10,119,2022-09-01 00:26:00,2022-09-07 03:53:00,16.38,30414.87,10730.01,28268.87,2,9,11,0
43849_8108B8360,43849,2022-09-01 17:25:00,2022-09-10 01:41:00,15.68,60699.3,0.0,59699.3,0,10,10,0
119_81089E830,119,2022-09-01 03:25:00,2022-09-09 00:48:00,16.26,9271.5,46357.5,0.0,10,0,10,0
222_8000D9C00,222,2022-09-01 12:47:00,2022-09-10 21:55:00,15.87,658.18,3290.9,0.0,10,0,10,0
248857_811EE75B0,248857,2022-09-01 01:40:00,2022-09-10 02:25:00,16.33,68104.4,0.0,67104.4,0,10,10,0
244818_81125ED50,244818,2022-09-01 17:57:00,2022-09-10 06:27:00,15.65,2880.1,0.0,1880.1,0,10,10,0
222_811BA1300,222,2022-09-01 23:32:00,2022-09-10 06:04:00,15.42,22815.3,114076.5,0.0,10,0,10,0
244818_8106A4250,244818,2022-09-01 18:31:00,2022-09-10 20:04:00,15.63,1126.4,0.0,126.4,0,10,10,0
148586_812369690,148586,2022-09-01 08:15:00,2022-09-10 02:55:00,16.06,4382.9,0.0,3382.9,0,10,10,0
148586_811F3D6C0,148586,2022-09-01 15:12:00,2022-09-10 18:54:00,15.77,69652.9,0.0,68652.9,0,10,10,0
248857_811D9A180,248857,2022-09-02 14:34:00,2022-09-09 22:22:00,14.8,10821.97,54109.84,0.0,10,0,10,0
142950_8114EE5B0,142950,2022-09-01 13:06:00,2022-09-10 02:02:00,15.86,81606.9,0.0,80606.9,0,10,10,0
113_80FD4B930,113,2022-09-01 21:23:00,2022-09-10 04:59:00,15.51,114709.12,573545.6,0.0,10,0,10,0
119_811F3AB00,119,2022-09-01 00:29:00,2022-09-09 12:17:00,16.38,138945.42,576.7,138522.12,2,8,10,0
45279_810BE87A0,45279,2022-09-01 11:49:00,2022-09-10 03:02:00,15.91,196370.4,0.0,195370.4,0,10,10,0
48211_811DC4020,48211,2022-09-01 09:49:00,2022-09-10 03:57:00,15.99,271697.9,0.0,270697.9,0,10,10,0
118_811F77430,118,2022-09-01 17:50:00,2022-09-10 01:36:00,15.66,57655.1,0.0,56655.1,0,10,10,0
144225_8114D80D0,144225,2022-09-01 22:22:00,2022-09-10 17:39:00,15.47,31424.1,0.0,30424.1,0,10,10,0
118_811B737A0,118,2022-09-01 19:07:00,2022-09-10 18:51:00,15.61,3412.02,17060.1,0.0,10,0,10,0
48681_811E49970,48681,2022-09-01 22:14:00,2022-09-10 14:44:00,15.48,1156365.0,0.0,1155365.0,0,10,10,0
243614_810049F50,243614,2022-09-01 16:53:00,2022-09-10 10:41:00,15.7,4060.64,20303.2,0.0,10,0,10,0
118_811A87BA0,118,2022-09-01 09:53:00,2022-09-10 12:03:00,15.99,1839.52,9197.6,0.0,10,0,10,0
222_811A02A80,222,2022-09-01 23:11:00,2022-09-10 02:26:00,15.44,10417.3,0.0,9417.3,0,10,10,0
143242_8109CD660,143242,2022-09-01 17:53:00,2022-09-10 13:08:00,15.66,38684.1,0.0,37684.1,0,10,10,0
143242_8100EB5D0,143242,2022-09-01 20:59:00,2022-09-10 17:06:00,15.53,469396.3,0.0,468396.3,0,10,10,0
48308_8120289D0,48308,2022-09-01 12:27:00,2022-09-10 01:21:00,15.88,2854.9,0.0,1854.9,0,10,10,0
142836_80FE061A0,142836,2022-09-01 00:08:00,2022-09-10 10:55:00,16.4,7770.0,0.0,6770.0,0,10,10,0
217_80FDC5D81,217,2022-09-01 17:02:00,2022-09-10 23:00:00,15.69,20724.92,103624.6,0.0,10,0,10,0
243614_810A3A500,243614,2022-09-01 10:40:00,2022-09-10 10:09:00,15.96,3894969.14,19474845.7,0.0,10,0,10,0
1198_80FFB9E30,1198,2022-09-01 15:18:00,2022-09-10 19:30:00,15.76,2703.62,13518.1,0.0,10,0,10,0
148350_812416360,148350,2022-09-01 16:41:00,2022-09-10 16:14:00,15.71,54981.5,0.0,53981.5,0,10,10,0
119_80FFBDB00,119,2022-09-01 00:19:00,2022-09-09 18:48:00,16.39,16923.94,58218.34,5280.27,8,2,10,0
142836_81078F0A0,142836,2022-09-01 05:57:00,2022-09-10 14:20:00,16.15,215754.5,0.0,214754.5,0,10,10,0
43849_8109E2960,43849,2022-09-01 09:20:00,2022-09-10 18:39:00,16.01,9765.9,0.0,8765.9,0,10,10,0
222_811A72EF0,222,2022-09-01 10:58:00,2022-09-10 09:04:00,15.95,6471.6,0.0,5471.6,0,10,10,0
119_811BB29B0,119,2022-09-01 00:12:00,2022-09-09 03:25:00,16.39,17639609.87,81721367.85,1295336.3,5,5,10,0
222_811BA16B0,222,2022-09-01 23:34:00,2022-09-10 06:00:00,15.42,321.58,1607.9,0.0,10,0,10,0
121_811B8A720,121,2022-09-01 23:51:00,2022-09-10 22:05:00,15.41,5325.8,0.0,4325.8,0,10,10,0
248857_81235F8C0,248857,2022-09-02 16:02:00,2022-09-09 16:12:00,14.73,19876.2,0.0,18876.2,0,10,10,0
148348_8123E5A10,148348,2022-09-01 05:36:00,2022-09-10 08:59:00,16.17,261.6,738.4,0.0,10,0,10,0
14_81083B260,14,2022-09-01 13:16:00,2022-09-10 15:03:00,15.85,18773.5,0.0,17773.5,0,10,10,0
144669_81140AC80,144669,2022-09-01 17:55:00,2022-09-10 04:34:00,15.66,7673.8,0.0,6673.8,0,10,10,0
220_8105F1020,220,2022-09-01 09:59:00,2022-09-10 05:40:00,15.99,7378.9,0.0,6378.9,0,10,10,0
249118_811DFB750,249118,2022-09-01 03:36:00,2022-09-10 02:04:00,16.25,9277.3,0.0,8277.3,0,10,10,0
14_80FD57700,14,2022-09-02 22:27:00,2022-09-10 00:05:00,14.47,28120.68,57479.15,16624.85,5,5,10,0
142950_810811410,142950,2022-09-01 21:31:00,2022-09-10 02:57:00,15.51,2455.9,0.0,1455.9,0,10,10,0
119_811B68C30,119,2022-09-01 12:40:00,2022-09-10 09:42:00,15.87,1081.86,5409.3,0.0,10,0,10,0
48211_811BCB930,48211,2022-09-01 15:19:00,2022-09-10 19:17:00,15.76,5789.56,28947.8,0.0,10,0,10,0
48309_81238A5A0,48309,2022-09-01 19:09:00,2022-09-10 15:04:00,15.6,12562.7,0.0,11562.7,0,10,10,0
119_812AA8C90,119,2022-09-01 14:24:00,2022-09-09 14:51:00,15.8,65780.71,1476.61,65485.39,2,8,10,0
119_812A79BE0,119,2022-09-01 19:18:00,2022-09-09 13:41:00,15.6,4655741.3,3879393.82,3879862.54,2,8,10,0
48309_811C581E0,48309,2022-09-01 03:04:00,2022-09-10 21:27:00,16.27,2764.22,13821.1,0.0,10,0,10,0
48309_811D578F0,48309,2022-09-01 00:23:00,2022-09-10 12:54:00,16.39,36126.1,0.0,35126.1,0,10,10,0
48309_811D89460,48309,2022-09-01 15:06:00,2022-09-10 02:43:00,15.77,16683.54,83417.7,0.0,10,0,10,0
14_80FF826E0,14,2022-09-02 10:35:00,2022-09-09 20:24:00,14.96,251198.82,0.0,250198.82,0,10,10,0
119_80FDF6341,119,2022-09-01 17:02:00,2022-09-10 23:00:00,15.69,104624.6,0.0,103624.6,0,10,10,0
150240_812D22980,150240,2022-09-03 00:47:00,2022-09-11 19:47:00,14.37,43830.65,64230.21,30984.61,7,3,10,1
119_8129A10E0,119,2022-09-01 00:09:00,2022-09-09 18:48:00,16.4,10106.97,37224.82,2662.01,4,6,10,0
119_811B7F220,119,2022-09-01 00:05:00,2022-09-10 07:42:00,16.4,1126066.49,5387583.31,48549.83,4,6,10,0
1601_8014F8260,1601,2022-09-01 23:44:00,2022-09-10 22:57:00,15.41,1173.66,5868.3,0.0,10,0,10,0
43462_810C49BD0,43462,2022-09-02 23:36:00,2022-09-09 05:29:00,14.42,7624.62,0.0,6624.62,0,10,10,0
245328_810988470,245328,2022-09-01 14:34:00,2022-09-10 06:08:00,15.8,20728.8,0.0,19728.8,0,10,10,0
148016_81236BF20,148016,2022-09-02 01:01:00,2022-09-09 07:58:00,15.36,35977.02,0.0,34977.02,0,10,10,0
48308_8122E0D90,48308,2022-09-01 05:23:00,2022-09-10 17:06:00,16.18,668.22,3341.1,0.0,10,0,10,0
245558_811327450,245558,2022-09-01 22:03:00,2022-09-10 03:31:00,15.48,10765.1,0.0,9765.1,0,10,10,0
223_811C53960,223,2022-09-01 12:40:00,2022-09-10 09:42:00,15.87,6409.3,0.0,5409.3,0,10,10,0
14_8105F9020,14,2022-09-01 16:38:00,2022-09-10 07:02:00,15.71,465.92,2329.6,0.0,10,0,10,0
148016_811C2A990,148016,2022-09-01 23:35:00,2022-09-10 18:54:00,15.42,6286.58,31432.9,0.0,10,0,10,0
249118_811EF7490,249118,2022-09-02 01:03:00,2022-09-09 05:58:00,15.36,9631.13,48155.63,0.0,10,0,10,0
148016_811D65630,148016,2022-09-01 17:03:00,2022-09-10 03:28:00,15.69,4059.44,20297.2,0.0,10,0,10,0
113_80FF9CD00,113,2022-09-01 15:54:00,2022-09-10 15:28:00,15.74,127357.88,636789.4,0.0,10,0,10,0
113_80FDE8DA0,113,2022-09-01 10:13:00,2022-09-10 03:26:00,15.98,245.3,1226.5,0.0,10,0,10,0
48910_8123EDCE0,48910,2022-09-01 21:05:00,2022-09-10 19:40:00,15.52,17382.9,0.0,16382.9,0,10,10,0
243947_81064A6D0,243947,2022-09-01 13:45:00,2022-09-09 06:44:00,15.83,7474961.86,23034290.44,2868103.77,3,7,10,0
119_80FDE9F00,119,2022-09-01 00:24:00,2022-09-10 04:25:00,16.39,71339.44,82894.76,54760.49,8,2,10,0
49365_8123B8C80,49365,2022-09-01 03:20:00,2022-09-10 02:47:00,16.26,546981.4,2734907.0,0.0,10,0,10,0
243897_810904F60,243897,2022-09-01 00:20:00,2022-09-10 22:15:00,16.39,97123.8,0.0,96123.8,0,10,10,0
244192_80FE5C7D0,244192,2022-09-01 08:43:00,2022-09-09 14:26:00,16.04,328496223.77,1641959732.34,104277.3,4,6,10,0
119_811A538A0,119,2022-09-01 00:27:00,2022-09-09 00:01:00,16.38,1748.53,1309.59,1486.61,1,8,9,0
217_80FE1F8A0,217,2022-09-02 09:01:00,2022-09-09 18:23:00,15.03,6786.27,27217.02,1342.87,8,1,9,0
223_811C48E10,223,2022-09-10 07:30:00,2022-09-10 07:59:00,7.09,26051.88,0.0,25051.88,0,9,9,0
145106_8114DAC20,145106,2022-09-01 00:17:00,2022-09-09 09:43:00,16.39,15400.57,0.0,14400.57,0,9,9,0
142950_8100CED70,142950,2022-09-02 13:04:00,2022-09-09 13:38:00,14.86,458293.72,0.0,457293.72,0,9,9,0
43462_81000CD00,43462,2022-09-01 07:32:00,2022-09-09 11:59:00,16.09,5060.83,25304.17,0.0,9,0,9,0
222_811B8C210,222,2022-09-02 10:43:00,2022-09-09 08:59:00,14.96,296344.55,260294.78,244285.59,6,3,9,0
119_81237E730,119,2022-09-01 04:09:00,2022-09-09 01:18:00,16.23,21268.3,17797.76,17708.75,3,6,9,0
119_810080600,119,2022-09-01 00:21:00,2022-09-09 18:24:00,16.39,6578.06,16817.11,3214.64,7,2,9,0
44873_8108C73D0,44873,2022-09-02 00:08:00,2022-09-08 00:07:00,15.4,60608.45,0.0,59608.45,0,9,9,0
119_81008C500,119,2022-09-01 13:15:00,2022-09-10 11:47:00,15.85,35481.92,31804.6,29121.0,2,7,9,0
119_81008F2A0,119,2022-09-01 00:17:00,2022-09-09 14:51:00,16.39,5332.29,13041.19,2724.05,5,4,9,0
119_811EF9580,119,2022-09-01 00:13:00,2022-09-06 13:35:00,16.39,13891.95,2384.18,13415.11,2,7,9,0
119_81186B7D0,119,2022-09-01 00:08:00,2022-09-09 19:21:00,16.4,8525.29,6315.71,7262.15,2,7,9,0
118_811C48650,118,2022-09-01 14:06:00,2022-09-09 13:39:00,15.81,74615.23,0.0,73615.23,0,9,9,0
119_811497230,119,2022-09-01 04:17:00,2022-09-09 11:58:00,16.22,148327.33,2895.59,147748.21,2,7,9,1
119_8127D1090,119,2022-09-01 00:12:00,2022-09-09 15:28:00,16.39,13725.82,3044.71,13116.88,2,7,9,0
119_810199D00,119,2022-09-01 00:02:00,2022-09-02 00:25:00,16.4,15317.16,64007.93,2515.57,6,3,9,0
48309_811DD8BD0,48309,2022-09-01 06:11:00,2022-09-09 14:46:00,16.14,36697.71,183488.56,0.0,9,0,9,0
245328_810B8A220,245328,2022-09-02 12:34:00,2022-09-09 18:23:00,14.88,316329.48,0.0,315329.48,0,8,8,0
119_81151A0F0,119,2022-09-01 00:01:00,2022-09-09 12:41:00,16.4,67112.02,56650.43,55781.93,3,5,8,0
244192_8107BB940,244192,2022-09-02 16:30:00,2022-09-09 05:23:00,14.71,2879324.92,0.0,2878324.92,0,8,8,0
119_810BEA230,119,2022-09-01 00:07:00,2022-09-09 21:39:00,16.4,11285.47,44825.21,2320.43,6,2,8,0
119_810252210,119,2022-09-01 00:12:00,2022-09-07 12:44:00,16.39,52327.15,32673.29,45792.49,4,4,8,0
119_8107A8860,119,2022-09-01 02:37:00,2022-09-09 10:27:00,16.29,4224.95,1372.91,3950.37,2,6,8,0
119_810BD97F0,119,2022-09-01 13:20:00,2022-09-09 03:39:00,15.85,96366.35,447577.15,6850.92,3,5,8,0
148348_811EE4A40,148348,2022-09-01 00:02:00,2022-09-10 00:10:00,16.4,802.19,197.81,0.0,8,0,8,0
119_811C4E2A0,119,2022-09-01 00:20:00,2022-09-09 21:18:00,16.39,10941.63,3817.84,10178.06,2,6,8,0
223_811A00890,223,2022-09-01 02:11:00,2022-09-09 17:40:00,16.31,24140.55,44169.72,15306.61,7,1,8,1
223_811A4CDB0,223,2022-09-02 06:31:00,2022-09-09 08:50:00,15.13,5189.16,0.0,4189.16,0,8,8,0
148350_811EC48D0,148350,2022-09-02 00:36:00,2022-09-09 17:28:00,15.38,2039416.92,0.0,2038416.92,0,8,8,0
119_811A82F80,119,2022-09-01 00:06:00,2022-09-09 04:09:00,16.4,1011370.54,5054003.44,569.85,6,2,8,0
119_811B990A0,119,2022-09-01 00:18:00,2022-09-10 15:05:00,16.39,1895.86,3489.53,1197.95,3,5,8,0
119_80FFB18D0,119,2022-09-01 00:18:00,2022-09-09 23:07:00,16.39,241110.69,1194774.21,2155.85,2,6,8,0
143496_810617D50,143496,2022-09-02 11:00:00,2022-09-09 04:56:00,14.94,57655.3,0.0,56655.3,0,8,8,0
48681_811FD6A80,48681,2022-09-02 19:31:00,2022-09-09 18:59:00,14.59,849558.98,0.0,848558.98,0,8,8,0
118_812007380,118,2022-09-01 00:53:00,2022-09-09 22:25:00,16.37,4536.23,22681.13,0.0,8,0,8,0
118_811B627A0,118,2022-09-02 17:31:00,2022-09-09 05:56:00,14.67,3610.64,18053.18,0.0,8,0,8,0
119_80FF92280,119,2022-09-01 00:01:00,2022-09-07 12:27:00,16.4,207024063.93,1033156377.34,392788.46,6,2,8,0
220_80FDDB990,220,2022-09-10 04:06:00,2022-09-10 04:27:00,7.23,702062.57,0.0,701062.57,0,8,8,0
148016_811EF4AA0,148016,2022-09-02 12:07:00,2022-09-09 12:59:00,14.9,12120.34,0.0,11120.34,0,8,8,0
48795_81236DFF0,48795,2022-09-02 17:13:00,2022-09-09 22:07:00,14.68,46900.18,0.0,45900.18,0,8,8,0
119_810CFF630,119,2022-09-01 00:24:00,2022-09-09 13:42:00,16.39,3711.9,7068.78,2298.14,4,4,8,1
48943_8127B6CA0,48943,2022-09-01 00:17:00,2022-09-10 00:15:00,16.39,15430.57,0.0,14430.57,0,8,8,0
119_8109C2D10,119,2022-09-01 19:25:00,2022-09-09 17:53:00,15.59,14651.97,18557.12,10940.55,4,4,8,0
119_810537BD0,119,2022-09-01 02:11:00,2022-09-02 01:11:00,16.31,34705.5,9875.56,32730.39,2,6,8,0
48910_8121CE7D0,48910,2022-09-02 17:00:00,2022-09-09 07:53:00,14.69,6807.56,0.0,5807.56,0,8,8,0
119_81005CF50,119,2022-09-01 00:01:00,2022-09-09 22:08:00,16.4,128935.54,106861.27,107563.29,2,6,8,0
149971_812832630,149971,2022-09-02 11:00:00,2022-09-09 22:29:00,14.94,17442.54,0.0,16442.54,0,8,8,0
119_811BF0800,119,2022-09-01 03:28:00,2022-09-09 11:53:00,16.26,49420774.26,247103844.13,5.43,7,1,8,0
245090_8107922D0,245090,2022-09-02 11:00:00,2022-09-09 09:50:00,14.94,55468.44,0.0,54468.44,0,8,8,0
118_811A535E0,118,2022-09-01 03:05:00,2022-09-09 21:54:00,16.27,94933.96,7598.15,93414.33,7,1,8,0
118_811A512E0,118,2022-09-02 15:32:00,2022-09-09 02:14:00,14.75,882248.42,4411242.08,0.0,8,0,8,0
44873_8107F4680,44873,2022-09-01 16:30:00,2022-09-09 00:56:00,15.71,2114582.0,10571806.49,220.7,7,1,8,0
143242_8101DB660,143242,2022-09-02 11:40:00,2022-09-09 12:59:00,14.92,37807.54,0.0,36807.54,0,8,8,0
248857_811FF1C50,248857,2022-09-02 10:40:00,2022-09-09 14:52:00,14.96,5059.62,0.0,4059.62,0,8,8,0
244187_810988C20,244187,2022-09-01 15:01:00,2022-09-09 07:09:00,15.78,764.86,235.14,0.0,8,0,8,0
119_81087EFC0,119,2022-09-01 00:22:00,2022-09-09 11:25:00,16.39,23807.52,9.34,22816.86,1,7,8,0
119_81168F390,119,2022-09-01 00:15:00,2022-09-06 00:03:00,16.39,11259.38,10404.94,9178.39,4,4,8,0
121_811A72350,121,2022-09-02 05:45:00,2022-09-09 19:27:00,15.16,387040.43,1935202.16,0.0,8,0,8,0
119_80FD6C570,119,2022-09-01 17:39:00,2022-09-09 12:33:00,15.67,35838.85,170021.96,1834.46,6,2,8,0
149340_8129D9560,149340,2022-09-02 04:42:00,2022-09-09 13:29:00,15.21,59424.48,0.0,58424.48,0,8,8,0
113_80FD3F240,113,2022-09-01 15:39:00,2022-09-09 12:18:00,15.75,852.54,4262.71,0.0,8,0,8,0
49508_812D0AFB0,49508,2022-09-02 08:36:00,2022-09-09 05:19:00,15.04,67160.88,0.0,66160.88,0,8,8,0
1198_8101A6650,1198,2022-09-01 21:06:00,2022-09-09 19:08:00,15.52,319595.62,0.0,318595.62,0,7,7,0
148348_811E53980,148348,2022-09-01 03:59:00,2022-09-09 19:53:00,16.24,661.16,3305.82,0.0,7,0,7,0
48795_8122C0880,48795,2022-09-01 05:48:00,2022-09-09 16:06:00,16.16,13856.76,0.0,12856.76,0,7,7,0
245093_810F0AB70,245093,2022-09-01 08:53:00,2022-09-09 15:49:00,16.03,53136.07,0.0,52136.07,0,7,7,0
43735_81092B4B0,43735,2022-09-01 18:51:00,2022-09-09 20:01:00,15.62,39953.32,0.0,38953.32,0,7,7,0
245558_810BAFCB0,245558,2022-09-01 19:10:00,2022-09-09 23:58:00,15.6,119697.67,0.0,118697.67,0,7,7,0
14_80FED3461,14,2022-09-01 21:11:00,2022-09-09 12:32:00,15.52,4432.79,22163.96,0.0,7,0,7,0
119_80FFAA7A0,119,2022-09-01 00:16:00,2022-09-10 16:10:00,16.39,3591.7,15847.47,422.21,4,3,7,0
43462_810681090,43462,2022-09-01 11:33:00,2022-09-09 16:54:00,15.92,7306.18,36530.9,0.0,7,0,7,0
119_810518E31,119,2022-09-01 21:11:00,2022-09-09 12:32:00,15.52,23163.96,0.0,22163.96,0,7,7,0
143430_810169040,143430,2022-09-01 10:18:00,2022-09-09 22:30:00,15.97,121150.94,0.0,120150.94,0,7,7,0
220_80FD481E0,220,2022-09-01 21:23:00,2022-09-09 08:38:00,15.51,1842.61,9213.05,0.0,7,0,7,0
14_81025A930,14,2022-09-01 22:36:00,2022-09-09 08:13:00,15.46,21961.36,0.0,20961.36,0,7,7,0
143496_8108816B0,143496,2022-09-01 14:41:00,2022-09-09 23:10:00,15.79,7555.5,0.0,6555.5,0,7,7,0
48943_8127BF300,48943,2022-09-01 00:08:00,2022-09-10 00:00:00,16.4,1290.47,0.0,290.47,0,7,7,0
50202_8127DD830,50202,2022-09-01 15:54:00,2022-09-09 00:27:00,15.74,6281.78,0.0,5281.78,0,7,7,0
119_81202BF20,119,2022-09-01 07:30:00,2022-09-09 19:14:00,16.09,3008.19,2408.04,2526.58,3,4,7,0
48308_811DD1630,48308,2022-09-01 02:27:00,2022-09-09 02:24:00,16.3,16467.41,0.0,15467.41,0,7,7,0
113_81127FE60,113,2022-09-01 01:32:00,2022-09-09 08:40:00,16.34,3916.48,0.0,2916.48,0,7,7,0
44451_8113539A0,44451,2022-09-01 11:01:00,2022-09-09 00:12:00,15.94,100496.74,0.0,99496.74,0,7,7,0
113_81035ACC0,113,2022-09-01 20:59:00,2022-09-09 14:12:00,15.53,6119.38,0.0,5119.38,0,7,7,0
119_81152D4E0,119,2022-09-01 00:11:00,2022-09-09 19:51:00,16.39,53694.11,46193.23,44455.46,3,4,7,0
50528_812A71880,50528,2022-09-01 23:10:00,2022-09-09 13:41:00,15.44,828.31,4141.55,0.0,7,0,7,0
119_8122C6AE0,119,2022-09-01 00:01:00,2022-09-02 21:41:00,16.4,420352.94,262831.56,367786.63,2,5,7,0
142836_810AAA860,142836,2022-09-01 19:16:00,2022-09-09 15:18:00,15.6,42991.11,0.0,41991.11,0,7,7,0
119_811E9EB60,119,2022-09-01 00:24:00,2022-09-02 11:40:00,16.39,12508.18,3020.79,11904.02,1,6,7,0
143496_810E47AC0,143496,2022-09-01 14:52:00,2022-09-09 06:18:00,15.78,83470.92,0.0,82470.92,0,7,7,0
244187_8117C0140,244187,2022-09-01 17:53:00,2022-09-09 09:13:00,15.66,3555.05,17775.24,0.0,7,0,7,0
119_80FD8B120,119,2022-09-01 13:38:00,2022-09-07 00:50:00,15.83,340980.49,1684170.43,4146.4,4,3,7,0
243897_81151B5A0,243897,2022-09-01 09:56:00,2022-09-09 12:52:00,15.99,2924.86,0.0,1924.86,0,7,7,0
223_811DB8F10,223,2022-09-01 09:11:00,2022-09-09 19:58:00,16.02,1016.94,0.0,16.94,0,7,7,0
245328_8112E7760,245328,2022-09-01 15:57:00,2022-09-09 02:56:00,15.74,14379.38,0.0,13379.38,0,7,7,0
245328_8108453F0,245328,2022-09-01 12:55:00,2022-09-09 09:34:00,15.86,311.96,1559.81,0.0,7,0,7,0
119_81183C8C0,119,2022-09-01 00:23:00,2022-09-02 15:27:00,16.39,1650659.07,1371851.4,1376288.79,1,6,7,0
48795_811F3A0A0,48795,2022-09-01 09:39:00,2022-09-09 20:45:00,16.0,648542.63,0.0,647542.63,0,7,7,0
119_812A00C70,119,2022-09-01 00:26:00,2022-09-09 10:06:00,16.38,6743.66,26988.41,1345.98,3,4,7,0
48308_812AB5C50,48308,2022-09-01 18:20:00,2022-09-09 11:00:00,15.64,2513.47,0.0,1513.47,0,7,7,0
14_81004D8A0,14,2022-09-01 20:46:00,2022-09-09 12:55:00,15.54,342.26,1711.29,0.0,7,0,7,0
249118_81202B8C0,249118,2022-09-01 07:04:00,2022-09-09 04:17:00,16.11,8397.53,0.0,7397.53,0,7,7,0
14_810297BD0,14,2022-09-01 16:15:00,2022-09-09 10:27:00,15.72,31996.77,116003.86,8796.0,4,3,7,0
148348_8123FE3B0,148348,2022-09-01 18:50:00,2022-09-09 07:04:00,15.62,2758485.01,0.0,2757485.01,0,7,7,0
45000_811309600,45000,2022-09-01 08:31:00,2022-09-09 17:55:00,16.05,15280.49,0.0,14280.49,0,7,7,0
223_811BB7380,223,2022-09-01 07:01:00,2022-09-02 09:29:00,16.11,98261.33,26926.48,92876.03,4,3,7,0
220_8000D54A0,220,2022-09-01 23:29:00,2022-09-09 05:12:00,15.42,2591.46,12957.28,0.0,7,0,7,0
119_811D59820,119,2022-09-01 04:03:00,2022-09-09 14:07:00,16.23,16664.72,12894.98,14085.72,1,6,7,0
142950_81035F970,142950,2022-09-01 02:15:00,2022-09-09 08:01:00,16.31,615.55,3077.76,0.0,7,0,7,0
119_80FF7EB20,119,2022-09-01 01:01:00,2022-09-09 09:34:00,16.36,54191.22,45370.11,45117.2,3,4,7,0
144831_811327640,144831,2022-09-01 22:55:00,2022-09-09 19:37:00,15.45,1170196.98,0.0,1169196.98,0,7,7,0
144831_8109DE230,144831,2022-09-01 12:58:00,2022-09-09 04:41:00,15.86,3107.84,0.0,2107.84,0,7,7,0
144735_810C66610,144735,2022-09-01 20:18:00,2022-09-09 12:49:00,15.56,9217.52,46087.58,0.0,7,0,7,0
44565_8112876A0,44565,2022-09-01 19:32:00,2022-09-09 16:07:00,15.59,2688.54,0.0,1688.54,0,7,7,0
144669_81094B840,144669,2022-09-01 01:29:00,2022-09-09 01:05:00,16.34,24848.37,0.0,23848.37,0,7,7,0
119_80FF903A0,119,2022-09-01 16:49:00,2022-09-07 00:53:00,15.7,15846.47,3156.07,15215.26,1,6,7,0
14_80FE5FEC0,14,2022-09-01 14:04:00,2022-09-09 01:25:00,15.82,20297.49,101487.47,0.0,7,0,7,0
217_81090B490,217,2022-09-01 21:21:00,2022-09-09 05:35:00,15.51,14345.99,0.0,13345.99,0,7,7,0
217_80FD27570,217,2022-09-01 13:45:00,2022-09-09 19:34:00,15.83,18142.93,0.0,17142.93,0,7,7,0
142836_80FE5FD40,142836,2022-09-01 12:30:00,2022-09-09 20:39:00,15.88,5030.04,0.0,4030.04,0,7,7,0
142836_80FF7CC90,142836,2022-09-01 20:16:00,2022-09-09 11:10:00,15.56,5196.49,25982.46,0.0,7,0,7,0
48211_811BA2A80,48211,2022-09-01 20:21:00,2022-09-09 13:33:00,15.55,6996.65,34983.27,0.0,7,0,7,0
144225_8119CDA50,144225,2022-09-01 19:20:00,2022-09-09 06:41:00,15.6,24887.92,0.0,23887.92,0,7,7,0
43460_8106EF9C0,43460,2022-09-01 09:18:00,2022-09-09 12:09:00,16.01,172375.12,0.0,171375.12,0,7,7,0
119_811BA2170,119,2022-09-02 04:38:00,2022-09-09 18:56:00,15.21,4406.0,22029.99,0.0,7,0,7,0
119_8101548B0,119,2022-09-01 00:23:00,2022-09-09 03:43:00,16.39,71657.93,120670.95,47523.74,3,4,7,0
119_812403A20,119,2022-09-01 00:13:00,2022-09-09 06:50:00,16.39,5832.56,2746.78,5283.2,3,4,7,0
44866_81099F090,44866,2022-09-01 13:24:00,2022-09-09 00:48:00,15.84,5854.99,0.0,4854.99,0,7,7,0
245668_810B90B90,245668,2022-09-01 22:40:00,2022-09-09 03:23:00,15.46,4461.22,0.0,3461.22,0,7,7,0
143496_81078BB00,143496,2022-09-01 08:35:00,2022-09-09 21:38:00,16.04,15172.62,0.0,14172.62,0,7,7,0
143493_810914020,143493,2022-09-01 21:12:00,2022-09-09 01:12:00,15.52,86446.83,0.0,85446.83,0,7,7,0
119_811DB6260,119,2022-09-01 00:12:00,2022-09-09 15:36:00,16.39,64017300.77,53348535.75,53347593.62,2,5,7,0
44650_8113837B0,44650,2022-09-01 20:53:00,2022-09-09 05:08:00,15.53,2529.43,0.0,1529.43,0,7,7,0
222_8123DAEC0,222,2022-09-01 05:55:00,2022-09-09 11:00:00,16.16,3480.1,0.0,2480.1,0,7,7,0
246581_81125F3E0,246581,2022-09-01 00:04:00,2022-09-09 12:05:00,16.4,244600.0,0.0,243600.0,0,7,7,0
119_8134122A0,119,2022-09-01 00:04:00,2022-09-09 16:54:00,16.4,41309.48,6664.38,39976.6,2,5,7,0
119_8123F9E60,119,2022-09-01 02:37:00,2022-09-09 20:22:00,16.29,92691.43,77393.34,77212.76,3,4,7,0
144669_810230820,144669,2022-09-01 03:04:00,2022-09-09 22:47:00,16.27,85191.59,0.0,84191.59,0,7,7,0
43462_81035CDA0,43462,2022-09-01 02:30:00,2022-09-09 02:08:00,16.3,39931.76,0.0,38931.76,0,7,7,0
119_810241BD0,119,2022-09-01 00:00:00,2022-09-08 12:22:00,16.4,26847.17,60972.19,14652.73,4,3,7,0
249176_811E8A860,249176,2022-09-01 12:35:00,2022-09-09 03:35:00,15.88,5274.68,26373.41,0.0,7,0,7,0
119_811C3C5E0,119,2022-09-01 00:05:00,2022-09-08 06:20:00,16.4,38177.54,27767.77,32623.99,4,3,7,0
244818_810E487C0,244818,2022-09-01 06:22:00,2022-09-09 20:26:00,16.14,5575.27,0.0,4575.27,0,7,7,0
118_811A02170,118,2022-09-01 07:01:00,2022-09-09 09:55:00,16.11,7340398.22,0.0,7339398.22,0,7,7,0
243897_80FFEC2A0,243897,2022-09-01 07:41:00,2022-09-09 03:57:00,16.08,2132.4,10661.98,0.0,7,0,7,0
119_8100F9FC0,119,2022-09-01 01:36:00,2022-09-09 06:34:00,16.34,2383676.27,3846.9,2382906.89,2,5,7,0
222_811DC51F0,222,2022-09-01 04:12:00,2022-09-09 22:47:00,16.23,15420.56,0.0,14420.56,0,7,7,0
14_80FD3D4B0,14,2022-09-01 21:22:00,2022-09-09 22:07:00,15.51,17955.47,0.0,16955.47,0,7,7,0
14_80FDEB280,14,2022-09-01 09:38:00,2022-09-09 16:54:00,16.0,4394920.0,21974599.99,0.0,7,0,7,0
121_811A4C0D0,121,2022-09-02 02:15:00,2022-09-02 03:57:00,15.31,106918.98,534594.91,0.0,7,0,7,0
48211_811D8E260,48211,2022-09-01 11:25:00,2022-09-09 01:29:00,15.93,1045.51,5227.53,0.0,7,0,7,0
247280_811914F40,247280,2022-09-01 14:47:00,2022-09-09 10:57:00,15.79,3054.29,0.0,2054.29,0,7,7,0
119_81000AE20,119,2022-09-01 00:29:00,2022-09-09 17:03:00,16.38,45719.0,37189.03,38281.19,2,5,7,0
222_811DB32E0,222,2022-09-01 04:26:00,2022-09-09 23:56:00,16.22,19035.85,0.0,18035.85,0,7,7,0
48526_811DF67F0,48526,2022-09-01 02:05:00,2022-09-09 11:02:00,16.32,45449.93,0.0,44449.93,0,7,7,0
222_811A4DE90,222,2022-09-01 02:00:00,2022-09-09 23:26:00,16.32,1441.26,7206.29,0.0,7,0,7,0
43049_81091BB90,43049,2022-09-01 15:08:00,2022-09-09 21:40:00,15.77,5248.86,0.0,4248.86,0,7,7,0
119_81081A520,119,2022-09-01 01:22:00,2022-09-10 23:35:00,16.35,1448.85,2884.98,871.85,3,4,7,0
144639_811305400,144639,2022-09-01 03:25:00,2022-09-09 00:48:00,16.26,10982.07,0.0,9982.07,0,7,7,0
14_80FD87610,14,2022-09-01 17:59:00,2022-09-09 17:27:00,15.65,253.71,1268.54,0.0,7,0,7,0
119_8100CB0F0,119,2022-09-01 00:06:00,2022-09-05 00:15:00,16.4,13475.53,67110.38,53.45,5,2,7,0
43460_810037200,43460,2022-09-01 06:47:00,2022-09-09 11:37:00,16.12,1450.03,0.0,450.03,0,7,7,0
1198_80FD54350,1198,2022-09-01 20:39:00,2022-09-09 19:29:00,15.54,401.81,2009.07,0.0,7,0,7,0
43460_81007CEC0,43460,2022-09-01 07:12:00,2022-09-09 15:55:00,16.1,5379.9,0.0,4379.9,0,7,7,0
148389_811EDAA30,148389,2022-09-01 09:34:00,2022-09-09 01:01:00,16.0,272682.46,12868.14,270108.83,2,5,7,1
119_81236CCC0,119,2022-09-01 00:01:00,2022-09-01 19:15:00,16.4,2649443.08,2176099.38,2214223.2,2,5,7,0
48308_811BA19F0,48308,2022-09-01 08:17:00,2022-09-09 03:47:00,16.06,565.71,2828.56,0.0,7,0,7,0
217_8101AB140,217,2022-09-01 19:14:00,2022-09-09 02:53:00,15.6,1955.79,9778.93,0.0,7,0,7,0
119_80FDE06B0,119,2022-09-01 00:04:00,2022-09-10 04:06:00,16.4,3200.77,8919.6,1416.85,4,3,7,0
45601_8119570B0,45601,2022-09-01 02:06:00,2022-09-09 21:00:00,16.31,4588.97,0.0,3588.97,0,7,7,0
45601_8109B7810,45601,2022-09-01 16:50:00,2022-09-09 22:01:00,15.7,9766756.21,0.0,9765756.21,0,7,7,0
149340_812A920E0,149340,2022-09-01 18:39:00,2022-09-09 03:10:00,15.62,29222.53,0.0,28222.53,0,7,7,0
144200_810609AF0,144200,2022-09-01 08:46:00,2022-09-09 13:07:00,16.04,2001.42,0.0,1001.42,0,7,7,0
1198_80FE5CE40,1198,2022-09-01 05:01:00,2022-09-09 05:36:00,16.19,12432.19,0.0,11432.19,0,7,7,0
119_8100C1CC0,119,2022-09-01 00:12:00,2022-09-01 07:57:00,16.39,20549.01,19554.5,16638.11,4,3,7,0
119_8109A2260,119,2022-09-01 07:41:00,2022-09-07 11:39:00,16.08,6740.25,22329.41,2274.37,5,2,7,0
119_810941FB0,119,2022-09-01 00:11:00,2022-09-09 14:12:00,16.39,91586.32,178790.17,55828.29,4,3,7,0
143598_810C71570,143598,2022-09-01 20:17:00,2022-09-09 12:00:00,15.56,17419.97,0.0,16419.97,0,7,7,0
43049_810CC6870,43049,2022-09-01 09:57:00,2022-09-09 07:17:00,15.99,7228.53,0.0,6228.53,0,7,7,0
119_811385120,119,2022-09-01 08:43:00,2022-09-09 10:29:00,16.04,1641970937.3,40083.62,1641962920.58,1,6,7,0
45000_810C52B80,45000,2022-09-01 15:39:00,2022-09-09 02:21:00,15.75,2481.97,0.0,1481.97,0,7,7,0
119_811F090E0,119,2022-09-01 20:43:00,2022-09-09 23:25:00,15.54,2584.66,1092.63,2366.13,2,4,6,0
119_811F137E0,119,2022-09-01 11:26:00,2022-09-05 07:53:00,15.93,4023.85,5011.98,3021.45,2,4,6,0
119_8109F1DF0,119,2022-09-01 06:36:00,2022-09-09 21:26:00,16.13,5405333.4,4502571.5,4504819.1,1,5,6,0
113_8100D9200,113,2022-09-01 00:08:00,2022-09-01 00:24:00,16.4,6499049.29,32405532.08,17942.87,3,3,6,0
119_811E430E0,119,2022-09-01 10:01:00,2022-09-09 18:53:00,15.98,7366.69,22025.76,2961.54,5,1,6,0
113_810047CF0,113,2022-09-02 05:04:00,2022-09-09 10:44:00,15.19,1630780.8,0.0,1629780.8,0,6,6,0
217_810009A50,217,2022-09-02 18:37:00,2022-09-09 08:49:00,14.63,64456.78,0.0,63456.78,0,6,6,0
119_811BFBAD0,119,2022-09-01 00:12:00,2022-09-01 23:02:00,16.39,288931.11,196373.73,249656.36,2,4,6,0
113_80FD44640,113,2022-09-02 00:41:00,2022-09-09 10:52:00,15.37,2359892.06,0.0,2358892.06,0,6,6,0
248857_811C51890,248857,2022-09-02 08:12:00,2022-09-09 17:56:00,15.06,2562199.96,0.0,2561199.96,0,6,6,0
1198_80FDC3490,1198,2022-09-01 04:19:00,2022-09-10 00:04:00,16.22,2513318.21,239.2,2512557.41,5,1,6,0
43049_81014E5B0,43049,2022-09-02 01:31:00,2022-09-09 03:56:00,15.34,580381551.54,0.0,580380551.54,0,6,6,0
119_8100E1E20,119,2022-09-01 00:40:00,2022-09-04 15:15:00,16.37,29967.16,27621.58,24442.84,4,2,6,0
119_8100DF070,119,2022-09-01 02:47:00,2022-09-02 16:59:00,16.29,401997.69,367150.57,328567.58,4,2,6,0
121_811A844C0,121,2022-09-02 19:03:00,2022-09-09 08:53:00,14.61,3050.86,15254.28,0.0,6,0,6,0
148586_8129DA6E0,148586,2022-09-02 05:39:00,2022-09-09 04:45:00,15.17,28236.54,0.0,27236.54,0,6,6,0
148586_8122CDA40,148586,2022-09-02 12:33:00,2022-09-09 05:26:00,14.88,1632727.18,0.0,1631727.18,0,6,6,0
119_81016E0A0,119,2022-09-01 00:17:00,2022-09-09 23:46:00,16.39,35625.33,29361.29,29753.07,2,4,6,0
43460_810697B70,43460,2022-09-02 23:36:00,2022-09-09 16:44:00,14.42,5322.74,0.0,4322.74,0,6,6,0
118_812358340,118,2022-09-02 01:05:00,2022-09-09 21:58:00,15.36,183556.0,0.0,182556.0,0,6,6,0
119_811BA2B20,119,2022-09-01 00:16:00,2022-09-02 23:44:00,16.39,33399.9,29702.94,27459.31,3,3,6,0
14_80FD48F10,14,2022-09-08 19:12:00,2022-09-08 19:26:00,8.6,8312.61,0.0,7312.61,0,6,6,0
119_811BA13A0,119,2022-09-01 00:29:00,2022-09-09 02:48:00,16.38,49743.04,4276.06,48887.83,2,4,6,0
119_810084E00,119,2022-09-02 03:33:00,2022-09-09 01:10:00,15.25,162755.09,813775.43,0.0,6,0,6,0
222_811BFF440,222,2022-09-02 17:01:00,2022-09-09 00:51:00,14.69,13205.85,66029.26,0.0,6,0,6,0
119_811BFF170,119,2022-09-01 00:09:00,2022-09-09 10:45:00,16.4,7757.23,5876.21,6581.99,2,4,6,0
1198_80FECB2F0,1198,2022-09-02 17:43:00,2022-09-09 00:57:00,14.66,624940.7,0.0,623940.7,0,6,6,0
119_80FFDA7D0,119,2022-09-01 01:54:00,2022-09-09 01:52:00,16.32,16202.02,13373.93,13527.23,2,4,6,0
220_81004DD20,220,2022-09-02 00:36:00,2022-09-09 05:59:00,15.38,1325988.25,6629941.26,0.0,6,0,6,0
119_80FFA8870,119,2022-09-01 00:17:00,2022-09-09 18:19:00,16.39,6541.44,4513.53,5638.73,2,4,6,0
48309_8129A12D0,48309,2022-09-02 15:34:00,2022-09-09 01:23:00,14.75,21296.6,0.0,20296.6,0,6,6,0
223_811B809A0,223,2022-09-02 04:39:00,2022-09-09 14:14:00,15.21,4872.22,4991.04,3874.01,4,2,6,0
220_80FDE5EE0,220,2022-09-02 10:10:00,2022-09-09 04:58:00,14.98,9111387.48,0.0,9110387.48,0,6,6,0
119_811C301A0,119,2022-09-01 00:13:00,2022-09-09 14:01:00,16.39,4400.14,2705.6,3859.02,2,4,6,0
148348_811F2EC50,148348,2022-09-02 15:16:00,2022-09-09 16:23:00,14.77,205638.12,0.0,204638.12,0,6,6,0
148348_811F61C50,148348,2022-09-02 04:38:00,2022-09-09 18:56:00,15.21,21230.94,0.0,20230.94,0,6,6,0
148348_811D99920,148348,2022-09-02 17:42:00,2022-09-09 11:53:00,14.66,247104838.7,0.0,247103838.7,0,6,6,0
43049_80FDE7B60,43049,2022-09-01 00:01:00,2022-09-09 02:32:00,16.4,182975.57,28593.39,177256.89,5,1,6,0
220_80FDDF080,220,2022-09-02 02:57:00,2022-09-09 15:32:00,15.28,7850.11,39250.54,0.0,6,0,6,0
223_811A65C40,223,2022-09-02 23:34:00,2022-09-09 18:25:00,14.42,839383.68,0.0,838383.68,0,6,6,0
148350_811FEF430,148350,2022-09-02 13:38:00,2022-09-09 05:56:00,14.83,59706.84,0.0,58706.84,0,6,6,0
119_8102A1A40,119,2022-09-01 00:28:00,2022-09-01 02:27:00,16.38,27475.59,132663.86,942.82,5,1,6,0
119_8101DDF80,119,2022-09-01 00:27:00,2022-09-09 20:37:00,16.38,65624.19,52584.01,55107.39,1,5,6,0
119_8101E5D20,119,2022-09-01 00:12:00,2022-09-02 05:15:00,16.39,518924.69,355234.48,447877.79,2,4,6,0
118_811BC5210,118,2022-09-02 15:05:00,2022-09-09 02:59:00,14.77,1250.38,6251.9,0.0,6,0,6,0
119_8100F5580,119,2022-09-01 00:00:00,2022-09-09 00:22:00,16.4,173232.67,858494.12,1533.85,3,3,6,0
121_811C3ACE0,121,2022-09-02 22:42:00,2022-09-09 23:47:00,14.46,715.96,3579.78,0.0,6,0,6,0
245748_810BD4290,245748,2022-09-02 02:14:00,2022-09-09 12:28:00,15.31,18528.76,0.0,17528.76,0,6,6,0
118_811F30F20,118,2022-09-02 06:40:00,2022-09-09 23:22:00,15.12,3082.84,0.0,2082.84,0,6,6,0
119_8122E24E0,119,2022-09-01 00:14:00,2022-09-09 01:55:00,16.39,1932.18,3203.15,1291.55,2,4,6,0
119_812353C70,119,2022-09-01 00:21:00,2022-09-09 01:20:00,16.39,19357.25,94976.73,361.9,3,3,6,0
119_8107F36E0,119,2022-09-01 00:01:00,2022-09-03 00:24:00,16.4,83765.49,283.72,83049.21,1,5,6,0
119_811E569F0,119,2022-09-01 00:12:00,2022-09-09 22:45:00,16.39,25590.32,20863.48,21417.62,2,4,6,0
48755_812A7CBA0,48755,2022-09-02 13:13:00,2022-09-09 05:23:00,14.85,147883.4,0.0,146883.4,0,6,6,0
119_811ED9E90,119,2022-09-01 14:46:00,2022-09-10 00:16:00,15.79,139003.71,116937.51,115616.21,2,4,6,0
119_811E459E0,119,2022-09-02 19:03:00,2022-09-09 08:53:00,14.61,16254.28,0.0,15254.28,0,6,6,0
43849_810F27630,43849,2022-09-02 23:31:00,2022-09-09 06:58:00,14.42,166815.24,0.0,165815.24,0,6,6,0
44451_81142D420,44451,2022-09-02 12:35:00,2022-09-09 18:36:00,14.88,64248.18,0.0,63248.18,0,6,6,0
119_810CC3F80,119,2022-09-01 09:05:00,2022-09-09 19:57:00,16.02,62947.17,52326.11,52481.95,2,4,6,0
119_80FDBD010,119,2022-09-01 13:47:00,2022-09-09 00:37:00,15.83,25148.25,20746.11,20999.03,2,4,6,0
119_80FDD20A0,119,2022-09-01 07:49:00,2022-09-03 19:37:00,16.08,1072.82,4212.24,230.37,4,2,6,0
119_80FD490A0,119,2022-09-01 00:19:00,2022-09-09 12:10:00,16.39,7243.2,6936.65,5855.87,2,4,6,0
119_80FE1CC90,119,2022-09-01 03:44:00,2022-09-09 11:59:00,16.25,60684.78,49687.42,50747.3,2,4,6,0
119_810A90E80,119,2022-09-01 00:04:00,2022-09-02 18:21:00,16.4,344814.76,3564.38,344101.88,2,4,6,0
48308_811F07810,48308,2022-09-02 15:34:00,2022-09-09 05:58:00,14.75,345060.92,0.0,344060.92,0,6,6,0
119_811DA5AB0,119,2022-09-01 00:20:00,2022-09-09 22:38:00,16.39,476664.79,396764.21,397311.95,2,4,6,0
243614_80FFA6630,243614,2022-09-02 21:52:00,2022-09-09 21:55:00,14.49,31384.22,0.0,30384.22,0,6,6,0
118_811B678E0,118,2022-09-02 08:50:00,2022-09-09 12:17:00,15.03,27589.08,137945.42,0.0,6,0,6,0
119_8107DE290,119,2022-09-01 12:12:00,2022-09-09 12:34:00,15.89,5802.5,8892.16,4024.07,3,3,6,0
243614_80FDFF2B0,243614,2022-09-02 16:00:00,2022-09-09 10:29:00,14.74,24797.9,0.0,23797.9,0,6,6,0
119_8105FC2E0,119,2022-09-01 00:01:00,2022-09-09 19:47:00,16.4,3690.27,14744.65,741.34,4,2,6,0
119_8105E6820,119,2022-09-01 11:52:00,2022-09-02 22:07:00,15.91,113797.46,16514.75,110494.51,2,4,6,0
142836_80FDB2A50,142836,2022-09-02 13:49:00,2022-09-09 22:38:00,14.83,74122.1,21845.72,69752.96,4,2,6,0
43735_81024BE80,43735,2022-09-02 21:33:00,2022-09-09 18:17:00,14.5,9658.12,0.0,8658.12,0,6,6,0
119_8106293F0,119,2022-09-01 13:42:00,2022-09-09 18:14:00,15.83,27019.79,26022.76,21815.24,3,3,6,0
119_810621F60,119,2022-09-01 00:02:00,2022-09-09 04:49:00,16.4,2773302.53,2312972.57,2310708.02,4,2,6,0
146484_81183FB50,146484,2022-09-02 00:30:00,2022-09-09 10:21:00,15.38,37767.96,0.0,36767.96,0,6,6,0
43462_810BC44C0,43462,2022-09-02 19:05:00,2022-09-09 15:22:00,14.61,8747852.06,0.0,8746852.06,0,6,6,0
121_811F71AF0,121,2022-09-02 21:42:00,2022-09-09 15:27:00,14.5,3284.48,0.0,2284.48,0,6,6,0
245558_811409680,245558,2022-09-02 23:10:00,2022-09-09 23:55:00,14.44,13161.98,0.0,12161.98,0,6,6,0
118_811B7F410,118,2022-09-02 08:07:00,2022-09-09 00:28:00,15.06,24332.36,0.0,23332.36,0,6,6,0
45304_8117E29E0,45304,2022-09-02 07:01:00,2022-09-09 23:29:00,15.11,53133.24,0.0,52133.24,0,6,6,0
119_8115E03C0,119,2022-09-01 04:26:00,2022-09-09 19:17:00,16.22,2383.24,7935.57,796.13,3,3,6,0
249118_81285C180,249118,2022-09-02 09:26:00,2022-09-09 17:55:00,15.01,30873.55,154367.74,0.0,6,0,6,0
119_8117DD5D0,119,2022-09-01 00:21:00,2022-09-08 00:03:00,16.39,50596.29,50821.49,40431.99,4,2,6,0
14_8119D4190,14,2022-09-02 10:05:00,2022-09-09 17:28:00,14.98,23742.98,0.0,22742.98,0,6,6,0
43849_810297700,43849,2022-09-02 13:43:00,2022-09-09 04:08:00,14.83,1065.59,5327.96,0.0,6,0,6,0
143493_810A3C7D0,143493,2022-09-02 23:08:00,2022-09-09 12:44:00,14.44,7583.82,0.0,6583.82,0,6,6,0
119_811DB5DC0,119,2022-09-02 04:08:00,2022-09-09 04:43:00,15.23,260713.1,1299348.59,843.38,4,2,6,0
43049_80FD69E60,43049,2022-09-02 06:00:00,2022-09-09 04:48:00,15.15,30219.6,151098.0,0.0,6,0,6,0
119_8127B2830,119,2022-09-01 00:18:00,2022-09-09 00:23:00,16.39,16262.91,16837.62,12895.39,3,3,6,0
43818_81060BE60,43818,2022-09-01 00:09:00,2022-09-09 02:27:00,16.4,15708.25,78541.26,0.0,6,0,6,0
249176_811F05140,249176,2022-09-02 12:36:00,2022-09-09 10:26:00,14.88,12295.36,0.0,11295.36,0,6,6,0
142836_80FDD8A50,142836,2022-09-02 12:19:00,2022-09-09 06:25:00,14.89,12023402.68,0.0,12022402.68,0,6,6,0
121_811EF58C0,121,2022-09-02 16:08:00,2022-09-09 08:26:00,14.73,5891.48,0.0,4891.48,0,6,6,0
119_811B6A600,119,2022-09-01 00:00:00,2022-09-09 10:58:00,16.4,1248.98,340.11,589.09,2,4,6,0
119_80FFC8350,119,2022-09-01 00:06:00,2022-09-06 03:47:00,16.4,4965.59,5708.81,3823.83,3,2,5,0
119_811BC5DC0,119,2022-09-01 00:03:00,2022-09-09 11:55:00,16.4,218743.84,418408.93,135062.05,2,3,5,0
50202_812A8C590,50202,2022-09-01 00:09:00,2022-09-09 00:17:00,16.4,1139.37,0.0,139.37,0,5,5,0
48308_811E079C0,48308,2022-09-01 17:00:00,2022-09-01 17:26:00,15.69,13748578.6,0.0,13747578.6,0,5,5,0
113_810BD7890,113,2022-09-01 00:06:00,2022-09-01 00:20:00,16.4,579165.3,0.0,578165.3,0,5,5,0
119_811429AD0,119,2022-09-01 00:27:00,2022-09-04 05:48:00,16.38,3390.92,3875.82,2615.76,2,3,5,0
119_810102BE0,119,2022-09-01 00:15:00,2022-09-09 22:43:00,16.39,29253.85,23902.47,24473.36,1,4,5,0
119_81000A240,119,2022-09-01 00:24:00,2022-09-03 10:34:00,16.39,727982.86,588.78,727571.64,2,3,5,0
119_8100FBF00,119,2022-09-01 07:27:00,2022-09-09 17:50:00,16.09,4936.96,3939.89,4148.98,2,3,5,0
119_810080420,119,2022-09-01 00:00:00,2022-09-01 01:24:00,16.4,7336.83,25782.22,2180.39,3,2,5,0
119_81007DC80,119,2022-09-01 01:12:00,2022-09-02 16:45:00,16.35,11215.44,25433.34,6128.77,2,3,5,0
119_810089FB0,119,2022-09-01 00:15:00,2022-09-01 06:27:00,16.39,31713.46,24467.4,26819.98,2,3,5,0
119_80FFBA980,119,2022-09-01 00:28:00,2022-09-09 22:53:00,16.38,874.4,2101.32,454.14,2,3,5,0
119_810059D50,119,2022-09-01 06:06:00,2022-09-04 08:21:00,16.15,3659.07,673.01,3332.08,2,3,5,0
119_810068E10,119,2022-09-01 03:26:00,2022-09-01 09:54:00,16.26,3737.33,1965.33,3344.26,2,3,5,0
119_81135CE70,119,2022-09-01 00:02:00,2022-09-02 04:23:00,16.4,6085.55,24161.86,1253.18,4,1,5,0
119_8117ACA20,119,2022-09-01 00:01:00,2022-09-02 15:57:00,16.4,1719282.56,795.13,1719077.69,1,4,5,0
222_811D80C30,222,2022-09-04 11:55:00,2022-09-12 17:52:00,12.91,23795.39,8722.61,22050.87,1,4,5,1
119_8101A0960,119,2022-09-01 00:29:00,2022-09-02 01:05:00,16.38,22382780.87,19476.19,22378885.63,2,3,5,0
119_810137800,119,2022-09-01 00:13:00,2022-09-01 15:39:00,16.39,26510.8,40276.16,18455.57,3,2,5,0
119_8101572E0,119,2022-09-01 00:01:00,2022-09-09 14:17:00,16.4,1107.76,13.13,120.89,1,4,5,0
119_81061D430,119,2022-09-01 00:02:00,2022-09-10 12:17:00,16.4,4808.93,4082.97,3992.34,2,3,5,0
220_80FDB6DF0,220,2022-09-01 09:10:00,2022-09-02 02:25:00,16.02,7606.74,38033.69,0.0,5,0,5,0
142950_80FD688C0,142950,2022-09-02 00:14:00,2022-09-07 00:27:00,15.39,831.32,168.68,0.0,5,0,5,0
118_811B8F530,118,2022-09-01 00:07:00,2022-09-07 00:23:00,16.4,26223.19,131115.97,0.0,5,0,5,0
119_811B72740,119,2022-09-01 00:06:00,2022-09-09 22:37:00,16.4,12136.62,9740.87,10188.45,1,4,5,0
119_8115D4340,119,2022-09-01 00:28:00,2022-09-08 17:11:00,16.38,1638.81,7189.53,200.9,3,2,5,0
119_811B79630,119,2022-09-01 00:00:00,2022-09-09 18:33:00,16.4,11314.06,0.0,10314.06,0,5,5,0
43049_80FDE2280,43049,2022-09-03 20:41:00,2022-09-09 11:34:00,13.54,20295.03,0.0,19295.03,0,5,5,0
119_8115DE6A0,119,2022-09-01 21:38:00,2022-09-09 12:12:00,15.5,7105.57,6387.84,5828.0,2,3,5,0
119_811289B70,119,2022-09-01 00:21:00,2022-09-01 20:08:00,16.39,38687.96,32239.97,32239.97,2,3,5,0
119_8111F1D10,119,2022-09-01 11:44:00,2022-09-09 15:15:00,15.91,1442.28,2944.34,853.41,2,3,5,0
119_811C5AAA0,119,2022-09-01 00:10:00,2022-09-10 07:44:00,16.4,13249.98,13607.36,10528.51,3,2,5,0
119_81029FE20,119,2022-09-01 17:08:00,2022-09-01 23:04:00,15.69,472766.53,2322678.86,8230.76,3,2,5,0
14_80FD4C4C0,14,2022-09-02 00:02:00,2022-09-09 00:14:00,15.4,49161.78,245808.89,0.0,5,0,5,0
119_811B8AB20,119,2022-09-01 00:29:00,2022-09-01 07:53:00,16.38,149319.82,110111.32,127297.56,1,4,5,0
119_811D5C480,119,2022-09-01 00:07:00,2022-09-06 00:20:00,16.4,133297.74,1970.46,132903.65,1,4,5,0
119_80FE5F390,119,2022-09-01 00:23:00,2022-09-01 05:25:00,16.39,7615588.14,6345798.7,6346428.4,2,3,5,0
119_811B6E700,119,2022-09-01 00:03:00,2022-09-07 03:19:00,16.4,7984.84,11246.05,5735.63,3,2,5,1
142950_8107B11F0,142950,2022-09-01 23:00:00,2022-09-01 23:28:00,15.44,306615.33,0.0,305615.33,0,5,5,0
119_813406380,119,2022-09-01 00:00:00,2022-09-09 09:42:00,16.4,1014.86,189.25,204.11,2,3,5,0
1198_8100C2520,1198,2022-09-01 11:40:00,2022-09-01 11:51:00,15.92,66770.92,0.0,65770.92,0,5,5,0
119_8102356E0,119,2022-09-01 07:17:00,2022-09-08 12:10:00,16.1,41687.94,35260.79,34635.78,3,2,5,0
43049_80FE1D7A0,43049,2022-09-01 00:13:00,2022-09-02 09:41:00,16.39,4103.62,6255.81,2852.46,2,3,5,0
119_811B78E40,119,2022-09-01 00:04:00,2022-09-10 11:59:00,16.4,34881.27,33191.46,28242.98,3,2,5,0
119_811B800A0,119,2022-09-01 20:51:00,2022-09-10 07:43:00,15.53,15587.29,14056.49,12775.99,2,3,5,0
119_8127D9270,119,2022-09-01 00:10:00,2022-09-08 12:42:00,16.4,124882.86,107467.3,103389.4,3,2,5,0
119_8129B2660,119,2022-09-01 00:28:00,2022-09-09 09:40:00,16.38,13473.1,11578.03,11157.49,2,3,5,0
119_811D637B0,119,2022-09-01 17:43:00,2022-09-08 00:28:00,15.66,19914.0,31.03,18945.03,1,4,5,0
119_812012BB0,119,2022-09-01 00:12:00,2022-09-01 05:02:00,16.39,2001.78,1633.74,1675.03,2,3,5,0
48211_811BA4430,48211,2022-09-02 23:32:00,2022-09-02 23:58:00,14.42,16657.88,0.0,15657.88,0,5,5,0
217_80FDC2330,217,2022-09-01 00:25:00,2022-09-10 00:13:00,16.38,635.87,364.13,0.0,5,0,5,0
143496_810350F00,143496,2022-09-01 21:01:00,2022-09-01 21:20:00,15.53,79532.41,0.0,78532.41,0,5,5,0
119_8105DEDF0,119,2022-09-01 04:01:00,2022-09-10 03:38:00,16.23,748.46,1931.3,362.2,2,3,5,0
119_811DB5D70,119,2022-09-01 12:22:00,2022-09-08 14:22:00,15.89,6783.42,33874.53,8.51,4,1,5,0
118_811B6E170,118,2022-09-10 05:18:00,2022-09-17 09:39:00,7.18,27464.33,25189.78,22426.37,3,2,5,1
223_811F18E70,223,2022-09-02 00:27:00,2022-09-08 00:20:00,15.38,517.63,482.37,0.0,5,0,5,0
119_80FD31C40,119,2022-09-01 00:19:00,2022-09-01 02:34:00,16.39,712.97,330.67,43.64,3,2,5,0
119_80FD31560,119,2022-09-01 13:15:00,2022-09-09 23:26:00,15.85,4597.77,13.65,3611.42,1,4,5,0
119_810BE87F0,119,2022-09-01 11:24:00,2022-09-02 11:58:00,15.93,14783233.53,8.88,14782242.41,1,4,5,0
119_810BD1A30,119,2022-09-01 00:21:00,2022-09-09 15:50:00,16.39,2132.04,3989.65,1334.11,2,3,5,0
44650_8108CCE40,44650,2022-09-01 00:02:00,2022-09-08 00:04:00,16.4,533.84,466.16,0.0,5,0,5,0
119_8107B4840,119,2022-09-01 11:10:00,2022-09-09 11:26:00,15.94,1234.52,340.44,574.96,1,4,5,0
119_811DC5A70,119,2022-09-01 00:02:00,2022-09-07 01:27:00,16.4,11919.85,2115.44,11496.76,1,4,5,0
243614_81024B4C0,243614,2022-09-02 20:03:00,2022-09-02 20:11:00,14.57,4454.09,0.0,3454.09,0,5,5,0
48308_811F2EE40,48308,2022-09-02 04:06:00,2022-09-02 04:19:00,15.23,115980.05,0.0,114980.05,0,5,5,0
217_80FDCB440,217,2022-09-03 20:41:00,2022-09-09 11:49:00,13.54,26198.01,0.0,25198.01,0,5,5,0
119_80FDDD0D0,119,2022-09-02 02:59:00,2022-09-10 04:23:00,15.28,1132.74,3203.91,491.96,1,4,5,0
142950_80FE58CF0,142950,2022-09-04 00:11:00,2022-09-10 00:24:00,13.39,859.5,140.5,0.0,5,0,5,0
48910_81236B920,48910,2022-09-01 00:24:00,2022-09-08 00:22:00,16.39,898.83,101.17,0.0,5,0,5,0
119_810A9E040,119,2022-09-01 21:57:00,2022-09-02 17:41:00,15.49,38588.06,39355.72,30716.92,4,1,5,0
119_80FDECAD0,119,2022-09-02 05:15:00,2022-09-10 04:07:00,15.18,166166.41,688820.46,28402.32,1,4,5,0
119_810A886D0,119,2022-09-01 05:11:00,2022-09-09 01:17:00,16.19,4901.88,23685.48,164.78,3,2,5,0
217_80FD60480,217,2022-09-02 23:37:00,2022-09-02 23:58:00,14.42,233602.69,0.0,232602.69,0,5,5,0
217_80FD4C0F0,217,2022-09-02 09:04:00,2022-09-02 09:23:00,15.02,5549.78,27748.89,0.0,5,0,5,0
119_80FDDB760,119,2022-09-01 00:18:00,2022-09-10 04:08:00,16.39,21548.86,19311.13,17686.63,3,2,5,0
119_80FDD5AE0,119,2022-09-01 13:50:00,2022-09-10 04:06:00,15.83,562.35,1266.43,309.06,2,3,5,0
119_80FD64AC0,119,2022-09-01 00:10:00,2022-09-01 17:06:00,16.4,4768.63,3828.86,4002.86,2,3,5,0
119_80FDD2F70,119,2022-09-01 03:44:00,2022-09-03 19:47:00,16.25,4177.57,7815.43,2614.48,3,2,5,0
119_811A68360,119,2022-09-01 00:17:00,2022-09-10 20:08:00,16.39,556835.35,467609.41,463313.47,3,2,5,0
119_811FECB30,119,2022-09-01 07:13:00,2022-09-09 19:45:00,16.1,1478.69,3314.98,815.69,2,3,5,0
113_80FD33DE0,113,2022-09-02 00:20:00,2022-09-02 04:26:00,15.39,36131.54,15534.1,33024.72,2,2,4,0
119_811FFA0A0,119,2022-09-01 00:17:00,2022-09-01 12:25:00,16.39,8047199.27,6705999.39,6705999.39,2,2,4,0
49365_81283A9D0,49365,2022-09-02 18:12:00,2022-09-09 15:27:00,14.64,8322.62,0.0,7322.62,0,4,4,0
119_811FFCB20,119,2022-09-01 01:26:00,2022-09-01 02:13:00,16.34,3901.84,3251.53,3251.53,2,2,4,0
243947_80FFFCA00,243947,2022-09-02 17:03:00,2022-09-07 00:12:00,14.69,64012.89,0.0,63012.89,0,4,4,0
48910_8123E6350,48910,2022-09-02 09:37:00,2022-09-02 09:59:00,15.0,36925.25,0.0,35925.25,0,4,4,0
243947_81020B4A0,243947,2022-09-02 05:01:00,2022-09-09 04:21:00,15.19,2234.76,11173.78,0.0,4,0,4,0
119_811DD0480,119,2022-09-01 00:14:00,2022-09-01 00:29:00,16.39,3295299.77,2746083.14,2746083.14,2,2,4,0
119_811EBD4B0,119,2022-09-01 00:18:00,2022-09-01 00:20:00,16.39,12385.33,10321.11,10321.11,2,2,4,0
43849_81127AD40,43849,2022-09-02 00:15:00,2022-09-10 00:16:00,15.39,756.73,243.27,0.0,4,0,4,0
44565_8109AF050,44565,2022-09-02 18:46:00,2022-09-09 12:39:00,14.62,42437.98,0.0,41437.98,0,4,4,0
119_810A64650,119,2022-09-01 00:27:00,2022-09-01 04:56:00,16.38,12464.47,10387.06,10387.06,2,2,4,0
119_810A8E000,119,2022-09-01 00:07:00,2022-09-09 06:49:00,16.4,5954.9,4877.92,4979.32,1,3,4,0
244192_810170340,244192,2022-09-02 12:04:00,2022-09-02 12:25:00,14.9,22793.94,0.0,21793.94,0,4,4,0
243897_8100DC730,243897,2022-09-01 01:03:00,2022-09-10 00:00:00,16.36,1639276.03,1723.69,1638931.29,3,1,4,0
244818_81079F340,244818,2022-09-02 07:01:00,2022-09-02 07:23:00,15.11,8299.99,0.0,7299.99,0,4,4,0
250068_8127B9A30,250068,2022-09-02 15:40:00,2022-09-09 23:56:00,14.75,1610193.44,0.0,1609193.44,0,4,4,0
250188_81246B3B0,250188,2022-09-02 17:34:00,2022-09-02 17:48:00,14.67,34562.72,0.0,33562.72,0,4,4,0
250188_8129D8230,250188,2022-09-02 18:34:00,2022-09-09 00:53:00,14.63,3562.64,0.0,2562.64,0,4,4,0
27535_80E649900,27535,2022-09-02 06:36:00,2022-09-09 11:58:00,15.13,25769.51,128847.54,0.0,4,0,4,0
217_80FFA85D0,217,2022-09-02 16:59:00,2022-09-09 17:44:00,14.69,1889.77,9448.84,0.0,4,0,4,0
119_80FD70CA0,119,2022-09-01 00:03:00,2022-09-09 19:10:00,16.4,286613.18,1414918.27,3629.53,1,3,4,0
217_80FFEE9C0,217,2022-09-02 00:30:00,2022-09-09 03:42:00,15.38,14865.28,0.0,13865.28,0,4,4,0
48211_811B92B30,48211,2022-09-02 04:34:00,2022-09-09 12:36:00,15.21,52615.34,0.0,51615.34,0,4,4,0
142836_8100E3D10,142836,2022-09-02 22:32:00,2022-09-09 11:24:00,14.46,3154.02,0.0,2154.02,0,4,4,0
142836_80FF7AC20,142836,2022-09-02 13:21:00,2022-09-09 14:23:00,14.85,197974.78,0.0,196974.78,0,4,4,0
249176_8129B4ED0,249176,2022-09-02 11:30:00,2022-09-09 18:59:00,14.92,4191.64,0.0,3191.64,0,4,4,0
250068_8123CE6D0,250068,2022-09-01 12:31:00,2022-09-01 12:52:00,15.88,23372.55,0.0,22372.55,0,4,4,0
142950_80FEC5D90,142950,2022-09-02 22:06:00,2022-09-09 12:58:00,14.48,776954.56,0.0,775954.56,0,4,4,0
45601_811398AA0,45601,2022-09-02 08:02:00,2022-09-09 13:18:00,15.07,2291.84,0.0,1291.84,0,4,4,0
119_80FDBC530,119,2022-09-01 04:04:00,2022-09-01 06:59:00,16.23,7201.39,11635.93,4874.2,3,1,4,0
217_80FD474E0,217,2022-09-01 00:07:00,2022-09-05 00:29:00,16.4,8621765.54,61522.36,8609461.07,3,1,4,0
48910_8122250C0,48910,2022-09-02 05:14:00,2022-09-09 21:12:00,15.18,2460.9,0.0,1460.9,0,4,4,0
119_8109AE760,119,2022-09-01 15:38:00,2022-09-06 04:39:00,15.75,1940.43,4998.97,940.64,3,1,4,0
144225_8107ED390,144225,2022-09-02 00:07:00,2022-09-02 00:25:00,15.4,62492.36,0.0,61492.36,0,4,4,0
143598_8112AE850,143598,2022-09-01 00:28:00,2022-09-10 00:21:00,16.38,863.43,136.57,0.0,4,0,4,0
144200_810623730,144200,2022-09-02 07:30:00,2022-09-09 18:15:00,15.09,4292.14,0.0,3292.14,0,4,4,0
119_811DDB9D0,119,2022-09-01 00:14:00,2022-09-01 04:31:00,16.39,1280.51,1067.09,1067.09,2,2,4,0
119_811DE03A0,119,2022-09-01 00:10:00,2022-09-01 00:11:00,16.4,14190.23,11825.19,11825.19,2,2,4,0
119_811E1A240,119,2022-09-01 00:01:00,2022-09-01 05:04:00,16.4,28107.53,23422.94,23422.94,2,2,4,0
48308_811C2E900,48308,2022-09-01 18:10:00,2022-09-01 18:22:00,15.65,288774.0,0.0,287774.0,0,4,4,0
249176_81222E880,249176,2022-09-02 05:49:00,2022-09-09 18:53:00,15.16,20064.22,0.0,19064.22,0,4,4,0
217_8106F0AC0,217,2022-09-02 20:43:00,2022-09-02 20:50:00,14.54,293943.7,0.0,292943.7,0,4,4,0
119_80FD25EA0,119,2022-09-01 09:57:00,2022-09-08 00:15:00,15.99,1659432.46,1385983.68,1382235.72,2,2,4,0
217_810910DD0,217,2022-09-01 05:00:00,2022-09-01 05:23:00,16.19,392413.02,0.0,391413.02,0,4,4,0
217_80FD3E690,217,2022-09-02 01:39:00,2022-09-09 06:06:00,15.33,316.43,1582.16,0.0,4,0,4,0
43049_80FD5EE10,43049,2022-09-02 03:16:00,2022-09-09 15:41:00,15.27,21378.28,106891.38,0.0,4,0,4,0
119_812009620,119,2022-09-01 01:02:00,2022-09-09 22:45:00,16.36,1935.24,183.51,1118.75,1,3,4,0
119_8120123E0,119,2022-09-01 00:02:00,2022-09-01 08:05:00,16.4,27618.0,23015.0,23015.0,2,2,4,0
243614_810670A50,243614,2022-09-02 03:56:00,2022-09-09 11:10:00,15.24,33786.28,0.0,32786.28,0,4,4,0
243614_810C206D0,243614,2022-09-02 08:42:00,2022-09-02 08:58:00,15.04,17980.03,0.0,16980.03,0,4,4,0
243614_810E4A430,243614,2022-09-02 07:47:00,2022-09-02 07:58:00,15.08,33865.39,0.0,32865.39,0,4,4,0
43849_810531320,43849,2022-09-01 20:40:00,2022-09-01 20:59:00,15.54,38823873.13,0.0,38822873.13,0,4,4,0
48795_8128646B0,48795,2022-09-01 00:27:00,2022-09-09 00:02:00,16.38,1587.56,0.0,587.56,0,4,4,0
245090_8108B6290,245090,2022-09-01 00:06:00,2022-09-01 00:29:00,16.4,81969.11,409845.54,0.0,4,0,4,0
245090_810AB6660,245090,2022-09-02 17:18:00,2022-09-09 18:11:00,14.68,10598.36,0.0,9598.36,0,4,4,0
143493_8111F0510,143493,2022-09-02 11:33:00,2022-09-02 11:52:00,14.92,46865.08,0.0,45865.08,0,4,4,0
143496_8101B2640,143496,2022-09-02 10:15:00,2022-09-09 06:43:00,14.97,5837.02,0.0,4837.02,0,4,4,0
143493_81063C810,143493,2022-09-02 03:32:00,2022-09-09 07:36:00,15.25,7184.44,0.0,6184.44,0,4,4,0
143493_810890EB0,143493,2022-09-02 12:08:00,2022-09-09 14:28:00,14.9,515.6,2577.98,0.0,4,0,4,0
43849_81024A600,43849,2022-09-02 03:43:00,2022-09-09 08:26:00,15.25,23963.92,0.0,22963.92,0,4,4,0
119_81237D7B0,119,2022-09-01 00:08:00,2022-09-01 23:01:00,16.4,3276132.12,3038607.64,2668410.59,3,1,4,0
1411_808AD9E90,1411,2022-09-02 16:51:00,2022-09-09 06:59:00,14.7,4428.13,22140.66,0.0,4,0,4,0
119_811B6DF10,119,2022-09-01 00:06:00,2022-09-01 19:19:00,16.4,5531.76,4609.8,4609.8,2,2,4,0
150240_8129AD890,150240,2022-09-02 23:02:00,2022-09-09 14:55:00,14.44,3307.72,0.0,2307.72,0,4,4,0
48309_811F3C820,48309,2022-09-01 05:05:00,2022-09-01 05:28:00,16.19,2249.04,11245.2,0.0,4,0,4,0
48309_811FD5DD0,48309,2022-09-01 00:00:00,2022-09-01 00:16:00,16.4,712154.11,3560770.55,0.0,4,0,4,0
48309_811FE21C0,48309,2022-09-01 00:14:00,2022-09-09 00:14:00,16.39,1349.94,0.0,349.94,0,4,4,0
119_80FDF6600,119,2022-09-01 11:15:00,2022-09-09 08:03:00,15.93,3528.24,11.42,2539.66,1,3,4,0
43049_80FD6FD80,43049,2022-09-02 17:35:00,2022-09-09 17:33:00,14.67,2660.94,13304.68,0.0,4,0,4,0
119_8123C3510,119,2022-09-01 00:03:00,2022-09-01 17:35:00,16.4,1783.07,1485.89,1485.89,2,2,4,0
119_8123EF500,119,2022-09-01 00:12:00,2022-09-01 12:43:00,16.39,1000.0,190.36,190.36,2,2,4,0
245090_8119EAD40,245090,2022-09-02 03:33:00,2022-09-09 01:10:00,15.25,804304.3,0.0,803304.3,0,4,4,0
243614_80FFD5010,243614,2022-09-01 00:00:00,2022-09-01 00:27:00,16.4,55016.95,275084.74,0.0,4,0,4,0
144669_81089AC10,144669,2022-09-01 11:37:00,2022-09-01 11:55:00,15.92,1008208.14,0.0,1007208.14,0,4,4,0
43818_810CC8480,43818,2022-09-02 21:17:00,2022-09-09 19:36:00,14.52,432.42,2162.08,0.0,4,0,4,0
43818_810CDBB80,43818,2022-09-02 07:25:00,2022-09-09 19:44:00,15.09,15105.56,0.0,14105.56,0,4,4,0
43818_8114FF9B0,43818,2022-09-02 18:43:00,2022-09-09 04:26:00,14.62,4244.6,0.0,3244.6,0,4,4,0
243614_81000E300,243614,2022-09-02 23:08:00,2022-09-09 00:40:00,14.44,4854.96,0.0,3854.96,0,4,4,0
119_811B78C10,119,2022-09-01 00:28:00,2022-09-01 05:28:00,16.38,1000.0,780.22,780.22,2,2,4,0
249118_812407B20,249118,2022-09-02 00:16:00,2022-09-08 00:10:00,15.39,549.4,450.6,0.0,4,0,4,0
43049_80FDCE190,43049,2022-09-01 00:16:00,2022-09-03 00:23:00,16.39,9615590.59,178886.43,9579813.3,3,1,4,0
119_8118571B0,119,2022-09-01 00:24:00,2022-09-01 12:59:00,16.39,15758.02,13131.68,13131.68,2,2,4,0
119_811860680,119,2022-09-01 12:05:00,2022-09-06 00:26:00,15.9,27475.66,12.58,26488.24,1,3,4,0
14_810121690,14,2022-09-02 09:30:00,2022-09-09 20:36:00,15.01,25157.46,0.0,24157.46,0,4,4,0
48211_811BB7B70,48211,2022-09-02 07:34:00,2022-09-09 12:52:00,15.09,7681.74,0.0,6681.74,0,4,4,0
118_811B66B10,118,2022-09-02 06:05:00,2022-09-09 04:45:00,15.15,771.35,3856.74,0.0,4,0,4,0
118_811B68EF0,118,2022-09-02 19:36:00,2022-09-02 19:55:00,14.59,22771.79,0.0,21771.79,0,4,4,0
44565_810C1E6B0,44565,2022-09-02 18:54:00,2022-09-09 05:55:00,14.61,254.16,1270.82,0.0,4,0,4,0
119_810D57780,119,2022-09-01 00:17:00,2022-09-09 00:27:00,16.39,6553.7,5358.17,5482.07,1,3,4,0
43818_810222690,43818,2022-09-02 22:07:00,2022-09-09 08:23:00,14.48,3929.06,0.0,2929.06,0,4,4,0
243614_80FE54380,243614,2022-09-01 15:06:00,2022-09-01 15:15:00,15.77,172823.83,0.0,171823.83,0,4,4,0
220_80FECC730,220,2022-09-02 22:07:00,2022-09-02 22:21:00,14.48,5411.02,27055.12,0.0,4,0,4,0
220_80FF96DE0,220,2022-09-02 01:31:00,2022-09-02 01:56:00,15.34,998.53,4992.63,0.0,4,0,4,0
119_80FED2D90,119,2022-09-01 20:40:00,2022-09-09 12:49:00,15.54,60248.81,49981.34,50252.54,1,3,4,0
142950_810154630,142950,2022-09-01 00:05:00,2022-09-09 00:24:00,16.4,74977.38,164.77,74142.15,3,1,4,0
119_811510350,119,2022-09-01 00:07:00,2022-09-06 00:26:00,16.4,1040.91,13.29,54.2,1,3,4,0
119_811537340,119,2022-09-01 00:12:00,2022-09-09 12:54:00,16.39,2617.55,2067.33,2204.08,2,2,4,0
121_811EF9D90,121,2022-09-02 00:16:00,2022-09-09 00:25:00,15.39,936.56,63.44,0.0,4,0,4,0
119_811B755E0,119,2022-09-01 00:16:00,2022-09-01 08:44:00,16.39,1000.0,287.23,287.23,2,2,4,0
119_8127A2110,119,2022-09-01 00:16:00,2022-09-01 19:25:00,16.39,31384.91,32276.15,24929.68,3,1,4,0
119_8127CCE30,119,2022-09-01 00:06:00,2022-09-01 00:21:00,16.4,3246.59,2705.49,2705.49,2,2,4,0
48308_811C46200,48308,2022-09-02 17:37:00,2022-09-09 18:28:00,14.67,3799.42,18997.08,0.0,4,0,4,0
48308_811D582A0,48308,2022-09-02 06:00:00,2022-09-02 06:26:00,15.15,13818.94,69094.72,0.0,4,0,4,0
48308_811D9C760,48308,2022-09-01 15:00:00,2022-09-01 15:23:00,15.78,62331.89,0.0,61331.89,0,4,4,0
119_811DA2C50,119,2022-09-01 00:10:00,2022-09-08 14:10:00,16.4,6934.83,13882.51,4158.33,2,2,4,0
119_811DA9A40,119,2022-09-01 05:15:00,2022-09-09 07:45:00,16.18,2742.25,2223.91,2297.47,1,3,4,0
243614_80FF89460,243614,2022-09-01 00:43:00,2022-09-01 00:59:00,16.37,119950.02,0.0,118950.02,0,4,4,0
119_81060A290,119,2022-09-01 11:00:00,2022-09-09 10:41:00,15.94,1884.28,47.3,931.58,1,3,4,0
43735_81052E4D0,43735,2022-09-02 07:41:00,2022-09-09 04:55:00,15.08,4682.42,0.0,3682.42,0,4,4,0
143493_810A61E40,143493,2022-09-02 14:34:00,2022-09-09 12:29:00,14.8,6873.96,0.0,5873.96,0,4,4,0
245093_811835A70,245093,2022-09-02 23:31:00,2022-09-02 23:51:00,14.42,63531.42,0.0,62531.42,0,4,4,0
220_8105D8AF0,220,2022-09-02 02:30:00,2022-09-09 15:15:00,15.3,5025.76,0.0,4025.76,0,4,4,0
48211_811C3D8B0,48211,2022-09-02 02:42:00,2022-09-09 04:04:00,15.29,625.17,3125.84,0.0,4,0,4,0
48211_811C40350,48211,2022-09-02 00:06:00,2022-09-02 00:20:00,15.4,18009.81,90049.06,0.0,4,0,4,0
119_811B8B4C0,119,2022-09-02 17:30:00,2022-09-09 14:59:00,14.67,438.36,2191.78,0.0,4,0,4,0
119_811B950A0,119,2022-09-01 00:01:00,2022-09-01 12:55:00,16.4,20650.73,17208.94,17208.94,2,2,4,0
119_811B6F590,119,2022-09-01 14:06:00,2022-09-09 08:41:00,15.81,29357.7,24201.98,24517.3,1,3,4,0
119_80FE55F50,119,2022-09-01 00:01:00,2022-09-01 00:25:00,16.4,4573.13,3810.94,3810.94,2,2,4,0
119_80FFAA1E0,119,2022-09-01 00:05:00,2022-09-01 00:07:00,16.4,13411.02,11175.85,11175.85,2,2,4,0
220_8100FA200,220,2022-09-01 10:05:00,2022-09-01 10:24:00,15.98,16351.33,81756.67,0.0,4,0,4,0
121_811B907A0,121,2022-09-02 18:07:00,2022-09-09 07:21:00,14.65,276585.46,0.0,275585.46,0,4,4,0
119_811B84290,119,2022-09-01 04:06:00,2022-09-01 18:32:00,16.23,12748.24,10623.53,10623.53,2,2,4,0
248857_8123E7D60,248857,2022-09-02 23:21:00,2022-09-09 04:49:00,14.43,4266.5,0.0,3266.5,0,4,4,0
119_80FFB0EE0,119,2022-09-01 08:25:00,2022-09-01 18:34:00,16.05,1651.8,1376.5,1376.5,2,2,4,0
142950_8105DDFA0,142950,2022-09-02 02:41:00,2022-09-09 00:58:00,15.29,12042.14,60210.7,0.0,4,0,4,0
142950_80FF7FA70,142950,2022-09-02 21:44:00,2022-09-09 04:28:00,14.5,24745.98,0.0,23745.98,0,4,4,0
223_812407D60,223,2022-09-02 23:58:00,2022-09-09 14:45:00,14.4,3025.38,0.0,2025.38,0,4,4,0
245328_811276610,245328,2022-09-01 00:06:00,2022-09-10 00:14:00,16.4,854.44,145.56,0.0,4,0,4,0
245328_8113B3AF0,245328,2022-09-02 04:20:00,2022-09-09 11:28:00,15.22,950.26,4751.32,0.0,4,0,4,0
143430_810641F40,143430,2022-09-02 02:38:00,2022-09-09 23:55:00,15.29,12954.32,64771.62,0.0,4,0,4,0
143430_8106B2700,143430,2022-09-02 10:05:00,2022-09-09 13:50:00,14.98,12504.88,0.0,11504.88,0,4,4,0
143430_810BC1FE0,143430,2022-09-04 00:20:00,2022-09-07 00:29:00,13.39,1090.9,0.0,90.9,0,4,4,0
48309_811C43C90,48309,2022-09-02 00:23:00,2022-09-09 14:51:00,15.39,12687.76,63438.82,0.0,4,0,4,0
119_810D37790,119,2022-09-01 15:29:00,2022-09-10 16:00:00,15.76,51692.67,45600.19,42572.63,3,1,4,0
148016_811C07250,148016,2022-09-01 18:43:00,2022-09-01 18:53:00,15.62,55742275.23,0.0,55741275.23,0,4,4,0
223_81200BD00,223,2022-09-02 20:32:00,2022-09-02 20:56:00,14.55,195752341.8,0.0,195751341.8,0,4,4,0
119_812D40DB0,119,2022-09-01 08:58:00,2022-09-08 17:13:00,16.03,682.06,329.9,11.96,2,2,4,0
119_811D9B3B0,119,2022-09-01 00:22:00,2022-09-09 12:25:00,16.39,6855.64,6.15,5861.79,1,3,4,0
119_811D9CCB0,119,2022-09-01 00:25:00,2022-09-01 05:11:00,16.38,5626.08,4688.4,4688.4,2,2,4,0
119_811D9E480,119,2022-09-01 00:14:00,2022-09-09 16:01:00,16.39,8130.98,6572.05,6816.57,1,3,4,0
119_812A78420,119,2022-09-01 00:19:00,2022-09-01 00:26:00,16.39,1080.07,900.06,900.06,2,2,4,0
119_812412E20,119,2022-09-01 11:20:00,2022-09-06 12:30:00,15.93,203782.65,978287.8,8125.09,2,2,4,0
118_811C2BEF0,118,2022-09-03 00:12:00,2022-09-08 00:10:00,14.39,1182.77,0.0,182.77,0,4,4,0
48755_8127C9B40,48755,2022-09-02 05:36:00,2022-09-09 03:45:00,15.17,628632.52,0.0,627632.52,0,4,4,0
248857_811F0B660,248857,2022-09-04 00:29:00,2022-09-10 00:16:00,13.38,929.58,70.42,0.0,4,0,4,0
48526_811DA9400,48526,2022-09-02 18:43:00,2022-09-09 17:56:00,14.62,3300.64,0.0,2300.64,0,4,4,0
48526_811E9E680,48526,2022-09-01 23:02:00,2022-09-02 11:40:00,15.44,249219.71,2524.65,248714.78,1,3,4,0
119_80FFA6E00,119,2022-09-01 00:00:00,2022-09-02 10:29:00,16.4,1602.91,7987.97,5.32,3,1,4,0
119_80FFA7B70,119,2022-09-01 08:43:00,2022-09-01 13:12:00,16.04,2399.64,1999.7,1999.7,2,2,4,0
43049_80FFED500,43049,2022-09-02 12:30:00,2022-09-02 12:38:00,14.88,2377.88,11889.41,0.0,4,0,4,0
14_8000D7D30,14,2022-09-01 20:32:00,2022-09-01 20:54:00,15.55,16716.93,83584.66,0.0,4,0,4,0
121_811B8D4E0,121,2022-09-02 14:11:00,2022-09-09 02:08:00,14.81,1725.82,0.0,725.82,0,4,4,0
1198_80FFF6E00,1198,2022-09-02 06:38:00,2022-09-09 07:53:00,15.13,3778.38,0.0,2778.38,0,4,4,0
1198_810050040,1198,2022-09-02 01:03:00,2022-09-09 11:25:00,15.36,4504.73,22523.66,0.0,4,0,4,0
1198_80FDE7460,1198,2022-09-03 04:30:00,2022-09-09 20:38:00,14.21,4128.62,20643.11,0.0,4,0,4,0
1198_80FDE76F0,1198,2022-09-01 06:13:00,2022-09-01 06:29:00,16.14,33063.85,0.0,32063.85,0,4,4,0
1198_80FE11730,1198,2022-09-02 10:24:00,2022-09-09 12:54:00,14.97,5143.4,0.0,4143.4,0,4,4,0
222_811B81EE0,222,2022-09-02 11:05:00,2022-09-09 04:51:00,14.94,1036.42,5182.08,0.0,4,0,4,0
43049_81024F4C0,43049,2022-09-01 00:14:00,2022-09-06 00:20:00,16.39,1509.53,0.0,509.53,0,4,4,0
43049_810546ED0,43049,2022-09-02 15:12:00,2022-09-09 05:41:00,14.77,29909.86,0.0,28909.86,0,4,4,0
119_81006B890,119,2022-09-01 02:02:00,2022-09-01 04:15:00,16.32,46913.06,39094.22,39094.22,2,2,4,0
143430_810198E60,143430,2022-09-02 01:37:00,2022-09-09 07:59:00,15.33,551.5,2757.5,0.0,4,0,4,0
143242_810808C50,143242,2022-09-02 17:21:00,2022-09-09 10:21:00,14.68,735.93,3679.66,0.0,4,0,4,0
119_810F08170,119,2022-09-01 00:06:00,2022-09-01 22:52:00,16.4,1905.02,1587.52,1587.52,2,2,4,0
119_81123D8D0,119,2022-09-01 00:01:00,2022-09-09 04:48:00,16.4,2581.86,1605.38,2260.78,1,3,4,0
119_811287910,119,2022-09-01 00:03:00,2022-09-01 21:47:00,16.4,6894.98,17.09,5912.07,1,3,4,0
148016_8127B2F20,148016,2022-09-02 04:33:00,2022-09-09 12:15:00,15.21,2743401.44,0.0,2742401.44,0,4,4,0
43462_8105F6970,43462,2022-09-02 13:06:00,2022-09-02 13:20:00,14.86,68095.55,0.0,67095.55,0,4,4,0
119_81054F080,119,2022-09-01 00:10:00,2022-09-01 22:38:00,16.4,20425.58,17021.32,17021.32,2,2,4,0
48309_811D7F950,48309,2022-09-02 11:32:00,2022-09-02 11:49:00,14.92,105598.24,0.0,104598.24,0,4,4,0
148348_811DA2E40,148348,2022-09-02 11:31:00,2022-09-09 15:28:00,14.92,1734.19,8670.96,0.0,4,0,4,0
148348_811E4A070,148348,2022-09-02 02:34:00,2022-09-09 01:59:00,15.3,369.07,1845.34,0.0,4,0,4,0
148016_811FA0060,148016,2022-09-02 11:03:00,2022-09-09 12:55:00,14.94,3814.66,0.0,2814.66,0,4,4,0
48755_811EE0EE0,48755,2022-09-02 17:19:00,2022-09-09 18:46:00,14.68,272.76,1363.78,0.0,4,0,4,0
119_811BC0120,119,2022-09-01 00:01:00,2022-09-10 20:14:00,16.4,25081.78,25448.71,19992.04,3,1,4,0
119_811BC37B0,119,2022-09-01 04:28:00,2022-09-09 13:04:00,16.22,1296.42,6.36,302.78,1,3,4,0
43049_810D58840,43049,2022-09-02 03:48:00,2022-09-09 21:39:00,15.24,43504.78,0.0,42504.78,0,4,4,0
44873_811918360,44873,2022-09-01 00:08:00,2022-09-10 00:16:00,16.4,1220.7,0.0,220.7,0,4,4,0
44873_81194FF90,44873,2022-09-02 02:36:00,2022-09-02 02:54:00,15.29,47572.52,0.0,46572.52,0,4,4,0
143242_80FFF23B0,143242,2022-09-01 00:19:00,2022-09-08 00:25:00,16.39,1074.04,0.0,74.04,0,4,4,0
119_811381BF0,119,2022-09-01 14:45:00,2022-09-09 17:11:00,15.79,1275.48,19.15,294.63,1,3,4,0
119_811396930,119,2022-09-01 00:29:00,2022-09-01 16:21:00,16.38,1244.59,1037.16,1037.16,2,2,4,0
222_811A7D690,222,2022-09-02 18:00:00,2022-09-09 02:54:00,14.65,870.01,4350.04,0.0,4,0,4,0
121_811A52150,121,2022-09-01 00:06:00,2022-09-01 00:27:00,16.4,1626049.07,8130245.37,0.0,4,0,4,0
121_811A6C240,121,2022-09-02 11:41:00,2022-09-09 06:34:00,14.92,8416.36,0.0,7416.36,0,4,4,0
48211_811D60E30,48211,2022-09-02 09:36:00,2022-09-09 00:14:00,15.0,2491.62,0.0,1491.62,0,4,4,0
119_811BE6860,119,2022-09-01 14:48:00,2022-09-09 05:09:00,15.79,1148.06,6.35,154.41,1,3,4,0
119_811BE8380,119,2022-09-01 01:54:00,2022-09-01 20:29:00,16.32,1000.0,436.74,436.74,2,2,4,0
119_811BE9C40,119,2022-09-01 04:04:00,2022-09-09 16:58:00,16.23,1130947.16,942105.42,942526.08,1,3,4,0
247207_8118A7440,247207,2022-09-02 06:01:00,2022-09-09 15:28:00,15.15,7890.56,0.0,6890.56,0,4,4,0
48526_812376CF0,48526,2022-09-01 00:17:00,2022-09-07 00:18:00,16.39,949.19,50.81,0.0,4,0,4,0
148785_8127E8FD0,148785,2022-09-08 12:30:00,2022-09-08 12:57:00,8.88,14848.27,0.0,13848.27,0,4,4,0
148389_812AB5110,148389,2022-09-02 07:42:00,2022-09-09 17:28:00,15.08,2519.24,0.0,1519.24,0,4,4,0
1198_80FD37870,1198,2022-09-02 13:39:00,2022-09-09 15:27:00,14.83,12901.74,64508.68,0.0,4,0,4,0
118_811BBB010,118,2022-09-02 11:53:00,2022-09-09 05:52:00,14.91,6720.92,0.0,5720.92,0,4,4,0
48309_811DD0B10,48309,2022-09-02 17:30:00,2022-09-09 14:59:00,14.67,3191.78,0.0,2191.78,0,4,4,0
48309_811DE42A0,48309,2022-09-02 00:41:00,2022-09-02 00:59:00,15.37,12099.88,60499.39,0.0,4,0,4,0
148016_812861050,148016,2022-09-01 00:07:00,2022-09-10 00:05:00,16.4,557.04,442.96,0.0,4,0,4,0
148016_812AB72B0,148016,2022-09-01 04:31:00,2022-09-01 04:48:00,16.21,163692.1,0.0,162692.1,0,4,4,0
148016_813414B20,148016,2022-09-01 00:01:00,2022-09-08 00:17:00,16.4,846.74,153.26,0.0,4,0,4,0
148348_812362DA0,148348,2022-09-01 22:01:00,2022-09-08 00:13:00,15.48,2634.96,13060.13,22.93,3,1,4,0
148348_8123D5810,148348,2022-09-01 00:15:00,2022-09-09 00:24:00,16.39,1585.77,0.0,585.77,0,4,4,0
148348_8127E6710,148348,2022-09-03 00:04:00,2022-09-10 00:05:00,14.4,785.27,214.73,0.0,4,0,4,0
119_8101D0EF0,119,2022-09-01 05:08:00,2022-09-01 06:07:00,16.19,4522.18,3768.48,3768.48,2,2,4,0
148348_81285AA30,148348,2022-09-02 20:44:00,2022-09-09 21:19:00,14.54,4914.82,0.0,3914.82,0,4,4,0
1198_80F9B5D60,1198,2022-09-02 07:22:00,2022-09-09 12:43:00,15.1,37226.26,0.0,36226.26,0,4,4,0
1198_80FD34050,1198,2022-09-02 23:31:00,2022-09-09 04:54:00,14.42,4369.3,21846.52,0.0,4,0,4,0
121_811A49B90,121,2022-09-02 12:07:00,2022-09-09 15:20:00,14.9,20689.18,103445.92,0.0,4,0,4,0
119_8114FED10,119,2022-09-01 00:07:00,2022-09-01 00:11:00,16.4,9776.45,8147.04,8147.04,2,2,4,0
119_8112CE8C0,119,2022-09-01 00:17:00,2022-09-01 00:19:00,16.39,4202.35,3501.96,3501.96,2,2,4,0
148389_811DE5100,148389,2022-09-01 00:04:00,2022-09-01 00:22:00,16.4,6009037.44,0.0,6008037.44,0,4,4,0
148389_811EF9090,148389,2022-09-01 00:03:00,2022-09-01 00:14:00,16.4,9021.14,0.0,8021.14,0,4,4,0
148389_811F06970,148389,2022-09-02 14:21:00,2022-09-09 19:26:00,14.8,7166.04,0.0,6166.04,0,4,4,0
148348_811EE1120,148348,2022-09-03 00:19:00,2022-09-08 00:09:00,14.39,1386.18,0.0,386.18,0,4,4,0
118_811BFDD40,118,2022-09-02 01:00:00,2022-09-09 04:57:00,15.36,2310.79,11553.96,0.0,4,0,4,0
223_811BC1540,223,2022-09-02 13:39:00,2022-09-09 10:22:00,14.83,24972.24,0.0,23972.24,0,4,4,0
223_811A6C440,223,2022-09-01 00:10:00,2022-09-02 16:47:00,16.4,1984236.81,108333.77,1962570.06,3,1,4,0
223_811A797B0,223,2022-09-02 16:38:00,2022-09-09 05:10:00,14.71,3099.63,15498.16,0.0,4,0,4,0
223_811B74DA0,223,2022-09-02 12:13:00,2022-09-09 12:55:00,14.89,31699.5,0.0,30699.5,0,4,4,0
43460_8118A8290,43460,2022-09-02 15:12:00,2022-09-09 01:44:00,14.77,7198.64,0.0,6198.64,0,4,4,0
143242_811284DE0,143242,2022-09-02 22:13:00,2022-09-09 13:30:00,14.48,68751.08,0.0,67751.08,0,4,4,0
48211_811E56160,48211,2022-09-02 07:00:00,2022-09-09 03:58:00,15.11,178280.94,0.0,177280.94,0,4,4,0
119_811C04080,119,2022-09-01 14:44:00,2022-09-08 00:10:00,15.79,1316.1,154.16,470.26,1,3,4,0
119_811C16F40,119,2022-09-01 00:06:00,2022-09-01 07:48:00,16.4,1804.26,1503.55,1503.55,2,2,4,0
121_8000DC770,121,2022-09-02 00:36:00,2022-09-09 11:55:00,15.38,2106.82,10534.1,0.0,4,0,4,0
246581_81139D0F0,246581,2022-09-02 10:09:00,2022-09-09 15:54:00,14.98,3517.4,0.0,2517.4,0,4,4,0
246581_81180ADC0,246581,2022-09-02 12:03:00,2022-09-09 17:14:00,14.9,74890.0,0.0,73890.0,0,4,4,0
119_810103410,119,2022-09-01 00:26:00,2022-09-09 05:43:00,16.38,1233.3,4.55,237.85,1,3,4,0
119_810125B90,119,2022-09-01 00:17:00,2022-09-01 22:06:00,16.39,1000.0,57.48,57.48,2,2,4,0
148350_811F9F4C0,148350,2022-09-02 21:14:00,2022-09-10 00:27:00,14.52,238.53,1095.71,19.39,3,1,4,0
44866_8108E4CC0,44866,2022-09-01 00:09:00,2022-09-01 00:22:00,16.4,10760.1,0.0,9760.1,0,4,4,0
44866_810A073E0,44866,2022-09-02 21:00:00,2022-09-09 19:27:00,14.53,7673.38,0.0,6673.38,0,4,4,0
44866_810C1C970,44866,2022-09-02 12:01:00,2022-09-02 12:29:00,14.9,10469.83,52349.16,0.0,4,0,4,0
118_8129F0860,118,2022-09-02 11:01:00,2022-09-09 23:29:00,14.94,10455.2,0.0,9455.2,0,4,4,0
118_811C45420,118,2022-09-02 07:32:00,2022-09-09 12:29:00,15.09,141959.6,0.0,140959.6,0,4,4,0
118_811C47960,118,2022-09-02 18:41:00,2022-09-09 22:43:00,14.62,264471.92,0.0,263471.92,0,4,4,0
245668_810F179A0,245668,2022-09-01 02:02:00,2022-09-01 02:27:00,16.32,132721.04,0.0,131721.04,0,4,4,0
245668_8111F5050,245668,2022-09-02 19:07:00,2022-09-02 19:19:00,14.61,127198.53,0.0,126198.53,0,4,4,0
222_812D2A7A0,222,2022-09-02 09:03:00,2022-09-09 23:21:00,15.03,2182.22,0.0,1182.22,0,4,4,0
119_811BF8C70,119,2022-09-01 00:12:00,2022-09-01 16:06:00,16.39,42296.22,35246.85,35246.85,2,2,4,0
243947_810EADA70,243947,2022-09-02 09:40:00,2022-09-09 16:29:00,15.0,467.74,2338.68,0.0,4,0,4,0
143598_8105667F0,143598,2022-09-02 18:01:00,2022-09-09 15:47:00,14.65,4162.6,0.0,3162.6,0,4,4,0
44451_81090E020,44451,2022-09-02 10:13:00,2022-09-09 22:33:00,14.98,10536.62,0.0,9536.62,0,4,4,0
119_8109C2E50,119,2022-09-01 03:28:00,2022-09-06 04:36:00,16.26,5655.82,6438.2,4368.18,3,1,4,0
113_810164990,113,2022-09-06 00:26:00,2022-09-09 00:13:00,11.38,863.97,136.03,0.0,4,0,4,0
113_810338380,113,2022-09-02 14:36:00,2022-09-09 13:46:00,14.79,29555.76,0.0,28555.76,0,4,4,0
113_80FDEBDE0,113,2022-09-02 04:51:00,2022-09-09 16:48:00,15.2,752.0,3760.0,0.0,4,0,4,0
113_80FDFAE40,113,2022-09-01 16:34:00,2022-09-01 16:55:00,15.71,109611.18,0.0,108611.18,0,4,4,0
142836_810240460,142836,2022-09-02 11:30:00,2022-09-09 17:20:00,14.92,52663.26,0.0,51663.26,0,4,4,0
243947_810253A80,243947,2022-09-02 01:39:00,2022-09-09 02:29:00,15.33,583.94,2919.72,0.0,4,0,4,0
244187_810361450,244187,2022-09-02 10:01:00,2022-09-09 08:07:00,14.98,3273.7,0.0,2273.7,0,4,4,0
119_811E2B7A0,119,2022-09-01 00:17:00,2022-09-09 19:32:00,16.39,1104.68,23.65,128.33,1,3,4,0
243947_810AA8940,243947,2022-09-02 09:38:00,2022-09-09 00:27:00,15.0,2225.18,0.0,1225.18,0,4,4,0
48211_811EA7150,48211,2022-09-03 00:25:00,2022-09-06 00:05:00,14.38,942.69,57.31,0.0,3,0,3,0
113_81001A5C0,113,2022-09-02 12:01:00,2022-09-02 12:16:00,14.9,18913.93,94569.65,0.0,3,0,3,0
48943_8123A17D0,48943,2022-09-04 00:07:00,2022-09-10 00:16:00,13.4,920.94,79.06,0.0,3,0,3,0
243947_8105DE400,243947,2022-09-02 23:03:00,2022-09-02 23:26:00,14.44,2759.27,0.0,1759.27,0,3,3,0
243947_8115D3E80,243947,2022-09-02 11:35:00,2022-09-02 11:55:00,14.92,113437.66,0.0,112437.66,0,3,3,0
50528_813412230,50528,2022-09-01 00:27:00,2022-09-08 00:12:00,16.38,827.88,172.12,0.0,3,0,3,0
113_80FD26670,113,2022-09-05 21:11:00,2022-09-07 03:49:00,11.52,7673.44,3245.02,7024.44,1,2,3,0
343224_80FD88520,343224,2022-09-01 00:23:00,2022-09-09 00:49:00,16.39,1177.21,5886.07,0.0,3,0,3,0
343213_8101BAC40,343213,2022-09-01 08:37:00,2022-09-09 14:18:00,16.04,252.2,1261.01,0.0,3,0,3,0
343211_80FD4C420,343211,2022-09-01 00:29:00,2022-09-09 00:30:00,16.38,252.16,1260.82,0.0,3,0,3,0
343211_80FD348A0,343211,2022-09-01 02:51:00,2022-09-09 21:21:00,16.28,831.59,4157.97,0.0,3,0,3,0
119_811E5AEA0,119,2022-09-01 21:14:00,2022-09-01 23:12:00,15.52,6646.09,8548.71,4936.35,2,1,3,0
119_811E48E30,119,2022-09-01 14:54:00,2022-09-03 04:19:00,15.78,1578.63,2133.38,1151.95,2,1,3,0
119_812025A00,119,2022-09-01 05:16:00,2022-09-08 09:33:00,16.18,878.07,4370.56,3.96,2,1,3,0
113_8106F5C10,113,2022-09-02 00:23:00,2022-09-10 00:04:00,15.39,1109.92,0.0,109.92,0,3,3,0
243947_81086C5C0,243947,2022-09-02 02:06:00,2022-09-02 02:29:00,15.31,6205.3,0.0,5205.3,0,3,3,0
119_810BA3CC0,119,2022-09-01 02:44:00,2022-09-08 06:27:00,16.29,2172.83,5470.27,1078.78,2,1,3,0
143598_81099D3B0,143598,2022-09-06 04:36:00,2022-09-06 04:41:00,11.21,7902.54,0.0,6902.54,0,3,3,0
48910_8127E6170,48910,2022-09-01 00:06:00,2022-09-06 00:16:00,16.4,891.99,108.01,0.0,3,0,3,0
245748_81152BF90,245748,2022-09-09 12:39:00,2022-09-09 12:54:00,7.88,7035.23,0.0,6035.23,0,3,3,0
223_8000DBF20,223,2022-09-01 18:38:00,2022-09-01 18:47:00,15.63,1833.18,9165.91,0.0,3,0,3,0
222_81340B720,222,2022-09-02 23:02:00,2022-09-02 23:25:00,14.44,1106.85,0.0,106.85,0,3,3,0
118_811D9EFF0,118,2022-09-08 14:08:00,2022-09-08 14:22:00,8.81,23368.81,0.0,22368.81,0,3,3,0
118_811C3B2B0,118,2022-09-02 17:53:00,2022-09-02 17:59:00,14.66,10881830.76,54409153.82,0.0,3,0,3,0
143242_81006CB60,143242,2022-09-01 07:12:00,2022-09-01 07:27:00,16.1,6079.96,30399.78,0.0,3,0,3,0
222_811D63430,222,2022-09-01 15:04:00,2022-09-01 15:19:00,15.77,463756.84,0.0,462756.84,0,3,3,0
48681_811F1FC30,48681,2022-09-04 00:03:00,2022-09-09 00:05:00,13.4,951.65,48.35,0.0,3,0,3,0
222_811F1BC00,222,2022-09-05 00:27:00,2022-09-10 00:21:00,12.38,772.91,227.09,0.0,3,0,3,0
148350_811F04F00,148350,2022-09-02 21:37:00,2022-09-02 21:41:00,14.5,20991.01,104955.07,0.0,3,0,3,0
148350_811DA8120,148350,2022-09-02 01:42:00,2022-09-02 01:59:00,15.33,471.48,2357.4,0.0,3,0,3,0
43460_8101FFDD0,43460,2022-09-01 14:03:00,2022-09-01 14:23:00,15.82,17587.22,0.0,16587.22,0,3,3,0
119_811C1E940,119,2022-09-01 16:13:00,2022-09-10 07:48:00,15.73,9296.64,9877.69,7321.1,2,1,3,0
44866_81089FC40,44866,2022-09-01 20:50:00,2022-09-02 22:47:00,15.53,33276.79,0.0,32276.79,0,3,3,0
143242_8109A5270,143242,2022-09-02 20:36:00,2022-09-02 20:51:00,14.54,4285.32,0.0,3285.32,0,3,3,0
143242_810928B40,143242,2022-09-02 00:14:00,2022-09-10 00:14:00,15.39,1192.09,0.0,192.09,0,3,3,0
48308_812A7B490,48308,2022-09-02 10:11:00,2022-09-02 10:28:00,14.98,3154.56,0.0,2154.56,0,3,3,0
245668_810A17F10,245668,2022-09-05 00:06:00,2022-09-10 00:09:00,12.4,832.97,167.03,0.0,3,0,3,0
223_8119F8CC0,223,2022-09-01 02:02:00,2022-09-07 12:52:00,16.32,12871.62,12158.62,10439.9,2,1,3,1
223_811A879B0,223,2022-09-02 01:13:00,2022-09-02 01:23:00,15.35,2632.7,13163.5,0.0,3,0,3,0
223_811A6D9D0,223,2022-09-02 22:00:00,2022-09-02 22:13:00,14.49,416509.44,0.0,415509.44,0,3,3,0
119_8100F2710,119,2022-09-01 00:25:00,2022-09-01 12:23:00,16.38,1000.0,524.05,524.05,1,2,3,0
148389_811F1CB50,148389,2022-09-01 00:04:00,2022-09-08 00:18:00,16.4,765.54,234.46,0.0,3,0,3,0
148389_811EF9D40,148389,2022-09-02 00:13:00,2022-09-10 00:20:00,15.39,809.12,190.88,0.0,3,0,3,0
43460_8101567C0,43460,2022-09-01 00:16:00,2022-09-01 00:28:00,16.39,299005.93,0.0,298005.93,0,3,3,0
43460_8100DA780,43460,2022-09-02 20:15:00,2022-09-04 15:15:00,14.56,1524.14,2640.86,995.97,1,2,3,0
43460_81000D0A0,43460,2022-09-01 00:11:00,2022-09-01 00:19:00,16.39,109633.49,0.0,108633.49,0,3,3,0
148350_812370320,148350,2022-09-02 00:17:00,2022-09-07 00:09:00,15.39,974.64,25.36,0.0,3,0,3,0
1198_80FD8BB10,1198,2022-09-01 00:06:00,2022-09-01 00:26:00,16.4,142668.25,713341.23,0.0,3,0,3,0
43462_810080F30,43462,2022-09-01 00:13:00,2022-09-01 00:22:00,16.39,662618.06,3313090.31,0.0,3,0,3,0
48309_811E2B4C0,48309,2022-09-02 11:06:00,2022-09-06 00:05:00,14.94,75676.35,0.0,74676.35,0,3,3,0
119_811C37FB0,119,2022-09-01 00:19:00,2022-09-10 07:37:00,16.39,37026.84,34763.43,30074.15,2,1,3,0
119_811D5F4A0,119,2022-09-02 08:10:00,2022-09-09 21:27:00,15.06,1043.35,452.93,496.28,1,2,3,0
119_812D0C1C0,119,2022-09-01 00:23:00,2022-09-06 00:13:00,16.39,2047.4,1672.61,1712.88,1,2,3,0
48526_81240F7B0,48526,2022-09-02 00:08:00,2022-09-10 00:18:00,15.4,703.34,296.66,0.0,3,0,3,0
48526_812388B80,48526,2022-09-02 04:31:00,2022-09-02 04:57:00,15.21,191905.36,0.0,190905.36,0,3,3,0
148785_8123F99B0,148785,2022-09-05 05:30:00,2022-09-05 05:58:00,12.17,6797.1,0.0,5797.1,0,3,3,0
119_811BD70C0,119,2022-09-01 11:48:00,2022-09-02 23:45:00,15.91,815.59,4027.34,10.12,2,1,3,0
48211_811D803C0,48211,2022-09-01 00:11:00,2022-09-01 00:23:00,16.39,27996233.81,0.0,27995233.81,0,3,3,0
248857_811DAABF0,248857,2022-09-02 18:33:00,2022-09-02 18:55:00,14.63,1936.96,9684.82,0.0,3,0,3,0
119_811490E20,119,2022-09-01 00:22:00,2022-09-07 19:11:00,16.39,3003.53,792.8,2796.33,1,2,3,0
142950_810A622A0,142950,2022-09-04 00:26:00,2022-09-09 00:14:00,13.38,882.96,117.04,0.0,3,0,3,0
119_811BA9E30,119,2022-09-01 00:06:00,2022-09-09 15:36:00,16.4,10314.47,9944.94,8325.48,2,1,3,0
119_811BBC880,119,2022-09-01 00:21:00,2022-09-05 15:21:00,16.39,4082.15,18608.63,360.42,2,1,3,0
119_811BB7930,119,2022-09-01 20:51:00,2022-09-02 21:29:00,15.53,4293.65,8469.41,2599.77,2,1,3,0
119_811BB23C0,119,2022-09-01 00:20:00,2022-09-09 15:47:00,16.39,2445.55,3593.67,1726.82,2,1,3,0
48755_811FCEAD0,48755,2022-09-01 09:34:00,2022-09-01 09:52:00,16.0,16045.23,0.0,15045.23,0,3,3,0
143430_81019F3C0,143430,2022-09-01 04:31:00,2022-09-01 04:39:00,16.21,297821.24,0.0,296821.24,0,3,3,0
48795_81222DDA0,48795,2022-09-01 00:20:00,2022-09-07 00:29:00,16.39,1398.06,0.0,398.06,0,3,3,0
222_811A4F290,222,2022-09-01 00:53:00,2022-09-05 00:46:00,16.37,7097.28,759.71,6856.99,1,2,3,0
119_80FFFEC80,119,2022-09-01 00:00:00,2022-09-04 10:52:00,16.4,1189.56,2085.82,772.4,2,1,3,0
43049_8100EEA70,43049,2022-09-02 18:55:00,2022-09-02 18:57:00,14.61,38931.05,0.0,37931.05,0,3,3,0
119_810018090,119,2022-09-01 07:51:00,2022-09-09 23:29:00,16.07,7090.86,8569.54,5376.95,2,1,3,0
119_810017BE0,119,2022-09-02 14:49:00,2022-09-09 23:19:00,14.78,973.86,3673.81,239.1,1,2,3,0
1198_80FDFD000,1198,2022-09-02 00:17:00,2022-09-10 00:05:00,15.39,1166.65,0.0,166.65,0,3,3,0
1198_80FDCE3C0,1198,2022-09-03 19:37:00,2022-09-03 19:52:00,13.58,10937.7,0.0,9937.7,0,3,3,0
14_80FD28830,14,2022-09-02 21:12:00,2022-09-02 21:22:00,14.52,6977.76,34888.8,0.0,3,0,3,0
14_8000D3340,14,2022-09-02 03:07:00,2022-09-02 03:14:00,15.27,5965.18,29825.91,0.0,3,0,3,0
119_80FFCB3E0,119,2022-09-01 02:32:00,2022-09-06 03:38:00,16.3,6090.75,8705.86,4349.58,2,1,3,0
14_80FDDBE20,14,2022-09-01 08:04:00,2022-09-01 08:29:00,16.07,30068.71,150343.54,0.0,3,0,3,0
222_8000DE440,222,2022-09-02 04:31:00,2022-09-02 04:55:00,15.21,5118.61,25593.06,0.0,3,0,3,0
220_8113CCEB0,220,2022-09-02 17:30:00,2022-09-02 17:41:00,14.67,9638.8,0.0,8638.8,0,3,3,0
248857_8120279B0,248857,2022-09-01 09:34:00,2022-09-07 00:07:00,16.0,712564.71,3562823.54,0.0,3,0,3,0
222_811A53B70,222,2022-09-02 03:15:00,2022-09-02 03:22:00,15.27,3055.73,15278.67,0.0,3,0,3,0
223_811C5AD30,223,2022-09-02 00:02:00,2022-09-02 00:21:00,15.4,489622.53,0.0,488622.53,0,3,3,0
119_8127DA900,119,2022-09-01 05:21:00,2022-09-08 12:57:00,16.18,30096.16,26987.4,24698.68,2,1,3,0
119_8127DA2E0,119,2022-09-01 21:27:00,2022-09-08 12:30:00,15.51,820.3,3980.66,24.17,2,1,3,0
223_811BD32D0,223,2022-09-01 07:30:00,2022-09-09 17:32:00,16.09,16825859.62,1211.74,16825617.27,2,1,3,0
148016_811BE60B0,148016,2022-09-02 23:05:00,2022-09-02 23:29:00,14.44,228800.69,0.0,227800.69,0,3,3,0
143430_810114820,143430,2022-09-02 07:10:00,2022-09-02 07:29:00,15.1,10013.25,50066.25,0.0,3,0,3,0
119_810D32170,119,2022-09-01 00:00:00,2022-09-01 00:23:00,16.4,6225.87,0.0,5225.87,0,3,3,0
48308_813419A90,48308,2022-09-02 06:03:00,2022-09-02 06:28:00,15.15,38478.94,0.0,37478.94,0,3,3,0
44650_810C56E20,44650,2022-09-01 13:33:00,2022-09-01 13:41:00,15.84,222386.17,0.0,221386.17,0,3,3,0
223_811F1DC10,223,2022-09-01 00:09:00,2022-09-09 00:19:00,16.4,748.69,251.31,0.0,3,0,3,0
223_811E2A1D0,223,2022-09-02 15:00:00,2022-09-02 15:08:00,14.78,4786.88,0.0,3786.88,0,3,3,0
245441_811434B70,245441,2022-09-03 00:11:00,2022-09-10 00:08:00,14.39,1071.79,0.0,71.79,0,3,3,0
245328_811365450,245328,2022-09-02 11:45:00,2022-09-02 11:59:00,14.91,467350.42,0.0,466350.42,0,3,3,0
245328_810AB3230,245328,2022-09-02 00:00:00,2022-09-04 00:02:00,15.4,917.22,82.78,0.0,3,0,3,0
249118_811E02BA0,249118,2022-09-01 00:06:00,2022-09-01 00:23:00,16.4,14979.58,0.0,13979.58,0,3,3,0
142950_81051B750,142950,2022-09-02 00:21:00,2022-09-10 00:12:00,15.39,2536.38,0.0,1536.38,0,3,3,0
45000_8119152B0,45000,2022-09-08 00:07:00,2022-09-10 00:02:00,9.4,1011.47,0.0,11.47,0,3,3,0
119_80FF80E00,119,2022-09-01 15:56:00,2022-09-09 09:34:00,15.74,501.4,2443.55,12.69,2,1,3,0
248857_812D099F0,248857,2022-09-02 00:24:00,2022-09-10 00:28:00,15.39,1446.78,0.0,446.78,0,3,3,0
248857_8127C8D00,248857,2022-09-01 16:11:00,2022-09-01 16:24:00,15.73,51777.56,0.0,50777.56,0,3,3,0
248857_8127B9E90,248857,2022-09-02 21:00:00,2022-09-02 21:25:00,14.53,73160.04,0.0,72160.04,0,3,3,0
1198_80FF92E80,1198,2022-09-01 16:32:00,2022-09-01 16:58:00,15.71,6072157.21,0.0,6071157.21,0,3,3,0
119_811BA12B0,119,2022-09-01 12:46:00,2022-09-02 23:58:00,15.87,865.75,4204.26,24.9,2,1,3,0
119_811B9C220,119,2022-09-01 00:35:00,2022-09-02 20:54:00,16.38,236.51,1133.23,9.86,2,1,3,0
220_80FFC0800,220,2022-09-06 03:38:00,2022-09-06 03:49:00,11.25,9332.2,0.0,8332.2,0,3,3,0
43049_80FEC8370,43049,2022-09-01 00:02:00,2022-09-01 00:07:00,16.4,40331.05,0.0,39331.05,0,3,3,0
119_80FE5ED40,119,2022-09-01 00:18:00,2022-09-01 00:26:00,16.39,14489.88,2.89,13492.77,1,2,3,0
119_80FE5BDF0,119,2022-09-01 00:11:00,2022-09-01 08:19:00,16.39,269277.28,1045779.13,60121.45,2,1,3,0
14_81007DC30,14,2022-09-01 01:12:00,2022-09-01 01:26:00,16.35,60888.62,0.0,59888.62,0,3,3,0
220_80FFAA9C0,220,2022-09-03 18:31:00,2022-09-10 16:10:00,13.63,16825.68,0.0,15825.68,0,3,3,0
119_811B8A530,119,2022-09-01 05:55:00,2022-09-02 01:40:00,16.16,273818.42,1345918.79,4634.66,2,1,3,0
143493_810AB2BB0,143493,2022-09-02 03:03:00,2022-09-02 03:23:00,15.28,3023.5,15117.5,0.0,3,0,3,0
145106_810BD8BE0,145106,2022-09-07 16:56:00,2022-09-09 03:39:00,9.7,1226.97,6134.84,0.0,3,0,3,0
43735_8101BBFF0,43735,2022-09-01 00:14:00,2022-09-01 00:29:00,16.39,23335.76,0.0,22335.76,0,3,3,0
119_811DC6970,119,2022-09-01 06:18:00,2022-09-01 09:40:00,16.14,556174.35,465743.04,463025.74,2,1,3,0
14_80FFFEC30,14,2022-09-01 14:05:00,2022-09-01 14:27:00,15.82,4504950.09,0.0,4503950.09,0,3,3,0
119_81153B510,119,2022-09-01 19:00:00,2022-09-10 08:12:00,15.61,593.04,2592.02,74.64,2,1,3,0
142950_80FFA3620,142950,2022-09-01 00:04:00,2022-09-01 00:25:00,16.4,5237849.54,0.0,5236849.54,0,3,3,0
14_8106816F0,14,2022-09-01 00:01:00,2022-09-01 00:08:00,16.4,51615.76,0.0,50615.76,0,3,3,0
249118_811F06BB0,249118,2022-09-02 03:33:00,2022-09-02 03:47:00,15.25,601.1,3005.49,0.0,3,0,3,0
1198_81033ED90,1198,2022-09-02 13:36:00,2022-09-10 00:13:00,14.84,592.04,2960.21,0.0,3,0,3,0
1198_8102320A0,1198,2022-09-01 00:01:00,2022-09-01 00:20:00,16.4,16543.13,82715.64,0.0,3,0,3,0
1198_8100CD940,1198,2022-09-02 09:14:00,2022-09-02 09:19:00,15.02,28062.01,0.0,27062.01,0,3,3,0
243614_80FEC7B50,243614,2022-09-02 11:46:00,2022-09-02 11:58:00,14.91,2956446.71,14782233.53,0.0,3,0,3,0
144735_810A1EFE0,144735,2022-09-02 20:45:00,2022-09-02 20:53:00,14.54,54617.11,0.0,53617.11,0,3,3,0
43735_810BD0A30,43735,2022-09-01 00:04:00,2022-09-01 00:22:00,16.4,15825.17,0.0,14825.17,0,3,3,0
119_810BBDC10,119,2022-09-01 01:29:00,2022-09-01 01:55:00,16.34,1289.02,3672.35,554.55,2,1,3,0
243614_80FE4DE60,243614,2022-09-02 00:05:00,2022-09-02 00:23:00,15.4,124151.98,0.0,123151.98,0,3,3,0
243614_80FE10310,243614,2022-09-01 00:04:00,2022-09-01 00:19:00,16.4,14711851.24,73559256.21,0.0,3,0,3,0
118_811B6FD30,118,2022-09-02 11:47:00,2022-09-02 11:52:00,14.91,2127.2,10636.01,0.0,3,0,3,0
118_811A82450,118,2022-09-02 17:12:00,2022-09-02 17:25:00,14.69,954325.29,0.0,953325.29,0,3,3,0
243614_81008CBA0,243614,2022-09-01 00:02:00,2022-09-01 00:27:00,16.4,347504.54,0.0,346504.54,0,3,3,0
243614_8100579F0,243614,2022-09-01 00:04:00,2022-09-01 00:23:00,16.4,55832.53,0.0,54832.53,0,3,3,0
1198_81062E380,1198,2022-09-02 13:04:00,2022-09-02 13:21:00,14.86,27925.33,0.0,26925.33,0,3,3,0
48309_8122C5AB0,48309,2022-09-02 16:32:00,2022-09-09 06:58:00,14.71,17638.5,0.0,16638.5,0,3,3,0
14_810242050,14,2022-09-08 12:10:00,2022-09-08 12:22:00,8.9,6694.7,0.0,5694.7,0,3,3,0
14_81020CD20,14,2022-09-01 00:03:00,2022-09-01 00:07:00,16.4,36049.97,0.0,35049.97,0,3,3,0
142836_8114A0CE0,142836,2022-09-01 02:36:00,2022-09-01 02:47:00,16.29,576488.99,0.0,575488.99,0,3,3,0
45304_81140E030,45304,2022-09-01 15:16:00,2022-09-01 15:22:00,15.77,5368.79,0.0,4368.79,0,3,3,0
249118_813410050,249118,2022-09-01 00:15:00,2022-09-10 00:14:00,16.39,1093.54,0.0,93.54,0,3,3,0
249118_8123A0230,249118,2022-09-02 05:34:00,2022-09-02 05:47:00,15.17,17889.38,0.0,16889.38,0,3,3,0
119_811B7F610,119,2022-09-01 11:43:00,2022-09-10 07:30:00,15.91,76454.15,65996.36,63254.88,2,1,3,0
43818_811378110,43818,2022-09-01 00:05:00,2022-09-01 00:13:00,16.4,61785.34,0.0,60785.34,0,3,3,0
144831_810A6CA70,144831,2022-09-01 00:10:00,2022-09-09 00:04:00,16.4,238.53,1192.66,0.0,3,0,3,0
119_8105679F0,119,2022-09-01 10:16:00,2022-09-03 16:36:00,15.97,348.65,1726.9,3.27,2,1,3,0
119_8107BB390,119,2022-09-01 11:19:00,2022-09-01 20:03:00,15.93,95553.46,83008.16,78951.83,2,1,3,0
243614_80FF9C960,243614,2022-09-07 06:23:00,2022-09-07 12:27:00,10.14,15346.12,0.0,14346.12,0,3,3,0
245093_810A0F710,245093,2022-09-02 07:05:00,2022-09-02 07:20:00,15.11,26739412.63,0.0,26738412.63,0,3,3,0
119_8122D1A60,119,2022-09-01 00:00:00,2022-09-09 01:56:00,16.4,337.16,1560.2,25.12,2,1,3,0
249176_811EF0F00,249176,2022-09-02 17:12:00,2022-09-02 17:27:00,14.69,23524.75,0.0,22524.75,0,3,3,0
1198_811287BC0,1198,2022-09-02 04:31:00,2022-09-02 04:59:00,15.21,59014.64,0.0,58014.64,0,3,3,0
43049_80FDB6230,43049,2022-09-02 22:04:00,2022-09-02 22:22:00,14.48,860.06,4300.29,0.0,3,0,3,0
150014_812830B80,150014,2022-09-02 04:08:00,2022-09-02 04:28:00,15.23,1288190.54,0.0,1287190.54,0,3,3,0
119_80FDF6960,119,2022-09-01 00:05:00,2022-09-01 00:13:00,16.4,33251909.76,978.92,33251713.98,1,2,3,0
1198_8106B2940,1198,2022-09-01 00:18:00,2022-09-01 00:23:00,16.39,7228908.7,0.0,7227908.7,0,3,3,0
121_811ECFA30,121,2022-09-02 07:43:00,2022-09-02 07:49:00,15.08,33474.41,0.0,32474.41,0,3,3,0
142836_80FDC1FC0,142836,2022-09-03 12:01:00,2022-09-03 12:19:00,13.9,12056.93,0.0,11056.93,0,3,3,0
119_8127D2CA0,119,2022-09-01 00:06:00,2022-09-08 12:55:00,16.4,10978.34,12086.25,8561.09,2,1,3,0
143496_81069A670,143496,2022-09-01 00:18:00,2022-09-01 00:27:00,16.39,111980.22,0.0,110980.22,0,3,3,0
143493_8117ADAF0,143493,2022-09-01 00:04:00,2022-09-08 00:13:00,16.4,938.2,61.8,0.0,3,0,3,0
143496_81149A8E0,143496,2022-09-01 16:10:00,2022-09-01 16:27:00,15.73,346056.47,0.0,345056.47,0,3,3,0
245090_81079C820,245090,2022-09-02 01:42:00,2022-09-02 01:59:00,15.33,979527.37,0.0,978527.37,0,3,3,0
118_811A51EE0,118,2022-09-01 00:07:00,2022-09-01 00:29:00,16.4,96813.33,484066.67,0.0,3,0,3,0
118_811A4E2C0,118,2022-09-01 17:43:00,2022-09-07 00:16:00,15.66,2471.63,12358.16,0.0,3,0,3,0
48795_8128623E0,48795,2022-09-02 00:20:00,2022-09-07 00:05:00,15.39,906.96,93.04,0.0,3,0,3,0
43849_81064BBE0,43849,2022-09-07 00:20:00,2022-09-10 00:01:00,10.39,1182.92,0.0,182.92,0,3,3,0
43849_81052C980,43849,2022-09-01 00:17:00,2022-09-08 00:21:00,16.39,3952.91,0.0,2952.91,0,3,3,0
144639_81159DE80,144639,2022-09-03 00:16:00,2022-09-08 00:27:00,14.39,1056.98,0.0,56.98,0,3,3,0
119_810878380,119,2022-09-01 00:27:00,2022-09-02 00:17:00,16.38,7571.99,7980.88,5975.81,2,1,3,0
119_8108599A0,119,2022-09-01 14:57:00,2022-09-02 00:21:00,15.78,9401.01,11542.48,7092.51,2,1,3,0
119_810808F80,119,2022-09-01 05:56:00,2022-09-09 00:28:00,16.15,64548.29,321518.7,244.55,1,2,3,0
144639_810A88530,144639,2022-09-02 11:43:00,2022-09-02 11:59:00,14.91,3039329.06,0.0,3038329.06,0,3,3,0
144639_81093F0F0,144639,2022-09-01 09:10:00,2022-09-08 14:07:00,16.02,5643.42,1701.87,5303.05,1,2,3,0
243614_81129BB20,243614,2022-09-02 18:37:00,2022-09-02 18:48:00,14.63,35803.13,0.0,34803.13,0,3,3,0
349761_812353AA0,349761,2022-09-01 00:22:00,2022-09-09 01:20:00,16.39,638.1,361.9,0.0,3,0,3,0
348487_811BC5AB0,348487,2022-09-01 16:49:00,2022-09-09 06:52:00,15.7,517.5,2587.48,0.0,3,0,3,0
348473_811D7A050,348473,2022-09-01 07:55:00,2022-09-09 21:48:00,16.07,716.46,283.54,0.0,3,0,3,0
348310_811BD28E0,348310,2022-09-01 00:11:00,2022-09-09 21:38:00,16.39,1291.06,6455.3,0.0,3,0,3,0
345972_811819FA0,345972,2022-09-01 00:16:00,2022-09-09 06:50:00,16.39,700.76,299.24,0.0,3,0,3,0
344096_810C13E30,344096,2022-09-01 15:53:00,2022-09-09 16:25:00,15.74,214.86,1074.28,0.0,3,0,3,0
344049_810002BA0,344049,2022-09-01 00:19:00,2022-09-09 20:42:00,16.39,666.46,333.54,0.0,3,0,3,0
343926_810245710,343926,2022-09-01 19:10:00,2022-09-09 23:31:00,15.6,841.62,158.38,0.0,3,0,3,0
119_80FD4E9F0,119,2022-09-01 23:08:00,2022-09-03 15:56:00,15.44,2358.0,5030.8,1351.84,2,1,3,0
217_810698870,217,2022-09-01 02:11:00,2022-09-01 02:26:00,16.31,429807.52,0.0,428807.52,0,3,3,0
119_811DF9C60,119,2022-09-01 15:17:00,2022-09-01 23:24:00,15.77,21059.5,14544.19,18150.66,1,2,3,0
43849_810D36990,43849,2022-09-01 00:01:00,2022-09-01 00:29:00,16.4,1874134.65,0.0,1873134.65,0,3,3,0
144200_81092A920,144200,2022-09-02 13:39:00,2022-09-02 13:59:00,14.83,1289322.55,0.0,1288322.55,0,3,3,0
144200_8108E8EA0,144200,2022-09-02 12:00:00,2022-09-02 12:16:00,14.9,23584.62,0.0,22584.62,0,3,3,0
144225_8106206A0,144225,2022-09-03 00:02:00,2022-09-05 00:00:00,14.4,732.37,267.63,0.0,3,0,3,0
119_8108D9580,119,2022-09-02 07:53:00,2022-09-09 21:23:00,15.07,2214.6,7848.1,644.98,1,2,3,0
144200_8118925F0,144200,2022-09-01 21:16:00,2022-09-01 21:29:00,15.52,5507.39,0.0,4507.39,0,3,3,0
343657_80FFD5140,343657,2022-09-01 12:01:00,2022-09-09 09:37:00,15.9,387.28,1936.42,0.0,3,0,3,0
343322_810C43010,343322,2022-09-01 00:17:00,2022-09-09 18:39:00,16.39,867.87,132.13,0.0,3,0,3,0
119_80FDBE690,119,2022-09-01 04:50:00,2022-09-03 12:07:00,16.2,814.04,3967.05,20.63,2,1,3,0
217_80FDD2410,217,2022-09-03 15:07:00,2022-09-03 15:15:00,13.77,7261.16,0.0,6261.16,0,3,3,0
48308_811FCCC20,48308,2022-09-01 00:20:00,2022-09-08 00:04:00,16.39,902.58,97.42,0.0,3,0,3,0
142836_810541F50,142836,2022-09-02 01:32:00,2022-09-02 01:55:00,15.34,20838.02,0.0,19838.02,0,3,3,0
217_81008C2E0,217,2022-09-08 21:54:00,2022-09-10 11:47:00,8.49,4059.43,20297.17,0.0,3,0,3,0
142836_80FE50FD0,142836,2022-09-01 00:25:00,2022-09-08 00:15:00,16.38,776.78,223.22,0.0,3,0,3,0
142836_80FDFD810,142836,2022-09-01 00:01:00,2022-09-01 00:13:00,16.4,16043.48,80217.39,0.0,3,0,3,0
142836_8101E6CE0,142836,2022-09-01 00:05:00,2022-09-01 00:22:00,16.4,79576.94,0.0,78576.94,0,3,3,0
142836_80FFF76F0,142836,2022-09-02 23:37:00,2022-09-02 23:38:00,14.42,2563.2,0.0,1563.2,0,3,3,0
46616_8117D36A0,46616,2022-09-01 00:12:00,2022-09-06 00:19:00,16.39,808.53,191.47,0.0,3,0,3,0
251123_8133FC740,251123,2022-09-01 00:01:00,2022-09-01 00:26:00,16.4,5415.42,0.0,4415.42,0,3,3,0
119_80FD4C680,119,2022-09-01 14:16:00,2022-09-08 19:13:00,15.81,592.47,413.25,5.72,2,1,3,0
119_80FD48E20,119,2022-09-02 16:38:00,2022-09-09 17:58:00,14.71,1360.87,2859.94,788.88,1,2,3,0
119_80FD46500,119,2022-09-02 00:49:00,2022-09-09 13:43:00,15.37,502456.65,2490256.06,4405.44,2,1,3,0
118_8119FCDA0,118,2022-09-02 00:23:00,2022-09-02 00:28:00,15.39,181595.19,907975.95,0.0,3,0,3,0
143598_810566390,143598,2022-09-01 00:12:00,2022-09-01 00:28:00,16.39,677526.52,0.0,676526.52,0,3,3,0
44451_810809260,44451,2022-09-01 00:07:00,2022-09-01 00:15:00,16.4,13610.14,0.0,12610.14,0,3,3,0
119_810C7AFA0,119,2022-09-01 00:14:00,2022-09-01 02:49:00,16.39,195515.42,875240.14,20467.39,2,1,3,0
44565_8109A1AD0,44565,2022-09-03 13:32:00,2022-09-03 13:47:00,13.84,8136.14,0.0,7136.14,0,3,3,0
44565_8108129E0,44565,2022-09-02 06:48:00,2022-09-02 06:59:00,15.12,3729.62,0.0,2729.62,0,3,3,0
119_811E9E590,119,2022-09-01 12:50:00,2022-09-02 11:40:00,15.87,542057.26,451838.38,451689.58,2,1,3,0
244187_8114F1080,244187,2022-09-02 13:33:00,2022-09-06 00:00:00,14.84,122501.04,0.0,121501.04,0,3,3,0
119_811F704E0,119,2022-09-01 00:13:00,2022-09-09 03:24:00,16.39,3160.3,4576.29,2245.04,2,1,3,0
119_811FA17F0,119,2022-09-01 08:00:00,2022-09-02 14:57:00,16.07,432.38,2055.37,21.31,2,1,3,0
113_80FD621C0,113,2022-09-02 02:32:00,2022-09-02 02:42:00,15.3,32941.61,164708.03,0.0,3,0,3,0
119_811FDD250,119,2022-09-01 00:08:00,2022-09-08 14:14:00,16.4,1978384.87,9891857.59,13.35,2,1,3,0
49508_8123E0860,49508,2022-09-01 00:05:00,2022-09-07 00:12:00,16.4,1327.79,0.0,327.79,0,3,3,0
11157_8014687C0,11157,2022-09-02 04:21:00,2022-09-09 03:50:00,15.22,15699773.24,78498866.18,0.0,2,0,2,0
113_80FD43670,113,2022-09-02 17:33:00,2022-09-02 17:47:00,14.67,890.79,4453.94,0.0,2,0,2,0
50556_812D43720,50556,2022-09-02 08:55:00,2022-09-02 15:24:00,15.03,12597.8,39477.65,4702.27,1,1,2,0
50202_8127D9D40,50202,2022-09-01 00:17:00,2022-09-09 00:03:00,16.39,966.77,33.23,0.0,2,0,2,0
113_80FD4F0B0,113,2022-09-09 00:01:00,2022-09-09 01:11:00,8.4,5365.38,0.0,4365.38,0,2,2,0
48943_8123E0720,48943,2022-09-05 00:11:00,2022-09-08 00:25:00,12.39,1062.32,0.0,62.32,0,2,2,0
113_8107CC910,113,2022-09-02 10:36:00,2022-09-02 10:49:00,14.96,8772.71,43863.53,0.0,2,0,2,0
244187_8105D7DF0,244187,2022-09-03 16:36:00,2022-09-03 16:48:00,13.71,5336915.69,0.0,5335915.69,0,2,2,0
243947_810353CF0,243947,2022-09-02 14:14:00,2022-09-02 14:21:00,14.81,224533985.3,0.0,224532985.3,0,2,2,0
118_8119FD080,118,2022-09-02 06:37:00,2022-09-02 06:46:00,15.13,10807.74,54038.72,0.0,2,0,2,0
118_8000DCB30,118,2022-09-02 06:04:00,2022-09-02 06:18:00,15.15,1111.89,5559.43,0.0,2,0,2,0
118_811A73E40,118,2022-09-06 00:05:00,2022-09-08 00:23:00,11.4,919.69,80.31,0.0,2,0,2,0
118_811A4F070,118,2022-09-07 00:22:00,2022-09-10 00:29:00,10.39,947.28,52.72,0.0,2,0,2,0
48910_812008130,48910,2022-09-01 18:50:00,2022-09-04 00:21:00,15.62,5056.69,1211.59,4814.37,1,1,2,0
118_811A82EE0,118,2022-09-01 06:39:00,2022-09-01 12:03:00,16.12,549847.04,2726423.82,4562.28,1,1,2,0
118_811A82E90,118,2022-09-04 15:25:00,2022-09-09 04:09:00,12.76,7022.99,0.0,6022.99,0,2,2,0
118_811B78810,118,2022-09-01 23:02:00,2022-09-01 23:02:00,15.44,10656.53,53282.63,0.0,2,0,2,0
48795_8120293F0,48795,2022-09-08 09:33:00,2022-09-08 09:48:00,9.0,5459.96,0.0,4459.96,0,2,2,0
48795_811F46400,48795,2022-09-02 06:49:00,2022-09-02 06:49:00,15.12,88420.43,0.0,87420.43,0,2,2,0
48755_8134131A0,48755,2022-09-07 00:10:00,2022-09-09 00:01:00,10.4,974.91,25.09,0.0,2,0,2,0
48755_8129CC7B0,48755,2022-09-01 12:48:00,2022-09-06 00:03:00,15.87,856889.13,0.0,855889.13,0,2,2,0
48755_812408330,48755,2022-09-02 08:43:00,2022-09-02 08:57:00,15.04,4221.1,0.0,3221.1,0,2,2,0
244192_81064CBA0,244192,2022-09-02 20:47:00,2022-09-02 20:51:00,14.54,7827.27,0.0,6827.27,0,2,2,0
244192_810355860,244192,2022-09-02 22:36:00,2022-09-02 22:58:00,14.46,3139.13,0.0,2139.13,0,2,2,0
243947_8100521D0,243947,2022-09-01 22:13:00,2022-09-01 22:25:00,15.48,4177246.18,0.0,4176246.18,0,2,2,0
243947_8100329C0,243947,2022-09-02 17:24:00,2022-09-09 14:22:00,14.68,1054.51,5272.56,0.0,2,0,2,0
243947_80FFDF560,243947,2022-09-01 15:37:00,2022-09-03 00:16:00,15.75,2184.55,141.15,1325.7,1,1,2,0
243947_80FFCB050,243947,2022-09-01 19:48:00,2022-09-01 19:52:00,15.58,640.19,359.81,0.0,2,0,2,0
48681_8127C4320,48681,2022-09-01 00:14:00,2022-09-01 00:17:00,16.39,7448.3,0.0,6448.3,0,2,2,0
118_811DDB730,118,2022-09-03 00:08:00,2022-09-10 00:07:00,14.4,1028.35,0.0,28.35,0,2,2,0
118_8122CAFE0,118,2022-09-09 01:55:00,2022-09-09 01:56:00,8.32,4768.06,0.0,3768.06,0,2,2,0
48681_8127BF350,48681,2022-09-01 00:14:00,2022-09-06 00:13:00,16.39,1091.01,0.0,91.01,0,2,2,0
48526_812ABFA60,48526,2022-09-01 20:30:00,2022-09-01 20:49:00,15.55,290242.63,0.0,289242.63,0,2,2,0
1198_80FD4E7F0,1198,2022-09-01 00:12:00,2022-09-01 00:23:00,16.39,45107.0,225535.01,0.0,2,0,2,0
1198_80FD43200,1198,2022-09-02 18:15:00,2022-09-09 00:48:00,14.64,651011.56,0.0,650011.56,0,2,2,0
48526_812828590,48526,2022-09-02 16:58:00,2022-09-09 01:46:00,14.7,1576.14,7880.68,0.0,2,0,2,0
48526_811F2F280,48526,2022-09-02 00:22:00,2022-09-10 00:18:00,15.39,1079.17,0.0,79.17,0,2,2,0
1198_80FE55DC0,1198,2022-09-01 00:11:00,2022-09-07 00:05:00,16.39,986613.78,43.9,985657.68,1,1,2,0
1198_80FDE28F0,1198,2022-09-04 02:25:00,2022-09-08 17:11:00,13.3,3946.54,4482.93,3049.95,1,1,2,0
1198_810083940,1198,2022-09-01 09:08:00,2022-09-01 09:28:00,16.02,5163.3,0.0,4163.3,0,2,2,0
1198_80FF91090,1198,2022-09-01 00:13:00,2022-09-01 00:16:00,16.39,2850.15,14250.74,0.0,2,0,2,0
1198_80FE60880,1198,2022-09-01 00:15:00,2022-09-01 00:28:00,16.39,5806.01,0.0,4806.01,0,2,2,0
244818_810878570,244818,2022-09-02 00:19:00,2022-09-09 00:14:00,15.39,1072.12,0.0,72.12,0,2,2,0
244818_8105629C0,244818,2022-09-02 09:03:00,2022-09-02 09:29:00,15.03,8423.84,0.0,7423.84,0,2,2,0
244818_810539080,244818,2022-09-01 00:09:00,2022-09-01 00:28:00,16.4,11184.38,0.0,10184.38,0,2,2,0
244192_811358290,244192,2022-09-09 07:45:00,2022-09-09 17:21:00,8.08,1059.26,5296.31,0.0,2,0,2,0
244192_8109D9670,244192,2022-09-02 19:08:00,2022-09-02 19:11:00,14.6,47601.75,0.0,46601.75,0,2,2,0
243897_811417CE0,243897,2022-09-01 00:00:00,2022-09-01 00:23:00,16.4,13405.92,0.0,12405.92,0,2,2,0
243897_8112C9CC0,243897,2022-09-02 04:35:00,2022-09-02 04:57:00,15.21,3188.93,0.0,2188.93,0,2,2,0
243897_81129A270,243897,2022-09-01 00:05:00,2022-09-01 00:26:00,16.4,13811.64,0.0,12811.64,0,2,2,0
243897_810C76DB0,243897,2022-09-01 00:03:00,2022-09-01 00:10:00,16.4,9371.14,0.0,8371.14,0,2,2,0
243897_8109AB350,243897,2022-09-07 11:35:00,2022-09-07 11:39:00,9.92,1838.66,0.0,838.66,0,2,2,0
243897_810932AC0,243897,2022-09-01 18:14:00,2022-09-01 18:25:00,15.64,37993.49,0.0,36993.49,0,2,2,0
243897_810101BC0,243897,2022-09-01 00:15:00,2022-09-01 00:23:00,16.39,1045.17,5225.87,0.0,2,0,2,0
245090_8107B0AA0,245090,2022-09-01 11:10:00,2022-09-01 11:19:00,15.94,5396.77,0.0,4396.77,0,2,2,0
245090_8106F0850,245090,2022-09-02 07:32:00,2022-09-02 07:36:00,15.09,10080.16,0.0,9080.16,0,2,2,0
243614_8117E9A80,243614,2022-09-04 00:25:00,2022-09-07 00:24:00,13.38,909.71,90.29,0.0,2,0,2,0
243614_8112125F0,243614,2022-09-02 21:32:00,2022-09-02 21:44:00,14.5,11471.13,0.0,10471.13,0,2,2,0
243614_810934360,243614,2022-09-02 21:04:00,2022-09-02 21:22:00,14.52,11820.47,0.0,10820.47,0,2,2,0
243897_80FFBD040,243897,2022-09-08 21:10:00,2022-09-09 18:48:00,8.52,6425.79,0.0,5425.79,0,2,2,0
243897_80FF8DBF0,243897,2022-09-09 09:34:00,2022-09-09 09:34:00,8.0,6417.93,0.0,5417.93,0,2,2,0
48526_811DF9050,48526,2022-09-01 00:05:00,2022-09-10 00:09:00,16.4,977.07,22.93,0.0,2,0,2,0
1198_810517D10,1198,2022-09-03 00:27:00,2022-09-06 00:03:00,14.38,906.41,93.59,0.0,2,0,2,0
1198_810C57160,1198,2022-09-01 18:39:00,2022-09-01 18:47:00,15.62,18750.57,0.0,17750.57,0,2,2,0
48309_8123C14A0,48309,2022-09-02 16:31:00,2022-09-02 16:33:00,14.71,43798.7,0.0,42798.7,0,2,2,0
48309_81237CF90,48309,2022-09-04 00:05:00,2022-09-06 00:25:00,13.4,951.41,48.59,0.0,2,0,2,0
48309_8120254A0,48309,2022-09-05 00:14:00,2022-09-07 00:15:00,12.39,1007.45,0.0,7.45,0,2,2,0
119_80FD60AB0,119,2022-09-01 00:22:00,2022-09-01 00:22:00,16.39,29433.24,24527.7,24527.7,1,1,2,0
119_80FE1BE30,119,2022-09-01 00:21:00,2022-09-01 00:21:00,16.39,62260.84,51884.03,51884.03,1,1,2,0
48309_811EC3690,48309,2022-09-02 18:48:00,2022-09-09 05:57:00,14.62,13916.18,0.0,12916.18,0,2,2,0
48309_811EA8E60,48309,2022-09-02 02:54:00,2022-09-02 02:57:00,15.28,3670.47,0.0,2670.47,0,2,2,0
245093_810857E10,245093,2022-09-01 00:00:00,2022-09-01 00:08:00,16.4,2275.04,11375.18,0.0,2,0,2,0
243614_81023EC70,243614,2022-09-07 08:11:00,2022-09-07 08:25:00,10.06,48020.81,0.0,47020.81,0,2,2,0
243614_810232500,243614,2022-09-01 01:17:00,2022-09-01 01:26:00,16.35,13337.03,0.0,12337.03,0,2,2,0
245090_8107B95B0,245090,2022-09-02 17:42:00,2022-09-02 17:42:00,14.66,1134.41,0.0,134.41,0,2,2,0
119_80FF726C0,119,2022-09-01 00:11:00,2022-09-01 00:11:00,16.39,1000.0,236.72,236.72,1,1,2,0
119_80FFAC810,119,2022-09-01 00:07:00,2022-09-01 00:07:00,16.4,3484276.82,2903564.02,2903564.02,1,1,2,0
119_81005B350,119,2022-09-01 20:55:00,2022-09-01 20:55:00,15.53,6046.66,5038.88,5038.88,1,1,2,0
119_81007DA50,119,2022-09-01 19:23:00,2022-09-01 19:23:00,15.59,20187.48,16822.9,16822.9,1,1,2,0
119_8100CD550,119,2022-09-01 00:14:00,2022-09-01 00:14:00,16.39,1000.0,674.64,674.64,1,1,2,0
119_8101A3A30,119,2022-09-01 00:27:00,2022-09-01 00:27:00,16.38,1000.0,18.55,18.55,1,1,2,0
119_810161CE0,119,2022-09-01 21:22:00,2022-09-01 21:22:00,15.51,40063.82,33386.52,33386.52,1,1,2,0
119_8101D0FE0,119,2022-09-01 00:16:00,2022-09-01 00:16:00,16.39,1000.0,6.32,6.32,1,1,2,0
119_81035F790,119,2022-09-01 09:48:00,2022-09-01 09:48:00,15.99,25270.78,21058.98,21058.98,1,1,2,0
119_810346850,119,2022-09-02 11:34:00,2022-09-06 00:55:00,14.92,1121.02,4291.14,262.79,1,1,2,0
119_810296D50,119,2022-09-01 00:04:00,2022-09-01 00:28:00,16.4,20292.09,101460.47,0.0,2,0,2,0
119_810296280,119,2022-09-01 00:07:00,2022-09-01 00:07:00,16.4,18896113.3,15746761.08,15746761.08,1,1,2,0
48309_811E19AD0,48309,2022-09-01 00:12:00,2022-09-01 00:18:00,16.39,4750911.28,0.0,4749911.28,0,2,2,0
223_812363D80,223,2022-09-01 00:17:00,2022-09-01 00:18:00,16.39,38462.97,0.0,37462.97,0,2,2,0
245328_8109B0920,245328,2022-09-02 02:34:00,2022-09-02 02:41:00,15.3,27057.87,0.0,26057.87,0,2,2,0
245093_8115DDC20,245093,2022-09-06 23:24:00,2022-09-06 23:27:00,10.43,6238.46,0.0,5238.46,0,2,2,0
245093_8112AB9E0,245093,2022-09-01 00:04:00,2022-09-01 00:28:00,16.4,87728.11,0.0,86728.11,0,2,2,0
243614_80FF945F0,243614,2022-09-01 01:23:00,2022-09-01 01:25:00,16.34,6960.59,0.0,5960.59,0,2,2,0
243614_810006360,243614,2022-09-01 00:09:00,2022-09-09 00:25:00,16.4,986.72,13.28,0.0,2,0,2,0
243614_80FFF0650,243614,2022-09-02 06:34:00,2022-09-02 06:36:00,15.13,14180.82,0.0,13180.82,0,2,2,0
48309_811C52060,48309,2022-09-01 00:13:00,2022-09-01 00:14:00,16.39,24447.89,0.0,23447.89,0,2,2,0
48309_811C476B0,48309,2022-09-02 00:16:00,2022-09-05 00:07:00,15.39,945.53,54.47,0.0,2,0,2,0
119_810554F90,119,2022-09-01 00:15:00,2022-09-01 00:15:00,16.39,13758.6,11465.5,11465.5,1,1,2,0
119_810515550,119,2022-09-01 00:21:00,2022-09-01 00:21:00,16.39,1000.0,15.99,15.99,1,1,2,0
119_8105D7540,119,2022-09-01 12:38:00,2022-09-03 16:48:00,15.88,1066906.28,5334192.06,67.87,1,1,2,0
119_81063B420,119,2022-09-01 00:22:00,2022-09-01 00:22:00,16.39,1000.0,3.28,3.28,1,1,2,0
119_8107F18F0,119,2022-09-01 15:02:00,2022-09-01 15:02:00,15.78,1000.0,11.59,11.59,1,1,2,0
119_8109875E0,119,2022-09-01 00:12:00,2022-09-01 00:12:00,16.39,1000.0,11.97,11.97,1,1,2,0
119_8108BDAF0,119,2022-09-02 08:41:00,2022-09-09 03:24:00,15.04,1185.76,0.0,185.76,0,2,2,0
119_810A225C0,119,2022-09-01 00:25:00,2022-09-01 00:25:00,16.38,11270.32,9391.93,9391.93,1,1,2,0
119_810D3B0B0,119,2022-09-10 12:29:00,2022-09-10 16:13:00,6.88,489.06,2445.29,0.0,2,0,2,0
119_810D02DE0,119,2022-09-01 22:00:00,2022-09-01 22:00:00,15.49,15370.28,12808.57,12808.57,1,1,2,0
119_810CE5C80,119,2022-09-01 00:22:00,2022-09-01 00:22:00,16.39,1000.0,10.17,10.17,1,1,2,0
245441_810ED39E0,245441,2022-09-02 08:39:00,2022-09-02 08:46:00,15.04,1304.38,0.0,304.38,0,2,2,0
245441_810CDE1F0,245441,2022-09-05 03:31:00,2022-09-09 07:49:00,12.26,2765.95,633.1,2399.05,1,1,2,0
245441_8108DCEC0,245441,2022-09-02 00:12:00,2022-09-04 00:12:00,15.39,984.27,15.73,0.0,2,0,2,0
245328_811359690,245328,2022-09-09 07:39:00,2022-09-09 17:27:00,8.08,1122.9,5614.49,0.0,2,0,2,0
243614_80FDD9090,243614,2022-09-02 15:33:00,2022-09-02 15:56:00,14.75,1109.65,5548.23,0.0,2,0,2,0
223_812D1A410,223,2022-09-11 19:30:00,2022-09-11 19:30:00,5.59,2327.48,11637.41,0.0,2,0,2,1
48308_8123FE6B0,48308,2022-09-02 05:55:00,2022-09-09 16:24:00,15.16,20675.4,0.0,19675.4,0,2,2,0
119_8112AE8A0,119,2022-09-01 17:04:00,2022-09-01 17:04:00,15.69,1000.0,7.92,7.92,1,1,2,0
119_8112ACE40,119,2022-09-02 13:46:00,2022-09-09 16:52:00,14.83,2345.88,0.0,1345.88,0,2,2,0
119_81129BD20,119,2022-09-01 15:41:00,2022-09-01 15:41:00,15.75,38243.94,31869.95,31869.95,1,1,2,0
119_811247050,119,2022-09-01 00:21:00,2022-09-01 00:21:00,16.39,1000.0,22.38,22.38,1,1,2,0
119_8114EA0B0,119,2022-09-01 19:25:00,2022-09-01 19:25:00,15.59,1000.0,12.3,12.3,1,1,2,0
119_8117E7BE0,119,2022-09-01 00:21:00,2022-09-01 00:21:00,16.39,1000.0,2.84,2.84,1,1,2,0
119_8119EE400,119,2022-09-01 00:12:00,2022-09-01 00:25:00,16.39,940.08,4370.57,65.97,1,1,2,0
119_8119BE560,119,2022-09-06 20:05:00,2022-09-08 13:56:00,10.57,1432.24,7161.2,0.0,2,0,2,0
48308_811FEFF90,48308,2022-09-04 00:08:00,2022-09-07 00:04:00,13.4,960.42,39.58,0.0,2,0,2,0
48308_811EDD5B0,48308,2022-09-01 00:17:00,2022-09-09 00:00:00,16.39,1058.08,0.0,58.08,0,2,2,0
245558_81186B500,245558,2022-09-03 19:36:00,2022-09-08 03:06:00,13.59,4303.0,2128.5,3877.3,1,1,2,0
245558_810D3F060,245558,2022-09-10 12:04:00,2022-09-10 12:29:00,6.9,1701.19,0.0,701.19,0,2,2,0
223_811E490B0,223,2022-09-03 04:03:00,2022-09-03 04:19:00,14.23,2288.98,0.0,1288.98,0,2,2,0
223_811DA4DD0,223,2022-09-01 04:09:00,2022-09-01 04:18:00,16.23,17796.88,0.0,16796.88,0,2,2,0
48308_811ED7DF0,48308,2022-09-03 09:14:00,2022-09-10 18:56:00,14.02,18369.52,3832.26,17603.07,1,1,2,1
119_811A691C0,119,2022-09-01 01:31:00,2022-09-01 01:31:00,16.34,96289.08,80240.9,80240.9,1,1,2,0
119_811BC8B40,119,2022-09-01 19:36:00,2022-09-01 19:36:00,15.59,8426.63,7022.19,7022.19,1,1,2,0
119_811BC6AF0,119,2022-09-01 00:27:00,2022-09-01 00:27:00,16.38,1000.0,15.94,15.94,1,1,2,0
119_811C18A80,119,2022-09-01 08:46:00,2022-09-01 08:46:00,16.04,7993.62,6661.35,6661.35,1,1,2,0
119_811C16F90,119,2022-09-01 02:34:00,2022-09-01 02:34:00,16.3,1203.4,1002.83,1002.83,1,1,2,0
48308_811D95110,48308,2022-09-01 04:35:00,2022-09-01 04:42:00,16.21,10850.46,0.0,9850.46,0,2,2,0
245668_81132AE90,245668,2022-09-03 17:39:00,2022-09-10 04:14:00,13.67,895.32,4134.43,68.43,1,1,2,1
223_811A4B1F0,223,2022-09-01 00:27:00,2022-09-02 00:04:00,16.38,201.73,1008.66,0.0,2,0,2,0
223_811A6C8F0,223,2022-09-04 07:09:00,2022-09-06 13:27:00,13.1,1176.68,5883.4,0.0,2,0,2,0
223_811B9B160,223,2022-09-02 01:10:00,2022-09-09 17:59:00,15.35,6891.28,0.0,5891.28,0,2,2,0
223_811B99D80,223,2022-09-02 01:11:00,2022-09-02 01:15:00,15.35,1922.7,9613.52,0.0,2,0,2,0
48308_811D7AB60,48308,2022-09-03 19:03:00,2022-09-07 19:26:00,13.61,20148.42,0.0,19148.42,0,2,2,0
48308_811D63480,48308,2022-09-02 22:03:00,2022-09-02 22:24:00,14.48,618.89,3094.45,0.0,2,0,2,0
119_811E023E0,119,2022-09-01 15:20:00,2022-09-01 15:20:00,15.76,1000.0,140.45,140.45,1,1,2,0
119_811E01E90,119,2022-09-01 00:10:00,2022-09-01 00:10:00,16.4,1000.0,310.78,310.78,1,1,2,0
119_811E885D0,119,2022-09-01 05:49:00,2022-09-01 05:49:00,16.16,1000.0,8.62,8.62,1,1,2,0
119_811EE6B60,119,2022-09-01 08:13:00,2022-09-01 08:13:00,16.06,11621.63,9684.69,9684.69,1,1,2,0
119_811EC2B70,119,2022-09-01 00:21:00,2022-09-01 00:21:00,16.39,2698.49,2248.74,2248.74,1,1,2,0
119_811EBEDE0,119,2022-09-01 00:08:00,2022-09-01 00:08:00,16.4,60421.67,50351.39,50351.39,1,1,2,0
119_811F5EEA0,119,2022-09-01 03:03:00,2022-09-01 03:03:00,16.27,1000.0,17.77,17.77,1,1,2,0
119_811F03440,119,2022-09-01 00:24:00,2022-09-01 00:24:00,16.39,1000.0,21.26,21.26,1,1,2,0
119_812003DF0,119,2022-09-01 00:17:00,2022-09-01 00:17:00,16.39,1000.0,21.84,21.84,1,1,2,0
119_811FF1940,119,2022-09-01 00:00:00,2022-09-01 00:00:00,16.4,1000.0,8.93,8.93,1,1,2,0
119_811FD47B0,119,2022-09-01 12:29:00,2022-09-01 12:29:00,15.88,1000.0,4.44,4.44,1,1,2,0
48211_8129B0280,48211,2022-09-04 21:15:00,2022-09-08 01:51:00,12.52,5726.78,28633.89,0.0,2,0,2,0
48211_81241F9C0,48211,2022-09-02 10:45:00,2022-09-02 10:52:00,14.95,17716.97,0.0,16716.97,0,2,2,0
247207_81135AC50,247207,2022-09-09 07:42:00,2022-09-09 17:06:00,8.08,1284.57,6422.87,0.0,2,0,2,0
246162_81137A000,246162,2022-09-01 02:21:00,2022-09-01 02:26:00,16.3,1718695.51,0.0,1717695.51,0,2,2,0
245748_8115E3C50,245748,2022-09-02 13:44:00,2022-09-02 13:46:00,14.83,20521.25,0.0,19521.25,0,2,2,0
223_8000DBC50,223,2022-09-01 07:50:00,2022-09-01 07:53:00,16.08,2777.41,13887.03,0.0,2,0,2,0
223_8000D86F0,223,2022-09-02 08:05:00,2022-09-09 11:05:00,15.07,423.17,2115.86,0.0,2,0,2,0
222_812D8C5B0,222,2022-09-06 00:04:00,2022-09-07 00:06:00,11.4,223.5,1117.51,0.0,2,0,2,0
222_8129DE960,222,2022-09-02 00:07:00,2022-09-05 00:28:00,15.4,958.53,41.47,0.0,2,0,2,0
48211_8123E68E0,48211,2022-09-02 12:44:00,2022-09-02 12:46:00,14.87,57421.7,0.0,56421.7,0,2,2,0
48211_8123A4AF0,48211,2022-09-02 02:32:00,2022-09-09 04:48:00,15.3,78284.02,0.0,77284.02,0,2,2,0
48211_812389630,48211,2022-09-01 23:01:00,2022-09-01 23:12:00,15.44,5245.96,0.0,4245.96,0,2,2,0
48211_811ED0C30,48211,2022-09-01 00:23:00,2022-09-04 00:03:00,16.39,1056.91,0.0,56.91,0,2,2,0
119_812015360,119,2022-09-01 00:27:00,2022-09-01 00:27:00,16.38,1022.12,851.77,851.77,1,1,2,0
119_8127CD090,119,2022-09-01 01:16:00,2022-09-01 01:16:00,16.35,2144165.45,1786804.54,1786804.54,1,1,2,0
121_8000E1590,121,2022-09-07 21:03:00,2022-09-08 18:48:00,9.53,3188.19,15940.95,0.0,2,0,2,1
121_8000DB970,121,2022-09-02 08:45:00,2022-09-02 08:59:00,15.04,1373.72,6868.58,0.0,2,0,2,0
121_8000DAFD0,121,2022-09-02 20:43:00,2022-09-09 04:01:00,14.54,1280.5,6402.48,0.0,2,0,2,0
48211_811E07200,48211,2022-09-02 04:33:00,2022-09-02 04:42:00,15.21,8192.84,0.0,7192.84,0,2,2,0
248857_811D79F90,248857,2022-09-02 18:38:00,2022-09-02 18:44:00,14.63,2181540.8,0.0,2180540.8,0,2,2,0
222_811BD6240,222,2022-09-02 23:40:00,2022-09-02 23:45:00,14.42,6535.57,0.0,5535.57,0,2,2,0
222_811BB18E0,222,2022-09-02 17:06:00,2022-09-02 17:09:00,14.69,5740.01,0.0,4740.01,0,2,2,0
222_811BA8F30,222,2022-09-01 15:13:00,2022-09-01 15:24:00,15.77,2593.11,0.0,1593.11,0,2,2,0
222_811DF7000,222,2022-09-02 09:18:00,2022-09-02 09:24:00,15.01,7518.41,0.0,6518.41,0,2,2,0
222_811EF65A0,222,2022-09-03 18:12:00,2022-09-06 13:58:00,13.64,1210.21,6051.05,0.0,2,0,2,0
121_811BA7970,121,2022-09-01 00:03:00,2022-09-01 00:27:00,16.4,45042.62,225213.1,0.0,2,0,2,0
121_811DC3A00,121,2022-09-02 21:09:00,2022-09-02 21:16:00,14.52,89587.9,447939.49,0.0,2,0,2,0
121_811BFAE50,121,2022-09-01 00:02:00,2022-09-01 00:16:00,16.4,11645.38,0.0,10645.38,0,2,2,0
248857_811EE01A0,248857,2022-09-09 03:06:00,2022-09-09 03:24:00,8.27,4972.27,0.0,3972.27,0,2,2,0
222_811A52F30,222,2022-09-04 07:12:00,2022-09-05 06:52:00,13.1,1644.62,8223.11,0.0,2,0,2,0
222_811A50400,222,2022-09-03 06:01:00,2022-09-07 15:10:00,14.15,547.83,2739.15,0.0,2,0,2,0
222_811A89290,222,2022-09-01 10:02:00,2022-09-04 22:55:00,15.98,189.68,948.4,0.0,2,0,2,0
222_811A87EE0,222,2022-09-02 18:03:00,2022-09-02 18:12:00,14.65,26727.17,133635.85,0.0,2,0,2,0
48211_811C07BE0,48211,2022-09-06 11:55:00,2022-09-09 23:07:00,10.91,8540.7,0.0,7540.7,0,2,2,0
48211_811BD01A0,48211,2022-09-01 00:25:00,2022-09-07 01:01:00,16.38,87097.25,319804.66,23136.32,1,1,2,1
121_812354A30,121,2022-09-01 19:25:00,2022-09-03 00:23:00,15.59,3124.52,41.46,2165.98,1,1,2,0
121_811EF6460,121,2022-09-03 18:17:00,2022-09-06 13:36:00,13.64,613.77,3068.84,0.0,2,0,2,0
48211_811BBF0B0,48211,2022-09-01 05:47:00,2022-09-05 09:25:00,16.16,5269.53,1842.37,4901.06,1,1,2,0
142836_80FE56810,142836,2022-09-02 11:59:00,2022-09-09 12:33:00,14.9,46775.24,0.0,45775.24,0,2,2,0
142836_81033C930,142836,2022-09-02 20:13:00,2022-09-02 20:29:00,14.56,1014.87,0.0,14.87,0,2,2,0
142836_81024D440,142836,2022-09-01 09:44:00,2022-09-01 09:49:00,16.0,9107.82,0.0,8107.82,0,2,2,0
142836_80FFDA510,142836,2022-09-01 00:13:00,2022-09-01 00:19:00,16.39,10854.79,0.0,9854.79,0,2,2,0
47248_811837C10,47248,2022-09-01 07:39:00,2022-09-01 07:42:00,16.08,37948.66,0.0,36948.66,0,2,2,0
46616_811429A80,46616,2022-09-02 01:25:00,2022-09-04 05:48:00,15.34,4358.57,2582.09,3842.15,1,1,2,0
46042_811814CA0,46042,2022-09-02 00:01:00,2022-09-04 00:15:00,15.4,872.52,127.48,0.0,2,0,2,0
46042_8114DD610,46042,2022-09-07 00:35:00,2022-09-09 23:28:00,10.38,1954.05,1634.02,1627.25,1,1,2,0
45701_811443DF0,45701,2022-09-02 12:33:00,2022-09-02 12:41:00,14.88,60157.57,0.0,59157.57,0,2,2,0
142836_810BEF1D0,142836,2022-09-04 00:00:00,2022-09-09 00:24:00,13.4,1013.65,0.0,13.65,0,2,2,0
142836_8105FA6F0,142836,2022-09-03 00:41:00,2022-09-03 00:47:00,14.37,7658.94,0.0,6658.94,0,2,2,0
220_8106723F0,220,2022-09-01 00:16:00,2022-09-01 00:18:00,16.39,20683.11,0.0,19683.11,0,2,2,0
220_8106323D0,220,2022-09-09 04:33:00,2022-09-09 04:49:00,8.21,6175.19,0.0,5175.19,0,2,2,0
222_8000D9FC0,222,2022-09-01 13:05:00,2022-09-01 13:27:00,15.86,210.17,789.83,0.0,2,0,2,0
220_81194E960,220,2022-09-02 18:26:00,2022-09-09 18:31:00,14.63,50877.04,0.0,49877.04,0,2,2,0
248857_812389310,248857,2022-09-01 00:08:00,2022-09-09 00:25:00,16.4,368730.83,142.01,367872.84,1,1,2,0
45701_810CFF0B0,45701,2022-09-04 16:19:00,2022-09-09 13:42:00,12.72,3971.73,413.15,3384.88,1,1,2,1
45601_811359500,45601,2022-09-09 07:34:00,2022-09-09 17:06:00,8.09,586.14,2930.7,0.0,2,0,2,0
45601_8112A8AE0,45601,2022-09-02 18:53:00,2022-09-09 00:06:00,14.62,24206.04,0.0,23206.04,0,2,2,0
45566_811852400,45566,2022-09-02 17:44:00,2022-09-09 22:14:00,14.66,8562.86,0.0,7562.86,0,2,2,0
142950_80FE1FFD0,142950,2022-09-02 01:42:00,2022-09-02 01:58:00,15.33,12320.42,61602.08,0.0,2,0,2,0
45563_810CC8F50,45563,2022-09-01 00:07:00,2022-09-01 00:26:00,16.4,22887.97,0.0,21887.97,0,2,2,0
142950_810161300,142950,2022-09-01 00:13:00,2022-09-03 00:29:00,16.39,1295.05,0.0,295.05,0,2,2,0
142950_810150F70,142950,2022-09-02 22:47:00,2022-09-02 22:48:00,14.45,3363.66,16818.29,0.0,2,0,2,0
142950_80FFFC250,142950,2022-09-01 01:50:00,2022-09-01 01:55:00,16.33,253344.18,0.0,252344.18,0,2,2,0
142950_8107F73F0,142950,2022-09-05 00:08:00,2022-09-06 00:21:00,12.4,928.97,71.03,0.0,2,0,2,0
142950_810518DE0,142950,2022-09-05 14:38:00,2022-09-05 14:55:00,11.79,3502.42,0.0,2502.42,0,2,2,0
142950_8103683D0,142950,2022-09-02 00:33:00,2022-09-02 00:43:00,15.38,2506.16,12530.78,0.0,2,0,2,0
249118_811FEC990,249118,2022-09-02 03:30:00,2022-09-02 03:43:00,15.26,2570.41,0.0,1570.41,0,2,2,0
220_80FDED860,220,2022-09-07 06:16:00,2022-09-08 23:19:00,10.14,2853.9,3229.15,2208.07,1,1,2,0
220_81123DB10,220,2022-09-02 08:23:00,2022-09-09 20:24:00,15.05,18175.32,0.0,17175.32,0,2,2,0
220_810A66C70,220,2022-09-01 00:00:00,2022-09-01 00:21:00,16.4,84046.23,0.0,83046.23,0,2,2,0
45304_810C65540,45304,2022-09-04 00:28:00,2022-09-10 00:11:00,13.38,1009.61,0.0,9.61,0,2,2,0
45279_811358240,45279,2022-09-09 07:43:00,2022-09-09 17:24:00,8.08,656.4,3281.99,0.0,2,0,2,0
142950_8115CC480,142950,2022-09-01 00:21:00,2022-09-03 00:24:00,16.39,920.42,79.58,0.0,2,0,2,0
142950_811402000,142950,2022-09-01 15:01:00,2022-09-01 15:07:00,15.78,2950512.85,0.0,2949512.85,0,2,2,0
142950_810EB7890,142950,2022-09-02 22:32:00,2022-09-02 22:56:00,14.46,19636.39,0.0,18636.39,0,2,2,0
142950_810BD1F90,142950,2022-09-01 06:23:00,2022-09-01 06:29:00,16.14,8817.22,44086.1,0.0,2,0,2,0
142950_8108BACE0,142950,2022-09-01 00:25:00,2022-09-05 00:26:00,16.38,1030.27,0.0,30.27,0,2,2,0
249176_811F483D0,249176,2022-09-01 15:09:00,2022-09-01 15:23:00,15.77,29058.26,145291.3,0.0,2,0,2,0
249176_811DBC780,249176,2022-09-01 09:12:00,2022-09-01 09:18:00,16.02,20288.94,0.0,19288.94,0,2,2,0
220_80FD427F0,220,2022-09-02 12:13:00,2022-09-09 17:24:00,14.89,14025.22,70126.12,0.0,2,0,2,0
220_80FD32260,220,2022-09-02 22:34:00,2022-09-02 22:39:00,14.46,3787.63,0.0,2787.63,0,2,2,0
220_80FDC9960,220,2022-09-02 10:09:00,2022-09-02 10:18:00,14.98,4753.35,0.0,3753.35,0,2,2,0
220_80FDB4A30,220,2022-09-01 19:42:00,2022-09-01 19:49:00,15.58,7505.0,37525.01,0.0,2,0,2,0
44873_811848060,44873,2022-09-02 11:37:00,2022-09-09 14:12:00,14.92,151282.88,0.0,150282.88,0,2,2,0
44873_8107F63F0,44873,2022-09-02 04:01:00,2022-09-02 04:18:00,15.23,55605.38,0.0,54605.38,0,2,2,0
143242_81035B620,143242,2022-09-02 00:09:00,2022-09-06 00:15:00,15.4,910.65,89.35,0.0,2,0,2,0
143242_81033D0E0,143242,2022-09-01 17:35:00,2022-09-01 17:45:00,15.67,7516.33,0.0,6516.33,0,2,2,0
143242_8101E3F70,143242,2022-09-02 00:01:00,2022-09-02 00:03:00,15.4,3860.71,0.0,2860.71,0,2,2,0
143242_8100FB7E0,143242,2022-09-06 03:11:00,2022-09-06 03:17:00,11.27,8761.65,0.0,7761.65,0,2,2,0
44650_8117E6F90,44650,2022-09-02 12:13:00,2022-09-02 12:23:00,14.89,6784.29,0.0,5784.29,0,2,2,0
143242_8113589C0,143242,2022-09-09 07:32:00,2022-09-09 17:25:00,8.09,184.45,922.25,0.0,2,0,2,0
143430_81055F7B0,143430,2022-09-06 00:23:00,2022-09-07 00:21:00,11.39,857.91,142.09,0.0,2,0,2,0
143430_8103468A0,143430,2022-09-02 11:34:00,2022-09-06 00:55:00,14.92,5028.35,262.79,4291.14,1,1,2,0
143430_8101490D0,143430,2022-09-02 21:17:00,2022-09-09 02:00:00,14.52,5175.42,0.0,4175.42,0,2,2,0
143430_810145080,143430,2022-09-02 13:41:00,2022-09-02 13:56:00,14.83,20256.91,0.0,19256.91,0,2,2,0
143430_8101406E0,143430,2022-09-01 00:01:00,2022-09-01 00:28:00,16.4,92376941.92,461884709.58,0.0,2,0,2,0
143430_810128E10,143430,2022-09-01 06:36:00,2022-09-01 06:47:00,16.13,15959.59,0.0,14959.59,0,2,2,0
143493_8101FF7B0,143493,2022-09-01 00:32:00,2022-09-01 00:38:00,16.38,141947.48,0.0,140947.48,0,2,2,0
143430_810C49430,143430,2022-09-02 01:41:00,2022-09-02 01:51:00,15.33,5755.02,0.0,4755.02,0,2,2,0
217_81008A9D0,217,2022-09-02 20:51:00,2022-09-02 20:51:00,14.53,4108.43,0.0,3108.43,0,2,2,0
250068_8123E26F0,250068,2022-09-02 09:02:00,2022-09-02 09:29:00,15.03,5400.93,27004.63,0.0,2,0,2,0
249176_812375AA0,249176,2022-09-02 17:34:00,2022-09-09 01:39:00,14.67,4073.5,0.0,3073.5,0,2,2,0
217_811358EE0,217,2022-09-09 07:56:00,2022-09-09 17:01:00,8.07,812.91,4064.56,0.0,2,0,2,0
217_810948C70,217,2022-09-01 22:32:00,2022-09-01 22:42:00,15.46,45459.67,0.0,44459.67,0,2,2,0
217_8105DCB70,217,2022-09-08 00:12:00,2022-09-10 00:10:00,9.39,1236.01,0.0,236.01,0,2,2,0
44565_811947A00,44565,2022-09-02 12:28:00,2022-09-09 10:02:00,14.88,44632.56,0.0,43632.56,0,2,2,0
143493_810A206B0,143493,2022-09-02 07:51:00,2022-09-02 07:59:00,15.07,4472.91,0.0,3472.91,0,2,2,0
143493_8106F1820,143493,2022-09-02 04:31:00,2022-09-09 17:49:00,15.21,4456.54,0.0,3456.54,0,2,2,0
143493_810643850,143493,2022-09-03 00:07:00,2022-09-09 00:11:00,14.4,979.47,20.53,0.0,2,0,2,0
143496_8102A06D0,143496,2022-09-01 23:04:00,2022-09-08 00:15:00,15.44,2315402.03,46.07,2314448.1,1,1,2,0
143493_8112593E0,143493,2022-09-01 00:09:00,2022-09-01 00:23:00,16.4,13706.65,0.0,12706.65,0,2,2,0
143598_810223940,143598,2022-09-02 17:06:00,2022-09-02 17:29:00,14.69,25943.45,0.0,24943.45,0,2,2,0
143496_810ED1F30,143496,2022-09-02 14:22:00,2022-09-09 10:53:00,14.8,3503002.92,0.0,3502002.92,0,2,2,0
251264_812AB5F30,251264,2022-09-01 00:23:00,2022-09-01 20:09:00,16.39,632.34,3161.7,0.0,2,0,2,0
251123_812A8F900,251123,2022-09-01 05:05:00,2022-09-01 05:10:00,16.19,46529.77,0.0,45529.77,0,2,2,0
250188_812D09D90,250188,2022-09-04 00:26:00,2022-09-06 00:16:00,13.38,654.91,345.09,0.0,2,0,2,0
250068_812A6FB10,250068,2022-09-02 17:11:00,2022-09-02 17:12:00,14.69,60627.17,0.0,59627.17,0,2,2,0
250068_8129EC7B0,250068,2022-09-02 19:33:00,2022-09-02 19:54:00,14.59,31320.51,0.0,30320.51,0,2,2,0
217_81022E5D0,217,2022-09-01 00:24:00,2022-09-02 00:02:00,16.39,1078.49,0.0,78.49,0,2,2,0
217_8101B6220,217,2022-09-06 03:07:00,2022-09-10 06:29:00,11.27,1011.15,5055.75,0.0,2,0,2,0
44565_81086FD70,44565,2022-09-02 00:17:00,2022-09-02 00:21:00,15.39,7455.04,0.0,6455.04,0,2,2,0
143598_8106B3CC0,143598,2022-09-02 13:57:00,2022-09-02 13:57:00,14.82,4390.23,0.0,3390.23,0,2,2,0
143598_8105E06B0,143598,2022-09-01 00:07:00,2022-09-01 00:25:00,16.4,43043.48,0.0,42043.48,0,2,2,0
143598_810537780,143598,2022-09-01 02:11:00,2022-09-02 01:11:00,16.31,10309.99,2240.68,9861.85,1,1,2,0
44451_8107EACF0,44451,2022-09-02 10:11:00,2022-09-02 10:29:00,14.98,8982.65,0.0,7982.65,0,2,2,0
343200_80FD4A730,343200,2022-09-02 22:05:00,2022-09-09 22:14:00,14.48,827.26,172.74,0.0,2,0,2,0
343199_8101FE250,343199,2022-09-02 05:54:00,2022-09-09 20:29:00,15.16,420.92,2104.6,0.0,2,0,2,0
343199_80FDF5660,343199,2022-09-02 15:01:00,2022-09-09 08:03:00,14.78,505.65,2528.24,0.0,2,0,2,0
343197_810515D40,343197,2022-09-02 10:28:00,2022-09-09 01:57:00,14.97,897.54,102.46,0.0,2,0,2,0
336915_810BCFF30,336915,2022-09-02 23:57:00,2022-09-09 15:50:00,14.4,263.43,1317.14,0.0,2,0,2,0
327238_811B65E90,327238,2022-09-02 20:34:00,2022-09-09 21:04:00,14.55,920.3,79.7,0.0,2,0,2,0
32187_811A68900,32187,2022-09-02 19:16:00,2022-09-09 14:08:00,14.6,241.98,1209.88,0.0,2,0,2,0
251717_8134122F0,251717,2022-09-03 00:29:00,2022-09-07 00:21:00,14.38,848.06,151.94,0.0,2,0,2,0
44451_8105DDAA0,44451,2022-09-02 06:21:00,2022-09-09 14:25:00,15.14,2911.54,14557.72,0.0,2,0,2,0
144200_8105E2240,144200,2022-09-01 00:08:00,2022-09-01 00:23:00,16.4,67142.38,0.0,66142.38,0,2,2,0
143598_81183F6C0,143598,2022-09-01 13:36:00,2022-09-01 13:55:00,15.84,5249.23,0.0,4249.23,0,2,2,0
143598_810BF9130,143598,2022-09-01 00:26:00,2022-09-03 00:05:00,16.38,807.41,192.59,0.0,2,0,2,0
144225_81081B260,144225,2022-09-01 00:16:00,2022-09-10 00:02:00,16.39,908.54,91.46,0.0,2,0,2,0
144225_810626660,144225,2022-09-06 06:00:00,2022-09-06 06:15:00,11.15,3061.3,0.0,2061.3,0,2,2,0
144200_8113595F0,144200,2022-09-09 07:57:00,2022-09-09 17:22:00,8.07,524.41,2622.03,0.0,2,0,2,0
144200_8112E1E80,144200,2022-09-02 10:24:00,2022-09-02 10:26:00,14.97,192.46,962.28,0.0,2,0,2,0
43849_81062C350,43849,2022-09-01 00:18:00,2022-09-08 00:12:00,16.39,864.11,135.89,0.0,2,0,2,0
144639_8115C43B0,144639,2022-09-02 02:32:00,2022-09-02 02:56:00,15.3,52805.54,0.0,51805.54,0,2,2,0
343211_80FD7C800,343211,2022-09-02 17:44:00,2022-09-09 19:10:00,14.66,725.88,3629.42,0.0,2,0,2,0
343208_80FDEBB90,343208,2022-09-02 05:48:00,2022-09-09 12:15:00,15.16,862.42,137.58,0.0,2,0,2,0
343208_80FD2D420,343208,2022-09-02 18:44:00,2022-09-09 23:26:00,14.62,173.54,867.68,0.0,2,0,2,0
343206_810070CB0,343206,2022-09-02 03:13:00,2022-09-09 19:48:00,15.27,1412.55,7062.74,0.0,2,0,2,0
343206_80FD5D810,343206,2022-09-02 22:45:00,2022-09-09 16:56:00,14.45,1238.08,6190.4,0.0,2,0,2,0
343202_80FFD9B10,343202,2022-09-02 12:45:00,2022-09-09 02:24:00,14.87,928.6,71.4,0.0,2,0,2,0
343202_80FDD6D50,343202,2022-09-02 02:59:00,2022-09-09 04:27:00,15.28,937.3,62.7,0.0,2,0,2,0
343202_80FDBBE50,343202,2022-09-02 03:40:00,2022-09-09 00:37:00,15.25,747.08,252.92,0.0,2,0,2,0
343200_80FDDA830,343200,2022-09-02 05:15:00,2022-09-09 22:17:00,15.18,899.76,100.24,0.0,2,0,2,0
217_81001A330,217,2022-09-09 23:19:00,2022-09-09 23:29:00,7.43,7866.4,0.0,6866.4,0,2,2,0
217_80FFFECD0,217,2022-09-04 10:52:00,2022-09-04 10:55:00,12.95,3044.21,0.0,2044.21,0,2,2,0
43818_8119BE470,43818,2022-09-06 20:05:00,2022-09-08 13:56:00,10.57,8161.2,0.0,7161.2,0,2,2,0
43818_810CFF540,43818,2022-09-03 01:45:00,2022-09-04 16:14:00,14.33,3913.97,1762.55,3561.46,1,1,2,0
144669_8114047D0,144669,2022-09-01 00:09:00,2022-09-06 00:17:00,16.4,956.18,43.82,0.0,2,0,2,0
144639_8118333F0,144639,2022-09-02 00:22:00,2022-09-05 00:19:00,15.39,534.27,465.73,0.0,2,0,2,0
343233_80FD45180,343233,2022-09-02 08:06:00,2022-09-09 11:59:00,15.06,211.98,1059.88,0.0,2,0,2,0
343232_80FDD27D0,343232,2022-09-02 22:52:00,2022-09-09 06:14:00,14.45,201.58,1007.92,0.0,2,0,2,0
343232_80FD49E70,343232,2022-09-02 07:17:00,2022-09-09 01:59:00,15.1,960.3,39.7,0.0,2,0,2,0
343230_80FFD4CC0,343230,2022-09-02 10:31:00,2022-09-09 23:07:00,14.96,802.08,197.92,0.0,2,0,2,0
343225_80FD48920,343225,2022-09-02 02:17:00,2022-09-09 15:34:00,15.31,705.58,294.42,0.0,2,0,2,0
343223_8100E1F10,343223,2022-09-02 02:16:00,2022-09-09 07:55:00,15.31,929.18,70.82,0.0,2,0,2,0
343223_80FD4B6F0,343223,2022-09-02 04:14:00,2022-09-09 12:10:00,15.23,895.42,104.58,0.0,2,0,2,0
343221_80FD7B320,343221,2022-09-02 18:17:00,2022-09-09 00:00:00,14.64,416.82,583.18,0.0,2,0,2,0
343214_80FD8D2B0,343214,2022-09-02 18:53:00,2022-09-09 12:49:00,14.62,728.8,271.2,0.0,2,0,2,0
343214_80FD55AE0,343214,2022-09-02 03:38:00,2022-09-09 02:37:00,15.25,872.36,127.64,0.0,2,0,2,0
343211_80FDE07F0,343211,2022-09-02 23:10:00,2022-09-09 11:55:00,14.44,1041.26,5206.32,0.0,2,0,2,0
144735_810D23CD0,144735,2022-09-10 16:00:00,2022-09-10 16:13:00,6.74,5771.66,0.0,4771.66,0,2,2,0
43735_8117C3A00,43735,2022-09-02 10:39:00,2022-09-09 09:15:00,14.96,11609.58,0.0,10609.58,0,2,2,0
43735_8106420C0,43735,2022-09-02 00:10:00,2022-09-05 00:27:00,15.4,880.07,119.93,0.0,2,0,2,0
43462_8115106C0,43462,2022-09-02 07:05:00,2022-09-02 07:29:00,15.11,31198.64,0.0,30198.64,0,2,2,0
43462_811441BB0,43462,2022-09-01 02:09:00,2022-09-01 02:23:00,16.31,18437.76,0.0,17437.76,0,2,2,0
148016_811BE4CE0,148016,2022-09-02 22:33:00,2022-09-02 22:50:00,14.46,48061.6,0.0,47061.6,0,2,2,0
147402_811863F80,147402,2022-09-02 19:33:00,2022-09-02 19:51:00,14.59,2774.41,0.0,1774.41,0,2,2,0
146484_8114F39C0,146484,2022-09-01 15:39:00,2022-09-01 15:55:00,15.75,5767.48,0.0,4767.48,0,2,2,0
343313_80FDBF060,343313,2022-09-02 08:36:00,2022-09-09 03:03:00,15.04,331.78,1658.9,0.0,2,0,2,0
343279_80FDD7B00,343279,2022-09-02 23:47:00,2022-09-09 21:53:00,14.41,703.56,296.44,0.0,2,0,2,0
343279_80FDCA6E0,343279,2022-09-02 10:08:00,2022-09-09 16:27:00,14.98,426.0,574.0,0.0,2,0,2,0
343272_811368870,343272,2022-09-02 16:30:00,2022-09-09 17:00:00,14.71,251.14,748.86,0.0,2,0,2,0
343253_810073E50,343253,2022-09-02 17:19:00,2022-09-09 22:08:00,14.68,933.3,66.7,0.0,2,0,2,0
343253_80FFBB980,343253,2022-09-02 18:44:00,2022-09-09 02:00:00,14.62,583.48,416.52,0.0,2,0,2,0
343253_80FDD1F10,343253,2022-09-02 11:49:00,2022-09-09 14:53:00,14.91,283.6,1418.0,0.0,2,0,2,0
343250_810113070,343250,2022-09-02 11:23:00,2022-09-09 05:43:00,14.93,766.7,233.3,0.0,2,0,2,0
343242_81085CA40,343242,2022-09-02 13:36:00,2022-09-09 11:42:00,14.84,322.22,677.78,0.0,2,0,2,0
343237_810F28530,343237,2022-09-02 00:13:00,2022-09-09 08:27:00,15.39,185.47,927.36,0.0,2,0,2,0
343237_80FDCF400,343237,2022-09-02 08:28:00,2022-09-09 16:25:00,15.05,179.28,896.42,0.0,2,0,2,0
343237_80FD49C00,343237,2022-09-02 16:38:00,2022-09-09 17:58:00,14.71,211.12,788.88,0.0,2,0,2,0
343334_80FDDB180,343334,2022-09-02 10:18:00,2022-09-09 06:55:00,14.97,570.74,429.26,0.0,2,0,2,0
343331_810609B40,343331,2022-09-02 00:42:00,2022-09-09 10:41:00,15.37,176.86,884.28,0.0,2,0,2,0
343324_80FDE25E0,343324,2022-09-02 02:23:00,2022-09-09 01:17:00,15.3,717.5,282.5,0.0,2,0,2,0
343324_80FDC0B70,343324,2022-09-02 20:03:00,2022-09-09 11:10:00,14.57,316.14,683.86,0.0,2,0,2,0
343322_81054F260,343322,2022-09-02 19:33:00,2022-09-09 00:03:00,14.59,886.76,113.24,0.0,2,0,2,0
343320_80FDED810,343320,2022-09-02 07:02:00,2022-09-09 16:13:00,15.11,303.24,1516.18,0.0,2,0,2,0
343320_80FDBEEE0,343320,2022-09-02 22:47:00,2022-09-09 01:34:00,14.45,476.72,523.28,0.0,2,0,2,0
343314_81061D160,343314,2022-09-02 05:32:00,2022-09-09 20:28:00,15.17,926.5,73.5,0.0,2,0,2,0
343314_81008E8F0,343314,2022-09-02 19:35:00,2022-09-09 07:00:00,14.59,649.68,350.32,0.0,2,0,2,0
217_80FDDD7D0,217,2022-09-02 12:37:00,2022-09-02 12:52:00,14.88,499.66,2498.32,0.0,2,0,2,0
43462_810684310,43462,2022-09-02 06:46:00,2022-09-02 06:54:00,15.12,1792.11,8960.54,0.0,2,0,2,0
43462_81066CC10,43462,2022-09-01 16:21:00,2022-09-01 16:25:00,15.72,10574.77,0.0,9574.77,0,2,2,0
148016_811DF5690,148016,2022-09-02 08:04:00,2022-09-02 08:07:00,15.07,6929.08,0.0,5929.08,0,2,2,0
148348_811E443C0,148348,2022-09-01 20:47:00,2022-09-09 21:02:00,15.54,5142.66,0.0,4142.66,0,2,2,0
148016_812831820,148016,2022-09-02 00:16:00,2022-09-09 00:28:00,15.39,916.6,83.4,0.0,2,0,2,0
343435_8100DCBF0,343435,2022-09-02 19:28:00,2022-09-09 06:00:00,14.59,434.3,565.7,0.0,2,0,2,0
343435_810032D20,343435,2022-09-02 17:53:00,2022-09-09 21:48:00,14.66,786.3,213.7,0.0,2,0,2,0
343422_810518E80,343422,2022-09-02 13:41:00,2022-09-09 00:15:00,14.83,608.6,391.4,0.0,2,0,2,0
343398_8106266B0,343398,2022-09-02 11:32:00,2022-09-09 18:14:00,14.92,235.58,764.42,0.0,2,0,2,0
343377_8100C5D10,343377,2022-09-02 12:28:00,2022-09-09 12:23:00,14.88,736.34,263.66,0.0,2,0,2,0
343377_80FFBBB10,343377,2022-09-02 12:43:00,2022-09-09 18:56:00,14.87,172.3,861.52,0.0,2,0,2,0
343349_8100FA900,343349,2022-09-02 17:18:00,2022-09-09 06:34:00,14.68,834.58,165.42,0.0,2,0,2,0
343344_8100612B0,343344,2022-09-02 20:14:00,2022-09-09 16:03:00,14.56,364.68,635.32,0.0,2,0,2,0
343339_810629070,343339,2022-09-02 05:04:00,2022-09-09 14:40:00,15.19,721.88,278.12,0.0,2,0,2,0
343337_80FFB8C80,343337,2022-09-02 17:12:00,2022-09-09 22:53:00,14.69,556.24,443.76,0.0,2,0,2,0
43462_8100D0FA0,43462,2022-09-01 14:26:00,2022-09-01 14:27:00,15.8,7210.09,0.0,6210.09,0,2,2,0
148348_811F13C10,148348,2022-09-02 13:31:00,2022-09-09 00:07:00,14.84,19865.42,0.0,18865.42,0,2,2,0
148348_811EF79D0,148348,2022-09-03 18:16:00,2022-09-06 13:54:00,13.64,253.67,1268.36,0.0,2,0,2,0
43462_81007AA30,43462,2022-09-02 18:41:00,2022-09-02 18:42:00,14.62,14217.22,0.0,13217.22,0,2,2,0
43462_80FFFE0C0,43462,2022-09-01 06:00:00,2022-09-01 06:26:00,16.15,14170.99,0.0,13170.99,0,2,2,0
43460_8119CF7A0,43460,2022-09-01 00:04:00,2022-09-01 00:28:00,16.4,102460.47,0.0,101460.47,0,2,2,0
43460_81157CB40,43460,2022-09-02 15:38:00,2022-09-02 15:40:00,14.75,6404.12,0.0,5404.12,0,2,2,0
43460_81135B570,43460,2022-09-09 07:52:00,2022-09-09 17:05:00,8.07,1230.72,6153.59,0.0,2,0,2,0
148350_8122C6570,148350,2022-09-01 00:00:00,2022-09-07 00:16:00,16.4,1015.82,0.0,15.82,0,2,2,0
148350_8122C0AF0,148350,2022-09-01 07:06:00,2022-09-01 07:15:00,16.11,79397.95,0.0,78397.95,0,2,2,0
148350_811DF65B0,148350,2022-09-08 00:13:00,2022-09-09 00:23:00,9.39,863.78,136.22,0.0,2,0,2,0
343710_8100EF8B0,343710,2022-09-02 18:44:00,2022-09-09 02:46:00,14.62,715.72,284.28,0.0,2,0,2,0
343702_8106466C0,343702,2022-09-02 11:38:00,2022-09-09 05:02:00,14.92,487.14,512.86,0.0,2,0,2,0
343702_810019EA0,343702,2022-09-02 14:49:00,2022-09-09 08:26:00,14.78,760.9,239.1,0.0,2,0,2,0
343685_810032790,343685,2022-09-02 20:56:00,2022-09-09 21:20:00,14.53,821.98,178.02,0.0,2,0,2,0
343677_811208820,343677,2022-09-02 02:22:00,2022-09-09 14:35:00,15.3,210.7,789.3,0.0,2,0,2,0
343634_810299FE0,343634,2022-09-02 18:59:00,2022-09-09 16:02:00,14.61,191.16,955.8,0.0,2,0,2,0
343634_80FFA7720,343634,2022-09-02 12:23:00,2022-09-09 21:44:00,14.89,599.58,400.42,0.0,2,0,2,0
343633_80FFAFF70,343633,2022-09-02 06:42:00,2022-09-09 01:52:00,15.12,846.7,153.3,0.0,2,0,2,0
343623_810070EE0,343623,2022-09-02 09:39:00,2022-09-09 02:28:00,15.0,303.98,696.02,0.0,2,0,2,0
343621_8100FB970,343621,2022-09-02 20:31:00,2022-09-09 17:50:00,14.55,828.14,4140.7,0.0,2,0,2,0
343621_80FF8E0F0,343621,2022-09-02 01:43:00,2022-09-09 05:26:00,15.33,546.83,2734.16,0.0,2,0,2,0
343607_8101DE9B0,343607,2022-09-02 19:12:00,2022-09-09 20:37:00,14.6,581.22,418.78,0.0,2,0,2,0
343487_81023DE80,343487,2022-09-02 22:24:00,2022-09-09 20:12:00,14.47,674.06,325.94,0.0,2,0,2,0
343481_80FEC4DD0,343481,2022-09-02 03:18:00,2022-09-09 05:13:00,15.26,237.52,762.48,0.0,2,0,2,0
343854_81099B9D0,343854,2022-09-02 11:21:00,2022-09-09 17:53:00,14.93,706.24,293.76,0.0,2,0,2,0
343841_81186B8C0,343841,2022-09-02 20:58:00,2022-09-09 03:39:00,14.53,441.34,558.66,0.0,2,0,2,0
343833_8107A7590,343833,2022-09-02 07:02:00,2022-09-09 10:27:00,15.11,444.03,2220.16,0.0,2,0,2,0
343823_81015CB40,343823,2022-09-02 20:19:00,2022-09-09 03:43:00,14.56,198.99,994.94,0.0,2,0,2,0
343808_8107A8B80,343808,2022-09-02 08:32:00,2022-09-09 10:26:00,15.05,642.7,357.3,0.0,2,0,2,0
343803_81015FA30,343803,2022-09-02 07:34:00,2022-09-09 23:46:00,15.09,608.22,391.78,0.0,2,0,2,0
343803_8100DC5F0,343803,2022-09-02 09:24:00,2022-09-09 10:24:00,15.01,871.52,128.48,0.0,2,0,2,0
343770_81010B5D0,343770,2022-09-02 10:27:00,2022-09-09 22:43:00,14.97,933.16,66.84,0.0,2,0,2,0
343762_81081A4D0,343762,2022-09-02 12:38:00,2022-09-09 09:23:00,14.88,809.28,190.72,0.0,2,0,2,0
343761_8100876B0,343761,2022-09-02 22:16:00,2022-09-09 17:03:00,14.47,218.43,1092.16,0.0,2,0,2,0
343739_8101D2D90,343739,2022-09-02 19:53:00,2022-09-09 21:12:00,14.57,335.92,664.08,0.0,2,0,2,0
343710_8108DB630,343710,2022-09-02 07:53:00,2022-09-09 21:23:00,15.07,355.02,644.98,0.0,2,0,2,0
43460_810D61F20,43460,2022-09-01 09:24:00,2022-09-01 09:26:00,16.01,44094.12,0.0,43094.12,0,2,2,0
43460_810CDB5D0,43460,2022-09-02 16:41:00,2022-09-02 16:59:00,14.71,39582.99,0.0,38582.99,0,2,2,0
43460_8109A9780,43460,2022-09-06 18:31:00,2022-09-06 18:34:00,10.63,6870.55,0.0,5870.55,0,2,2,0
43460_8101A1790,43460,2022-09-01 00:15:00,2022-09-01 00:17:00,16.39,524499.97,0.0,523499.97,0,2,2,0
148389_811DDC0E0,148389,2022-09-02 00:13:00,2022-09-10 00:10:00,15.39,1109.94,0.0,109.94,0,2,2,0
148389_8127B9EE0,148389,2022-09-06 00:10:00,2022-09-08 00:02:00,11.4,694.17,305.83,0.0,2,0,2,0
148389_811EE0910,148389,2022-09-07 00:18:00,2022-09-08 00:11:00,10.39,1034.27,0.0,34.27,0,2,2,0
344124_810A8BD50,344124,2022-09-02 07:16:00,2022-09-09 14:17:00,15.1,586.58,413.42,0.0,2,0,2,0
344119_8106A15C0,344119,2022-09-02 18:21:00,2022-09-09 14:05:00,14.64,340.29,1701.44,0.0,2,0,2,0
344048_810226D90,344048,2022-09-02 00:07:00,2022-09-09 18:13:00,15.4,307.64,692.36,0.0,2,0,2,0
344044_81087F560,344044,2022-09-02 02:09:00,2022-09-09 03:45:00,15.31,716.14,283.86,0.0,2,0,2,0
344032_8112087D0,344032,2022-09-02 12:13:00,2022-09-09 18:36:00,14.89,176.8,884.02,0.0,2,0,2,0
343967_8101AA100,343967,2022-09-02 14:20:00,2022-09-09 18:19:00,14.8,225.04,1125.2,0.0,2,0,2,0
343902_810157150,343902,2022-09-02 11:41:00,2022-09-09 14:17:00,14.92,892.24,107.76,0.0,2,0,2,0
217_80FD6E310,217,2022-09-02 21:16:00,2022-09-09 00:20:00,14.52,9159.52,45797.58,0.0,2,0,2,0
217_80FD4EAE0,217,2022-09-03 15:35:00,2022-09-03 15:56:00,13.75,4968.83,0.0,3968.83,0,2,2,0
343871_81029A880,343871,2022-09-02 03:56:00,2022-09-09 05:54:00,15.24,697.56,302.44,0.0,2,0,2,0
343870_8109F2650,343870,2022-09-02 16:17:00,2022-09-09 21:26:00,14.72,348.33,1741.66,0.0,2,0,2,0
345176_81150D5D0,345176,2022-09-02 03:10:00,2022-09-09 08:46:00,15.27,324.36,675.64,0.0,2,0,2,0
345060_8111EF3C0,345060,2022-09-02 03:28:00,2022-09-09 15:15:00,15.26,168.69,843.46,0.0,2,0,2,0
345039_8115DCD80,345039,2022-09-02 14:57:00,2022-09-09 19:17:00,14.78,692.48,307.52,0.0,2,0,2,0
344861_810A84100,344861,2022-09-02 18:13:00,2022-09-09 10:48:00,14.64,299.41,1497.06,0.0,2,0,2,0
344849_8107FD370,344849,2022-09-02 20:52:00,2022-09-09 12:34:00,14.53,898.16,101.84,0.0,2,0,2,0
344837_8107BB480,344837,2022-09-02 21:02:00,2022-09-09 01:22:00,14.53,719.46,280.54,0.0,2,0,2,0
344821_810A87E90,344821,2022-09-02 22:08:00,2022-09-09 15:56:00,14.48,852.28,147.72,0.0,2,0,2,0
344797_8113796C0,344797,2022-09-02 11:34:00,2022-09-09 17:11:00,14.92,724.52,275.48,0.0,2,0,2,0
344792_810A85AD0,344792,2022-09-02 01:41:00,2022-09-09 04:32:00,15.33,316.14,683.86,0.0,2,0,2,0
344788_811314760,344788,2022-09-02 17:16:00,2022-09-09 18:46:00,14.68,263.28,736.72,0.0,2,0,2,0
344788_8107B18F0,344788,2022-09-02 01:12:00,2022-09-09 11:26:00,15.35,705.58,294.42,0.0,2,0,2,0
344772_810A846A0,344772,2022-09-02 08:27:00,2022-09-09 18:45:00,15.05,596.62,403.38,0.0,2,0,2,0
344607_810B800B0,344607,2022-09-02 18:00:00,2022-09-09 00:43:00,14.65,624.6,375.4,0.0,2,0,2,0
148586_8127ACCA0,148586,2022-09-04 00:03:00,2022-09-10 00:00:00,13.4,1125.95,0.0,125.95,0,2,2,0
149340_812A05F00,149340,2022-09-02 01:20:00,2022-09-02 01:29:00,15.35,21481.2,0.0,20481.2,0,2,2,0
148785_812410AA0,148785,2022-09-02 06:09:00,2022-09-02 06:14:00,15.15,15469.07,77345.34,0.0,2,0,2,0
347066_8117C6350,347066,2022-09-02 13:55:00,2022-09-09 00:27:00,14.82,876.1,123.9,0.0,2,0,2,0
347042_81135C2D0,347042,2022-09-02 20:11:00,2022-09-09 02:14:00,14.56,502.04,497.96,0.0,2,0,2,0
346285_8112AD290,346285,2022-09-02 13:46:00,2022-09-09 16:52:00,14.83,269.18,1345.88,0.0,2,0,2,0
346177_8112D99C0,346177,2022-09-02 18:01:00,2022-09-09 08:18:00,14.65,893.66,106.34,0.0,2,0,2,0
346038_8114DCBF0,346038,2022-09-02 11:53:00,2022-09-09 00:26:00,14.91,730.4,269.6,0.0,2,0,2,0
346029_81186BA50,346029,2022-09-02 11:49:00,2022-09-09 19:21:00,14.91,827.48,172.52,0.0,2,0,2,0
345815_810C7B4A0,345815,2022-09-02 02:36:00,2022-09-09 19:57:00,15.29,844.16,155.84,0.0,2,0,2,0
345776_811534600,345776,2022-09-02 04:24:00,2022-09-09 04:28:00,15.22,197.97,989.86,0.0,2,0,2,0
345767_810BB4A80,345767,2022-09-02 18:17:00,2022-09-09 21:51:00,14.64,667.24,332.76,0.0,2,0,2,0
345429_8109F39E0,345429,2022-09-02 18:40:00,2022-09-09 20:00:00,14.62,494.06,505.94,0.0,2,0,2,0
345277_810AA5160,345277,2022-09-02 04:36:00,2022-09-09 06:49:00,15.21,898.6,101.4,0.0,2,0,2,0
345263_8115E0140,345263,2022-09-02 08:11:00,2022-09-09 12:12:00,15.06,591.52,408.48,0.0,2,0,2,0
345207_8108B9FB0,345207,2022-09-02 08:41:00,2022-09-09 03:24:00,15.04,814.24,185.76,0.0,2,0,2,0
345206_81123E940,345206,2022-09-02 13:08:00,2022-09-09 04:48:00,14.85,344.6,655.4,0.0,2,0,2,0
148586_812A24900,148586,2022-09-01 14:03:00,2022-09-05 00:18:00,15.82,1873.27,100.89,974.16,1,1,2,0
43049_8117F1080,43049,2022-09-02 13:48:00,2022-09-09 09:19:00,14.83,6467.28,0.0,5467.28,0,2,2,0
43049_811491C40,43049,2022-09-01 00:23:00,2022-09-01 00:27:00,16.39,81721.55,0.0,80721.55,0,2,2,0
43049_81085CFB0,43049,2022-09-01 04:06:00,2022-09-01 04:07:00,16.23,1424.87,0.0,424.87,0,2,2,0
149345_812D1AC00,149345,2022-09-13 12:50:00,2022-09-13 12:50:00,3.87,3023.0,15115.01,0.0,2,0,2,1
149345_8127AB750,149345,2022-09-01 00:15:00,2022-09-10 00:03:00,16.39,959.77,40.23,0.0,2,0,2,0
348287_811B65B70,348287,2022-09-02 02:30:00,2022-09-09 00:01:00,15.3,230.48,769.52,0.0,2,0,2,0
348286_811BB3B20,348286,2022-09-02 22:29:00,2022-09-09 01:11:00,14.47,395.04,604.96,0.0,2,0,2,0
348286_811A64460,348286,2022-09-02 02:29:00,2022-09-09 22:07:00,15.3,825.5,174.5,0.0,2,0,2,0
348284_811C38A30,348284,2022-09-02 04:48:00,2022-09-09 08:32:00,15.2,495.7,504.3,0.0,2,0,2,0
348284_811BE9D80,348284,2022-09-02 07:43:00,2022-09-09 16:58:00,15.08,579.34,420.66,0.0,2,0,2,0
348284_811BA3430,348284,2022-09-02 16:33:00,2022-09-09 02:48:00,14.71,193.9,969.48,0.0,2,0,2,0
348283_811D59690,348283,2022-09-02 01:11:00,2022-09-09 14:07:00,15.35,617.78,382.22,0.0,2,0,2,0
348283_811B727E0,348283,2022-09-02 13:58:00,2022-09-09 18:33:00,14.82,317.9,1589.48,0.0,2,0,2,0
348223_811DAA8E0,348223,2022-09-02 14:33:00,2022-09-09 07:45:00,14.8,926.44,73.56,0.0,2,0,2,0
348223_811B77C10,348223,2022-09-02 00:46:00,2022-09-09 08:41:00,15.37,684.68,315.32,0.0,2,0,2,0
348223_811A53800,348223,2022-09-02 23:25:00,2022-09-09 12:37:00,14.43,836.3,163.7,0.0,2,0,2,0
348222_811A6CCE0,348222,2022-09-02 13:54:00,2022-09-09 15:48:00,14.82,932.62,67.38,0.0,2,0,2,0
347353_81152AED0,347353,2022-09-02 18:42:00,2022-09-09 19:51:00,14.62,278.92,1394.6,0.0,2,0,2,0
347072_811385260,347072,2022-09-02 05:23:00,2022-09-09 10:29:00,15.18,637.65,3188.24,0.0,2,0,2,0
348478_811B788B0,348478,2022-09-02 10:29:00,2022-09-09 10:58:00,14.97,751.02,248.98,0.0,2,0,2,0
348473_811E9FA90,348473,2022-09-02 12:49:00,2022-09-09 07:04:00,14.87,368.55,1842.76,0.0,2,0,2,0
348464_811B6A0D0,348464,2022-09-02 15:06:00,2022-09-09 22:37:00,14.77,552.44,447.56,0.0,2,0,2,0
348461_811B88650,348461,2022-09-02 07:21:00,2022-09-09 02:13:00,15.1,329.12,1645.6,0.0,2,0,2,0
348317_811B88A20,348317,2022-09-02 03:25:00,2022-09-09 22:08:00,15.26,869.2,130.8,0.0,2,0,2,0
348290_811B287A0,348290,2022-09-02 20:28:00,2022-09-09 11:46:00,14.55,629.02,370.98,0.0,2,0,2,0
348288_811C563E0,348288,2022-09-02 16:48:00,2022-09-09 19:37:00,14.7,757.52,242.48,0.0,2,0,2,0
217_80FD29760,217,2022-09-02 01:40:00,2022-09-09 01:36:00,15.33,667.58,3337.9,0.0,2,0,2,0
43049_81035D310,43049,2022-09-01 14:31:00,2022-09-01 14:47:00,15.8,8485.23,0.0,7485.23,0,2,2,0
43049_81016BFE0,43049,2022-09-02 23:18:00,2022-09-09 21:11:00,14.43,11697.72,0.0,10697.72,0,2,2,0
14_80FD2C050,14,2022-09-01 10:48:00,2022-09-01 10:50:00,15.95,8000.07,0.0,7000.07,0,2,2,0
14_8000D1630,14,2022-09-02 06:09:00,2022-09-02 06:11:00,15.15,922.48,4612.39,0.0,2,0,2,0
43049_8100CCA00,43049,2022-09-02 14:00:00,2022-09-09 10:47:00,14.82,32456.1,0.0,31456.1,0,2,2,0
348508_8127AA920,348508,2022-09-02 14:36:00,2022-09-09 05:18:00,14.79,548.98,451.02,0.0,2,0,2,0
348508_811C1EEB0,348508,2022-09-02 07:44:00,2022-09-09 05:27:00,15.08,632.6,367.4,0.0,2,0,2,0
348508_811B99570,348508,2022-09-02 07:03:00,2022-09-09 17:55:00,15.11,178.05,890.26,0.0,2,0,2,0
348507_811BE5A30,348507,2022-09-02 04:35:00,2022-09-09 05:09:00,15.21,851.94,148.06,0.0,2,0,2,0
348502_811DC1640,348502,2022-09-02 23:18:00,2022-09-09 02:00:00,14.43,656.94,343.06,0.0,2,0,2,0
348502_811D6DA70,348502,2022-09-02 05:18:00,2022-09-09 14:08:00,15.18,813.88,186.12,0.0,2,0,2,0
348498_811BB3690,348498,2022-09-02 01:12:00,2022-09-09 03:25:00,15.35,421.92,578.08,0.0,2,0,2,0
348498_811BAC930,348498,2022-09-02 23:55:00,2022-09-09 12:52:00,14.41,896.24,103.76,0.0,2,0,2,0
348494_811BC26C0,348494,2022-09-02 05:32:00,2022-09-09 10:45:00,15.17,294.22,705.78,0.0,2,0,2,0
348491_811BD2980,348491,2022-09-02 16:47:00,2022-09-09 16:14:00,14.7,591.61,2958.06,0.0,2,0,2,0
348491_811BA9CA0,348491,2022-09-02 05:56:00,2022-09-09 08:03:00,15.15,375.76,1878.78,0.0,2,0,2,0
348487_811F06240,348487,2022-09-02 16:38:00,2022-09-09 23:25:00,14.71,254.7,1273.5,0.0,2,0,2,0
348484_811BC6A00,348484,2022-09-02 13:58:00,2022-09-09 11:55:00,14.82,675.7,324.3,0.0,2,0,2,0
348480_811FEC5C0,348480,2022-09-02 19:21:00,2022-09-09 19:45:00,14.6,429.7,570.3,0.0,2,0,2,0
43049_80FFD8930,43049,2022-09-01 12:30:00,2022-09-01 12:44:00,15.88,8939.05,0.0,7939.05,0,2,2,0
43049_80FFBB8E0,43049,2022-09-02 23:42:00,2022-09-09 01:41:00,14.41,55382.54,276912.68,0.0,2,0,2,0
43049_80FF9BD20,43049,2022-09-02 05:23:00,2022-09-02 05:29:00,15.18,1990.58,9952.92,0.0,2,0,2,0
14_80FDAF960,14,2022-09-02 22:40:00,2022-09-02 22:53:00,14.46,626.78,3133.91,0.0,2,0,2,0
14_80FEBF710,14,2022-09-02 20:43:00,2022-09-09 09:15:00,14.54,21240.98,0.0,20240.98,0,2,2,0
14_80FDF5350,14,2022-09-01 06:10:00,2022-09-01 06:11:00,16.15,3005.3,15026.48,0.0,2,0,2,0
348825_811ED93C0,348825,2022-09-02 11:41:00,2022-09-09 04:25:00,14.92,684.18,315.82,0.0,2,0,2,0
348810_811D706B0,348810,2022-09-02 11:35:00,2022-09-09 06:08:00,14.92,507.18,492.82,0.0,2,0,2,0
348800_811D61920,348800,2022-09-02 19:33:00,2022-09-09 08:05:00,14.59,403.88,596.12,0.0,2,0,2,0
348792_811DA64E0,348792,2022-09-02 11:13:00,2022-09-09 22:38:00,14.93,452.26,547.74,0.0,2,0,2,0
348639_811C56F70,348639,2022-09-02 01:49:00,2022-09-09 14:05:00,15.33,252.82,1264.12,0.0,2,0,2,0
348624_811E557F0,348624,2022-09-02 06:12:00,2022-09-09 22:45:00,15.14,445.86,554.14,0.0,2,0,2,0
348624_811D5D320,348624,2022-09-02 08:10:00,2022-09-09 21:27:00,15.06,503.72,496.28,0.0,2,0,2,0
348621_813406330,348621,2022-09-02 19:20:00,2022-09-09 08:26:00,14.6,884.5,115.5,0.0,2,0,2,0
348609_812D07530,348609,2022-09-02 21:41:00,2022-09-09 01:30:00,14.5,492.58,507.42,0.0,2,0,2,0
348609_811C30DB0,348609,2022-09-02 06:39:00,2022-09-09 14:01:00,15.12,230.68,1153.42,0.0,2,0,2,0
348588_812389590,348588,2022-09-02 21:40:00,2022-09-09 00:55:00,14.5,444.78,555.22,0.0,2,0,2,0
348588_811D56EF0,348588,2022-09-02 12:21:00,2022-09-09 04:44:00,14.89,202.72,797.28,0.0,2,0,2,0
348562_81235C1B0,348562,2022-09-02 17:42:00,2022-09-09 06:50:00,14.66,703.58,3517.88,0.0,2,0,2,0
348562_811D6EFF0,348562,2022-09-02 05:07:00,2022-09-09 03:14:00,15.19,529.49,2647.44,0.0,2,0,2,0
348557_811BE38F0,348557,2022-09-02 00:58:00,2022-09-09 13:04:00,15.36,703.58,296.42,0.0,2,0,2,0
349245_8123653D0,349245,2022-09-02 19:16:00,2022-09-09 20:09:00,14.6,638.52,361.48,0.0,2,0,2,0
349195_8121BAB50,349195,2022-09-02 02:08:00,2022-09-09 16:01:00,15.31,755.48,244.52,0.0,2,0,2,0
349133_812009800,349133,2022-09-02 00:37:00,2022-09-09 22:45:00,15.38,187.05,935.24,0.0,2,0,2,0
349059_81235D420,349059,2022-09-02 02:45:00,2022-09-09 06:39:00,15.29,574.16,425.84,0.0,2,0,2,0
349050_812003DA0,349050,2022-09-02 01:14:00,2022-09-09 13:28:00,15.35,921.64,78.36,0.0,2,0,2,0
349038_812A91190,349038,2022-09-02 21:20:00,2022-09-09 09:49:00,14.51,180.07,900.34,0.0,2,0,2,0
348928_8122D0400,348928,2022-09-02 22:37:00,2022-09-09 01:13:00,14.46,725.86,274.14,0.0,2,0,2,0
348914_8123FDB60,348914,2022-09-02 02:28:00,2022-09-09 05:09:00,15.3,613.26,386.74,0.0,2,0,2,0
348881_811E2B890,348881,2022-09-02 09:54:00,2022-09-09 19:32:00,14.99,895.32,104.68,0.0,2,0,2,0
348865_811BD6870,348865,2022-09-02 17:01:00,2022-09-09 07:42:00,14.69,857.42,142.58,0.0,2,0,2,0
348864_8120D30C0,348864,2022-09-02 17:13:00,2022-09-09 11:52:00,14.68,735.2,264.8,0.0,2,0,2,0
348864_811BD5F30,348864,2022-09-02 10:10:00,2022-09-09 15:36:00,14.98,566.36,433.64,0.0,2,0,2,0
348844_811D9E2B0,348844,2022-09-02 22:23:00,2022-09-09 04:43:00,14.47,168.68,843.38,0.0,2,0,2,0
352537_81341CD70,352537,2022-09-02 22:43:00,2022-09-09 16:54:00,14.46,484.34,515.66,0.0,2,0,2,0
350956_812ABF740,350956,2022-09-02 12:03:00,2022-09-09 22:12:00,14.9,581.38,418.62,0.0,2,0,2,0
350846_812A24240,350846,2022-09-02 17:06:00,2022-09-09 18:48:00,14.69,272.34,1361.68,0.0,2,0,2,0
350797_812AA5A50,350797,2022-09-02 16:15:00,2022-09-09 07:26:00,14.72,430.04,569.96,0.0,2,0,2,0
350780_8129B0650,350780,2022-09-02 13:26:00,2022-09-09 16:33:00,14.84,493.08,506.92,0.0,2,0,2,0
350778_8129AED30,350778,2022-09-02 15:06:00,2022-09-09 09:40:00,14.77,295.5,1477.52,0.0,2,0,2,0
349862_8123FD3F0,349862,2022-09-02 00:46:00,2022-09-09 04:29:00,15.37,321.0,679.0,0.0,2,0,2,0
349855_8123FA640,349855,2022-09-02 21:26:00,2022-09-09 20:22:00,14.51,513.58,486.42,0.0,2,0,2,0
349852_812D44980,349852,2022-09-02 22:26:00,2022-09-09 01:39:00,14.47,411.18,2055.92,0.0,2,0,2,0
349763_812A00510,349763,2022-09-02 07:45:00,2022-09-09 10:06:00,15.08,407.46,592.54,0.0,2,0,2,0
349685_81237E690,349685,2022-09-02 12:16:00,2022-09-09 01:18:00,14.89,255.5,1277.52,0.0,2,0,2,0
349481_8121CE470,349481,2022-09-02 23:18:00,2022-09-09 12:25:00,14.43,1171.13,5855.64,0.0,2,0,2,0
349261_8120339E0,349261,2022-09-02 02:35:00,2022-09-09 19:14:00,15.29,788.1,211.9,0.0,2,0,2,0
43049_80FEBF800,43049,2022-09-02 15:03:00,2022-09-09 00:54:00,14.78,5419.2,27096.0,0.0,2,0,2,0
43049_80FDE6170,43049,2022-09-02 18:31:00,2022-09-02 18:47:00,14.63,884.79,115.21,0.0,2,0,2,0
14_81003D690,14,2022-09-03 00:27:00,2022-09-06 00:26:00,14.38,961.38,38.62,0.0,2,0,2,0
14_81016C3C0,14,2022-09-01 00:15:00,2022-09-03 00:22:00,16.39,855.91,144.09,0.0,2,0,2,0
43049_80FD89ED0,43049,2022-09-05 00:45:00,2022-09-05 00:48:00,12.37,2921.94,0.0,1921.94,0,2,2,0
43049_80FD86830,43049,2022-09-05 00:16:00,2022-09-07 00:29:00,12.39,986.27,13.73,0.0,2,0,2,0
43049_80FD6FB70,43049,2022-09-01 06:40:00,2022-09-01 06:59:00,16.12,7761.73,0.0,6761.73,0,2,2,0
150014_813413280,150014,2022-09-06 00:25:00,2022-09-10 00:05:00,11.38,967.79,32.21,0.0,2,0,2,0
19746_80CEF3E60,19746,2022-09-02 10:50:00,2022-09-02 10:58:00,14.95,1690.57,8452.84,0.0,2,0,2,0
1853_800BFFE10,1853,2022-09-01 00:04:00,2022-09-01 00:07:00,16.4,4442.53,22212.66,0.0,2,0,2,0
15730_808802B50,15730,2022-09-01 10:50:00,2022-09-01 10:56:00,15.95,476544.92,2382724.61,0.0,2,0,2,0
49508_812411E80,49508,2022-09-01 14:07:00,2022-09-01 14:27:00,15.81,34556.87,0.0,33556.87,0,2,2,0
49365_8122D0E80,49365,2022-09-01 04:00:00,2022-09-01 04:07:00,16.24,6240.23,31201.14,0.0,2,0,2,0
113_80FF84D50,113,2022-09-01 00:17:00,2022-09-02 07:20:00,16.39,8274.43,41170.46,40.34,1,1,2,0
113_80FE0C830,113,2022-09-01 20:32:00,2022-09-01 20:50:00,15.55,70829.05,0.0,69829.05,0,2,2,0
113_80FDE2800,113,2022-09-01 00:19:00,2022-09-08 17:02:00,16.39,33544.75,797.15,33341.9,1,1,2,0
113_80FD70A10,113,2022-09-01 00:01:00,2022-09-01 00:10:00,16.4,7254.03,0.0,6254.03,0,2,2,0
113_80FD6BD00,113,2022-09-02 16:36:00,2022-09-02 16:45:00,14.71,1223.11,6115.55,0.0,2,0,2,0
113_81018D1C0,113,2022-09-02 03:30:00,2022-09-02 03:40:00,15.26,72999.15,0.0,71999.15,0,2,2,0
113_81012E3C0,113,2022-09-01 00:20:00,2022-09-01 00:21:00,16.39,14885.1,0.0,13885.1,0,2,2,0
113_8100975B0,113,2022-09-01 09:00:00,2022-09-01 09:06:00,16.03,119203.5,0.0,118203.5,0,2,2,0
244187_81022DE90,244187,2022-09-10 08:16:00,2022-09-10 14:09:00,7.06,1414.18,7070.89,0.0,2,0,2,0
244187_8101B3000,244187,2022-09-02 15:00:00,2022-09-02 15:23:00,14.78,61660.9,0.0,60660.9,0,2,2,0
244187_81016F8A0,244187,2022-09-02 01:38:00,2022-09-02 01:52:00,15.33,208687.5,0.0,207687.5,0,2,2,0
243947_813A7BD80,243947,2022-09-02 16:43:00,2022-09-02 16:46:00,14.71,43742.29,0.0,42742.29,0,2,2,0
243947_811358A10,243947,2022-09-09 07:59:00,2022-09-09 17:01:00,8.07,1505.54,7527.68,0.0,2,0,2,0
50528_812D08970,50528,2022-09-01 18:56:00,2022-09-07 16:10:00,15.61,36007.39,450.36,35457.75,1,1,2,0
50528_812A990C0,50528,2022-09-02 09:09:00,2022-09-09 13:46:00,15.02,75066.74,0.0,74066.74,0,2,2,0
7_805C8AC70,7,2022-09-03 09:23:00,2022-09-03 09:23:00,14.01,519.3,2596.5,0.0,1,0,1,1
50202_812A930A0,50202,2022-09-01 11:06:00,2022-09-01 11:06:00,15.94,870.59,4352.94,0.0,1,0,1,0
50556_812A798C0,50556,2022-09-10 00:16:00,2022-09-10 00:16:00,7.39,996.1,3.9,0.0,1,0,1,0
50556_812A89750,50556,2022-09-06 00:13:00,2022-09-06 00:13:00,11.39,959.73,40.27,0.0,1,0,1,0
243947_811424970,243947,2022-09-01 04:42:00,2022-09-01 04:42:00,16.21,489.56,2447.82,0.0,1,0,1,0
243947_81149D0C0,243947,2022-09-04 00:00:00,2022-09-04 00:00:00,13.4,1004.73,0.0,4.73,0,1,1,0
243947_8117D7140,243947,2022-09-02 00:02:00,2022-09-02 00:02:00,15.4,1136.16,0.0,136.16,0,1,1,0
244187_810163F20,244187,2022-09-07 00:11:00,2022-09-07 00:11:00,10.39,984.94,15.06,0.0,1,0,1,0
244187_810225DA0,244187,2022-09-01 09:04:00,2022-09-01 09:04:00,16.02,53931.07,0.0,52931.07,0,1,1,0
243947_81061EE40,243947,2022-09-09 00:06:00,2022-09-09 00:06:00,8.4,1062.54,0.0,62.54,0,1,1,0
113_8101DDC50,113,2022-09-08 00:04:00,2022-09-08 00:04:00,9.4,1039.22,0.0,39.22,0,1,1,0
113_80FD89A00,113,2022-09-02 20:19:00,2022-09-02 20:19:00,14.56,1684606.87,0.0,1683606.87,0,1,1,0
113_80FDED180,113,2022-09-08 23:12:00,2022-09-08 23:12:00,8.44,475.64,2378.21,0.0,1,0,1,0
113_810887EB0,113,2022-09-03 00:25:00,2022-09-03 00:25:00,14.38,1046.43,0.0,46.43,0,1,1,0
113_81087BEA0,113,2022-09-01 00:22:00,2022-09-01 00:22:00,16.39,1018.96,0.0,18.96,0,1,1,0
48910_8123FCC80,48910,2022-09-06 04:35:00,2022-09-06 04:35:00,11.21,699.71,3498.57,0.0,1,0,1,0
48910_8123E5600,48910,2022-09-02 00:22:00,2022-09-02 00:22:00,15.39,1022.82,0.0,22.82,0,1,1,0
48910_8122DE9A0,48910,2022-09-07 00:06:00,2022-09-07 00:06:00,10.4,1007.11,0.0,7.11,0,1,1,0
244187_8107D3970,244187,2022-09-04 06:22:00,2022-09-04 06:22:00,13.14,2206.83,0.0,1206.83,0,1,1,0
244187_81066D900,244187,2022-09-02 15:42:00,2022-09-02 15:42:00,14.75,1864.93,9324.65,0.0,1,0,1,0
244187_8105FDDF0,244187,2022-09-09 19:30:00,2022-09-09 19:30:00,7.59,7249.51,36247.56,0.0,1,0,1,0
244187_8105FC380,244187,2022-09-09 19:36:00,2022-09-09 19:36:00,7.59,2476.68,12383.39,0.0,1,0,1,0
244187_8105DC710,244187,2022-09-09 00:13:00,2022-09-09 00:13:00,8.39,1006.23,0.0,6.23,0,1,1,0
243947_8105FDF30,243947,2022-09-09 19:42:00,2022-09-09 19:42:00,7.58,3341.27,16706.33,0.0,1,0,1,0
243947_8101D9E00,243947,2022-09-01 00:26:00,2022-09-01 00:26:00,16.38,14256.81,71284.03,0.0,1,0,1,0
243947_810172140,243947,2022-09-04 00:12:00,2022-09-04 00:12:00,13.39,958.92,41.08,0.0,1,0,1,0
243947_8112DFFF0,243947,2022-09-02 22:57:00,2022-09-02 22:57:00,14.45,2390.05,0.0,1390.05,0,1,1,0
243947_81120C900,243947,2022-09-09 13:45:00,2022-09-09 13:45:00,7.83,910.59,4552.97,0.0,1,0,1,0
243947_81120C060,243947,2022-09-09 13:42:00,2022-09-09 13:42:00,7.83,896.38,4481.91,0.0,1,0,1,0
14_80FE1B150,14,2022-09-05 00:18:00,2022-09-05 00:18:00,12.39,1134.21,0.0,134.21,0,1,1,0
43049_80FECCF80,43049,2022-09-04 03:19:00,2022-09-04 03:19:00,13.26,2277.9,0.0,1277.9,0,1,1,0
348605_811C29F10,348605,2022-09-01 00:11:00,2022-09-01 00:11:00,16.39,1077.82,5389.08,0.0,1,0,1,0
349082_8123FDC50,349082,2022-09-01 12:00:00,2022-09-01 12:00:00,15.9,7164.05,35820.23,0.0,1,0,1,0
348920_811DFBAB0,348920,2022-09-01 15:17:00,2022-09-01 15:17:00,15.77,721.29,3606.47,0.0,1,0,1,0
348872_811DC2230,348872,2022-09-01 21:54:00,2022-09-01 21:54:00,15.49,1000.0,0.0,0.0,1,0,1,0
150240_812A6A630,150240,2022-09-01 10:27:00,2022-09-01 10:27:00,15.97,317336.35,0.0,316336.35,0,1,1,0
352540_81341EFE0,352540,2022-09-01 00:04:00,2022-09-01 00:04:00,16.4,1000.0,0.0,0.0,1,0,1,0
351356_807FD1D00,351356,2022-09-01 16:53:00,2022-09-01 16:53:00,15.7,999.99,0.01,0.0,1,0,1,0
43049_80FDFB870,43049,2022-09-01 11:05:00,2022-09-01 11:05:00,15.94,464212.42,0.0,463212.42,0,1,1,0
43049_80FDED5E0,43049,2022-09-08 23:14:00,2022-09-08 23:14:00,8.43,402.9,2014.49,0.0,1,0,1,0
14_8100C72F0,14,2022-09-01 00:22:00,2022-09-01 00:22:00,16.39,61260.39,306301.93,0.0,1,0,1,0
14_81008FEE0,14,2022-09-08 21:43:00,2022-09-08 21:43:00,8.5,283.69,1418.47,0.0,1,0,1,0
14_81005C0F0,14,2022-09-04 00:06:00,2022-09-04 00:06:00,13.4,1005.59,0.0,5.59,0,1,1,0
14_81004BEB0,14,2022-09-02 04:31:00,2022-09-02 04:31:00,15.21,2454.27,12271.35,0.0,1,0,1,0
14_8105FD490,14,2022-09-09 19:46:00,2022-09-09 19:46:00,7.58,5237.64,26188.18,0.0,1,0,1,0
43049_8100DA100,43049,2022-09-02 20:27:00,2022-09-02 20:27:00,14.55,280.86,1404.32,0.0,1,0,1,0
14_80FD39F00,14,2022-09-07 03:50:00,2022-09-07 03:50:00,10.24,445.3,2226.49,0.0,1,0,1,0
14_80FD36D70,14,2022-09-07 03:43:00,2022-09-07 03:43:00,10.25,516.73,483.27,0.0,1,0,1,0
14_80FD36990,14,2022-09-07 03:51:00,2022-09-07 03:51:00,10.24,644.76,3223.8,0.0,1,0,1,0
14_80FD28500,14,2022-09-05 00:16:00,2022-09-05 00:16:00,12.39,861.63,138.37,0.0,1,0,1,0
43049_8100840F0,43049,2022-09-02 03:56:00,2022-09-02 03:56:00,15.24,12127.52,0.0,11127.52,0,1,1,0
348527_81240D450,348527,2022-09-01 00:27:00,2022-09-01 00:27:00,16.38,999.99,0.01,0.0,1,0,1,0
348514_811D572C0,348514,2022-09-01 00:21:00,2022-09-01 00:21:00,16.39,637.24,3186.22,0.0,1,0,1,0
43049_810061B90,43049,2022-09-02 03:52:00,2022-09-02 03:52:00,15.24,1999.64,9998.18,0.0,1,0,1,0
43049_80FFD61E0,43049,2022-09-01 00:18:00,2022-09-01 00:18:00,16.39,1195752.7,0.0,1194752.7,0,1,1,0
43049_80FFBADE0,43049,2022-09-08 00:03:00,2022-09-08 00:03:00,9.4,995.7,4.3,0.0,1,0,1,0
14_80FDD02A0,14,2022-09-06 20:47:00,2022-09-06 20:47:00,10.54,204.44,1022.18,0.0,1,0,1,0
14_80FD6FE20,14,2022-09-06 00:12:00,2022-09-06 00:12:00,11.39,980.93,19.07,0.0,1,0,1,0
14_80FD4F100,14,2022-09-04 00:05:00,2022-09-04 00:05:00,13.4,1720.08,0.0,720.08,0,1,1,0
14_80FF8E910,14,2022-09-07 00:40:00,2022-09-07 00:40:00,10.37,296.69,1483.45,0.0,1,0,1,0
14_80FE5B820,14,2022-09-01 09:05:00,2022-09-01 09:05:00,16.02,1226448.0,6132240.0,0.0,1,0,1,0
149345_8127E2E30,149345,2022-09-01 23:52:00,2022-09-01 23:52:00,15.41,151313.71,0.0,150313.71,0,1,1,0
347360_811534C70,347360,2022-09-01 00:04:00,2022-09-01 00:04:00,16.4,269.33,730.67,0.0,1,0,1,0
347281_81152A3B0,347281,2022-09-01 00:22:00,2022-09-01 00:22:00,16.39,549.42,450.58,0.0,1,0,1,0
348472_811C52450,348472,2022-09-01 00:07:00,2022-09-01 00:07:00,16.4,999.99,0.01,0.0,1,0,1,0
348472_811B6F410,348472,2022-09-01 02:11:00,2022-09-01 02:11:00,16.31,999.98,0.02,0.0,1,0,1,0
348426_811B9FE80,348426,2022-09-01 15:19:00,2022-09-01 15:19:00,15.76,459.96,540.04,0.0,1,0,1,0
348320_811D7A870,348320,2022-09-01 06:34:00,2022-09-01 06:34:00,16.13,1745.14,8725.7,0.0,1,0,1,0
217_80FD37510,217,2022-09-01 00:24:00,2022-09-01 00:24:00,16.39,21241.25,0.0,20241.25,0,1,1,0
217_80FD373B0,217,2022-09-02 13:11:00,2022-09-02 13:11:00,14.85,177.1,885.52,0.0,1,0,1,0
217_80FD37180,217,2022-09-07 03:30:00,2022-09-07 03:30:00,10.26,953.43,46.57,0.0,1,0,1,0
217_80FD2CBB0,217,2022-09-10 00:35:00,2022-09-10 00:35:00,7.38,4283.06,0.0,3283.06,0,1,1,0
149345_81240CDE0,149345,2022-09-01 01:32:00,2022-09-01 01:32:00,16.34,2390.99,0.0,1390.99,0,1,1,0
43049_8105FA220,43049,2022-09-09 19:48:00,2022-09-09 19:48:00,7.58,1529002.45,7645012.27,0.0,1,0,1,0
43049_8105E9E50,43049,2022-09-02 22:07:00,2022-09-02 22:07:00,14.48,1589.89,0.0,589.89,0,1,1,0
43049_810256970,43049,2022-09-08 00:18:00,2022-09-08 00:18:00,9.39,1019.07,0.0,19.07,0,1,1,0
43049_8100E2050,43049,2022-09-02 20:09:00,2022-09-02 20:09:00,14.56,248283.03,1241415.16,0.0,1,0,1,0
148389_8129AD010,148389,2022-09-08 00:07:00,2022-09-08 00:07:00,9.4,1081.1,0.0,81.1,0,1,1,0
148785_81341CB20,148785,2022-09-06 13:28:00,2022-09-06 13:28:00,10.84,533.54,2667.68,0.0,1,0,1,0
148785_8127A12F0,148785,2022-09-03 00:10:00,2022-09-03 00:10:00,14.4,1178.85,0.0,178.85,0,1,1,0
148785_8123FD300,148785,2022-09-06 04:47:00,2022-09-06 04:47:00,11.2,604.17,3020.84,0.0,1,0,1,0
148785_812388800,148785,2022-09-06 13:36:00,2022-09-06 13:36:00,10.84,280.24,1401.21,0.0,1,0,1,0
345494_811429B20,345494,2022-09-01 00:27:00,2022-09-01 00:27:00,16.38,1000.0,0.0,0.0,1,0,1,0
345348_8109CB560,345348,2022-09-01 00:21:00,2022-09-01 00:21:00,16.39,335.29,1676.45,0.0,1,0,1,0
43460_810004590,43460,2022-09-10 15:18:00,2022-09-10 15:18:00,6.76,3387.22,0.0,2387.22,0,1,1,0
43460_80FFDC0C0,43460,2022-09-07 00:28:00,2022-09-07 00:28:00,10.38,961.64,38.36,0.0,1,0,1,0
43049_8117DD760,43049,2022-09-05 21:21:00,2022-09-05 21:21:00,11.51,4806.58,0.0,3806.58,0,1,1,0
43049_810903260,43049,2022-09-01 00:29:00,2022-09-01 00:29:00,16.38,199306.98,996534.9,0.0,1,0,1,0
149971_812ABFC60,149971,2022-09-02 08:18:00,2022-09-02 08:18:00,15.06,677.24,3386.22,0.0,1,0,1,0
149345_812D27080,149345,2022-09-08 17:13:00,2022-09-08 17:13:00,8.68,1317.95,0.0,317.95,0,1,1,0
149345_812AA6790,149345,2022-09-09 00:22:00,2022-09-09 00:22:00,8.39,1008.0,0.0,8.0,0,1,1,0
149345_8129A7AE0,149345,2022-09-10 00:04:00,2022-09-10 00:04:00,7.4,1007.29,0.0,7.29,0,1,1,0
149345_812936300,149345,2022-09-10 00:06:00,2022-09-10 00:06:00,7.4,980.24,19.76,0.0,1,0,1,0
344125_810540980,344125,2022-09-01 12:38:00,2022-09-01 12:38:00,15.88,932.13,67.87,0.0,1,0,1,0
344120_810297CC0,344120,2022-09-01 00:01:00,2022-09-01 00:01:00,16.4,999.99,0.01,0.0,1,0,1,0
343918_810171430,343918,2022-09-01 00:01:00,2022-09-01 00:01:00,16.4,1000.0,0.0,0.0,1,0,1,0
343912_810235500,343912,2022-09-01 00:00:00,2022-09-01 00:00:00,16.4,1000.0,0.0,0.0,1,0,1,0
343892_810878000,343892,2022-09-01 00:01:00,2022-09-01 00:01:00,16.4,999.99,0.01,0.0,1,0,1,0
345059_8119EE9D0,345059,2022-09-01 00:25:00,2022-09-01 00:25:00,16.38,934.03,65.97,0.0,1,0,1,0
344756_81080A3D0,344756,2022-09-01 05:56:00,2022-09-01 05:56:00,16.15,1000.0,0.0,0.0,1,0,1,0
344754_810A90D90,344754,2022-09-01 00:04:00,2022-09-01 00:04:00,16.4,600.1,3000.5,0.0,1,0,1,0
43460_8100D3E40,43460,2022-09-07 00:02:00,2022-09-07 00:02:00,10.4,995.94,4.06,0.0,1,0,1,0
43460_81000F080,43460,2022-09-04 08:21:00,2022-09-04 08:21:00,13.05,531.81,2659.07,0.0,1,0,1,0
43460_81000A290,43460,2022-09-03 10:34:00,2022-09-03 10:34:00,13.96,1577.77,0.0,577.77,0,1,1,0
148586_8129ACE20,148586,2022-09-10 00:03:00,2022-09-10 00:03:00,7.4,1088.58,0.0,88.58,0,1,1,0
148586_812010790,148586,2022-09-04 00:21:00,2022-09-04 00:21:00,13.39,639.14,3195.72,0.0,1,0,1,0
148586_81200B480,148586,2022-09-04 00:01:00,2022-09-04 00:01:00,13.4,240.05,1200.25,0.0,1,0,1,0
148586_811FC96F0,148586,2022-09-04 00:01:00,2022-09-04 00:01:00,13.4,1062.01,0.0,62.01,0,1,1,0
148586_811F38850,148586,2022-09-01 00:25:00,2022-09-01 00:25:00,16.38,3473.16,17365.79,0.0,1,0,1,0
148350_811DB5140,148350,2022-09-08 00:09:00,2022-09-08 00:09:00,9.4,879.43,120.57,0.0,1,0,1,0
343706_811295D90,343706,2022-09-01 20:08:00,2022-09-01 20:08:00,15.56,1000.0,0.0,0.0,1,0,1,0
343676_80FFEEC60,343676,2022-09-01 00:27:00,2022-09-01 00:27:00,16.38,1000.0,0.0,0.0,1,0,1,0
343870_810199D50,343870,2022-09-01 04:39:00,2022-09-01 04:39:00,16.21,1000.0,0.0,0.0,1,0,1,0
343843_8100F2760,343843,2022-09-01 00:25:00,2022-09-01 00:25:00,16.38,1000.0,0.0,0.0,1,0,1,0
343754_810D32030,343754,2022-09-01 00:00:00,2022-09-01 00:00:00,16.4,1000.0,0.0,0.0,1,0,1,0
343730_8101B4D30,343730,2022-09-01 00:23:00,2022-09-01 00:23:00,16.39,551.68,2758.38,0.0,1,0,1,0
43460_810163E80,43460,2022-09-08 00:02:00,2022-09-08 00:02:00,9.4,979.59,20.41,0.0,1,0,1,0
148389_811DDBC30,148389,2022-09-03 00:00:00,2022-09-03 00:00:00,14.4,1074.92,0.0,74.92,0,1,1,0
148350_8127C6BE0,148350,2022-09-04 00:01:00,2022-09-04 00:01:00,13.4,1180.64,0.0,180.64,0,1,1,0
148389_8123AC340,148389,2022-09-06 00:17:00,2022-09-06 00:17:00,11.39,1047.51,0.0,47.51,0,1,1,0
148389_8123550E0,148389,2022-09-02 00:09:00,2022-09-02 00:09:00,15.4,1117.55,0.0,117.55,0,1,1,0
148389_812010880,148389,2022-09-04 00:16:00,2022-09-04 00:16:00,13.39,947.77,4738.85,0.0,1,0,1,0
148389_81200EDF0,148389,2022-09-04 00:06:00,2022-09-04 00:06:00,13.4,390.7,1953.49,0.0,1,0,1,0
43460_81013ED20,43460,2022-09-02 18:24:00,2022-09-02 18:24:00,14.64,25651.91,0.0,24651.91,0,1,1,0
43460_810104F80,43460,2022-09-04 00:16:00,2022-09-04 00:16:00,13.39,829.18,170.82,0.0,1,0,1,0
148348_81235EE30,148348,2022-09-11 17:32:00,2022-09-11 17:32:00,5.67,953.08,4765.42,0.0,1,0,1,1
148348_8122D71B0,148348,2022-09-03 00:07:00,2022-09-03 00:07:00,14.4,1252.7,0.0,252.7,0,1,1,0
148348_81200EF80,148348,2022-09-04 00:02:00,2022-09-04 00:02:00,13.4,387.03,1935.15,0.0,1,0,1,0
148348_81200EE40,148348,2022-09-04 00:11:00,2022-09-04 00:11:00,13.39,225.73,1128.64,0.0,1,0,1,0
148348_811E9AA40,148348,2022-09-04 00:14:00,2022-09-04 00:14:00,13.39,1268.35,0.0,268.35,0,1,1,0
148348_813412550,148348,2022-09-04 00:21:00,2022-09-04 00:21:00,13.39,1003.07,0.0,3.07,0,1,1,0
148348_812A85560,148348,2022-09-02 00:25:00,2022-09-02 00:25:00,15.38,996.78,3.22,0.0,1,0,1,0
148348_8123FCD20,148348,2022-09-08 00:16:00,2022-09-08 00:16:00,9.39,992.12,7.88,0.0,1,0,1,0
148348_81236E7A0,148348,2022-09-05 00:27:00,2022-09-05 00:27:00,12.38,1164.88,0.0,164.88,0,1,1,0
43462_810050F70,43462,2022-09-02 00:15:00,2022-09-02 00:15:00,15.39,1012.33,0.0,12.33,0,1,1,0
43462_80FFFA2F0,43462,2022-09-03 00:20:00,2022-09-03 00:20:00,14.39,1003.38,0.0,3.38,0,1,1,0
43460_8118628D0,43460,2022-09-01 12:17:00,2022-09-01 12:17:00,15.89,37452.81,0.0,36452.81,0,1,1,0
43460_811507FA0,43460,2022-09-01 00:17:00,2022-09-01 00:17:00,16.39,768464.44,0.0,767464.44,0,1,1,0
148350_812362A90,148350,2022-09-10 00:23:00,2022-09-10 00:23:00,7.39,960.36,39.64,0.0,1,0,1,0
148350_811FEE120,148350,2022-09-01 00:23:00,2022-09-01 00:23:00,16.39,5866.31,0.0,4866.31,0,1,1,0
148350_811E9E630,148350,2022-09-02 11:39:00,2022-09-02 11:39:00,14.92,852.15,4260.75,0.0,1,0,1,0
148016_812354990,148016,2022-09-01 05:50:00,2022-09-01 05:50:00,16.16,91109.44,0.0,90109.44,0,1,1,0
148016_8122D3CE0,148016,2022-09-07 00:18:00,2022-09-07 00:18:00,10.39,988.06,11.94,0.0,1,0,1,0
148016_811ED2170,148016,2022-09-09 00:14:00,2022-09-09 00:14:00,8.39,855.7,144.3,0.0,1,0,1,0
148016_811E3BA40,148016,2022-09-01 00:22:00,2022-09-01 00:22:00,16.39,2477.17,0.0,1477.17,0,1,1,0
148016_8129AC7D0,148016,2022-09-02 23:37:00,2022-09-02 23:37:00,14.42,2898.06,0.0,1898.06,0,1,1,0
43462_810254810,43462,2022-09-01 16:38:00,2022-09-01 16:38:00,15.71,5464.2,27321.0,0.0,1,0,1,0
343388_80FFF6A30,343388,2022-09-01 19:02:00,2022-09-01 19:02:00,15.61,1000.0,0.0,0.0,1,0,1,0
343384_8100E9CE0,343384,2022-09-01 15:46:00,2022-09-01 15:46:00,15.75,1000.0,0.0,0.0,1,0,1,0
343376_80FE05430,343376,2022-09-01 00:04:00,2022-09-01 00:04:00,16.4,7543.76,37718.79,0.0,1,0,1,0
343359_810537B30,343359,2022-09-01 23:42:00,2022-09-01 23:42:00,15.41,923.78,76.22,0.0,1,0,1,0
343336_8100546E0,343336,2022-09-01 03:26:00,2022-09-01 03:26:00,16.26,275.79,1378.93,0.0,1,0,1,0
343336_80FE61190,343336,2022-09-01 05:25:00,2022-09-01 05:25:00,16.18,370.3,629.7,0.0,1,0,1,0
43462_81024FDA0,43462,2022-09-06 00:18:00,2022-09-06 00:18:00,11.39,959.81,40.19,0.0,1,0,1,0
43462_81021FE10,43462,2022-09-02 10:42:00,2022-09-02 10:42:00,14.96,345.57,1727.86,0.0,1,0,1,0
43462_81016F120,43462,2022-09-02 04:25:00,2022-09-02 04:25:00,15.22,505.56,2527.78,0.0,1,0,1,0
43462_81013BA20,43462,2022-09-01 15:39:00,2022-09-01 15:39:00,15.75,22820.59,0.0,21820.59,0,1,1,0
43462_8109AB1C0,43462,2022-09-06 06:50:00,2022-09-06 06:50:00,11.12,4291.15,21455.77,0.0,1,0,1,0
343264_81000FAF0,343264,2022-09-01 00:15:00,2022-09-01 00:15:00,16.39,470.52,2352.58,0.0,1,0,1,0
343251_80FDB8A20,343251,2022-09-01 08:47:00,2022-09-01 08:47:00,16.04,548.98,2744.92,0.0,1,0,1,0
343250_80FDE7500,343250,2022-09-01 00:16:00,2022-09-01 00:16:00,16.39,1000.0,0.0,0.0,1,0,1,0
343240_80FDD2640,343240,2022-09-01 05:04:00,2022-09-01 05:04:00,16.19,778.83,3894.17,0.0,1,0,1,0
343333_80FE1F5B0,343333,2022-09-01 00:26:00,2022-09-01 00:26:00,16.38,2697.98,13489.88,0.0,1,0,1,0
343327_80FDCAA50,343327,2022-09-01 00:15:00,2022-09-01 00:15:00,16.39,1661.16,8305.8,0.0,1,0,1,0
343318_8101376C0,343318,2022-09-01 00:16:00,2022-09-01 00:16:00,16.39,4548.66,22743.3,0.0,1,0,1,0
217_80FDF7810,217,2022-09-06 09:53:00,2022-09-06 09:53:00,10.99,500998.39,2504991.96,0.0,1,0,1,0
217_80FDED680,217,2022-09-08 23:21:00,2022-09-08 23:21:00,8.43,388.76,1943.78,0.0,1,0,1,0
217_80FDE2990,217,2022-09-08 17:07:00,2022-09-08 17:07:00,8.69,693.32,3466.61,0.0,1,0,1,0
43462_81089A840,43462,2022-09-05 22:46:00,2022-09-05 22:46:00,11.45,3958.8,0.0,2958.8,0,1,1,0
148016_811DC5980,148016,2022-09-07 01:27:00,2022-09-07 01:27:00,10.34,817.72,4088.62,0.0,1,0,1,0
148016_811DC0A30,148016,2022-09-01 18:55:00,2022-09-01 18:55:00,15.61,1017.0,5085.0,0.0,1,0,1,0
148016_811D7C1F0,148016,2022-09-07 00:21:00,2022-09-07 00:21:00,10.39,1171.4,0.0,171.4,0,1,1,0
148016_811C08260,148016,2022-09-01 00:19:00,2022-09-01 00:19:00,16.39,1260.69,0.0,260.69,0,1,1,0
43735_810BB59D0,43735,2022-09-01 01:29:00,2022-09-01 01:29:00,16.34,4117.8,0.0,3117.8,0,1,1,0
43735_8107CC870,43735,2022-09-07 00:22:00,2022-09-07 00:22:00,10.39,1106.43,0.0,106.43,0,1,1,0
145752_81132EC20,145752,2022-09-10 04:00:00,2022-09-10 04:00:00,7.24,654.53,3272.67,0.0,1,0,1,0
145752_81132D2A0,145752,2022-09-10 04:24:00,2022-09-10 04:24:00,7.22,734.16,3670.82,0.0,1,0,1,0
145106_8115D43E0,145106,2022-09-08 17:11:00,2022-09-08 17:11:00,8.69,3606.12,0.0,2606.12,0,1,1,0
145106_81120CA40,145106,2022-09-09 13:45:00,2022-09-09 13:45:00,7.83,385.07,1925.34,0.0,1,0,1,0
145106_810C71340,145106,2022-09-09 00:24:00,2022-09-09 00:24:00,8.39,871.77,128.23,0.0,1,0,1,0
144831_81150D210,144831,2022-09-01 02:56:00,2022-09-01 02:56:00,16.28,3576.05,0.0,2576.05,0,1,1,0
144831_811396210,144831,2022-09-02 09:12:00,2022-09-02 09:12:00,15.02,4661.25,0.0,3661.25,0,1,1,0
43735_8106F5740,43735,2022-09-01 00:07:00,2022-09-01 00:07:00,16.4,2266.58,0.0,1266.58,0,1,1,0
43735_8106F3F00,43735,2022-09-02 00:09:00,2022-09-02 00:09:00,15.4,1031.52,0.0,31.52,0,1,1,0
146917_8119F6400,146917,2022-09-05 04:09:00,2022-09-05 04:09:00,12.23,4146.9,0.0,3146.9,0,1,1,0
146885_811576180,146885,2022-09-01 00:28:00,2022-09-01 00:28:00,16.38,987.34,12.66,0.0,1,0,1,0
146484_8112F5F60,146484,2022-09-01 00:05:00,2022-09-01 00:05:00,16.4,1023.64,0.0,23.64,0,1,1,0
1457_801441810,1457,2022-09-02 00:12:00,2022-09-02 00:12:00,15.39,1112.61,0.0,112.61,0,1,1,0
43462_8109AC6F0,43462,2022-09-06 06:56:00,2022-09-06 06:56:00,11.11,5423.62,27118.1,0.0,1,0,1,0
144831_8112CE230,144831,2022-09-01 12:05:00,2022-09-01 12:05:00,15.9,5285.17,26425.84,0.0,1,0,1,0
144831_8109AC880,144831,2022-09-06 06:46:00,2022-09-06 06:46:00,11.12,1427879.55,7139397.76,0.0,1,0,1,0
144735_811586E20,144735,2022-09-01 06:32:00,2022-09-01 06:32:00,16.13,2010861.26,0.0,2009861.26,0,1,1,0
144735_810D6FDA0,144735,2022-09-07 03:00:00,2022-09-07 03:00:00,10.28,1995.81,0.0,995.81,0,1,1,0
343226_80FD637C0,343226,2022-09-01 17:06:00,2022-09-01 17:06:00,15.69,826.0,174.0,0.0,1,0,1,0
343226_80FD3FB80,343226,2022-09-01 14:49:00,2022-09-01 14:49:00,15.78,546.02,2730.09,0.0,1,0,1,0
343224_810086CB0,343224,2022-09-01 00:14:00,2022-09-01 00:14:00,16.39,999.99,0.01,0.0,1,0,1,0
343224_80FD3EBC0,343224,2022-09-01 00:06:00,2022-09-01 00:06:00,16.4,1000.0,0.0,0.0,1,0,1,0
343213_80FD4BD30,343213,2022-09-01 05:43:00,2022-09-01 05:43:00,16.16,999.98,0.02,0.0,1,0,1,0
144735_8109A2BD0,144735,2022-09-06 06:42:00,2022-09-06 06:42:00,11.12,2099.12,10495.6,0.0,1,0,1,0
144669_8117C6A60,144669,2022-09-05 00:23:00,2022-09-05 00:23:00,12.39,1176.49,0.0,176.49,0,1,1,0
144669_811551860,144669,2022-09-02 00:14:00,2022-09-02 00:14:00,15.39,931.6,68.4,0.0,1,0,1,0
43818_810566C30,43818,2022-09-02 00:19:00,2022-09-02 00:19:00,15.39,969.35,30.65,0.0,1,0,1,0
43735_8119D6380,43735,2022-09-09 00:28:00,2022-09-09 00:28:00,8.38,937.47,62.53,0.0,1,0,1,0
43735_81150D350,43735,2022-09-04 18:34:00,2022-09-04 18:34:00,12.63,5319.61,0.0,4319.61,0,1,1,0
43735_811414780,43735,2022-09-10 08:06:00,2022-09-10 08:06:00,7.06,855.89,4279.45,0.0,1,0,1,0
144225_8117C1320,144225,2022-09-01 02:23:00,2022-09-01 02:23:00,16.3,3247.21,0.0,2247.21,0,1,1,0
144225_8115D4600,144225,2022-09-06 16:16:00,2022-09-06 16:16:00,10.72,5413.41,0.0,4413.41,0,1,1,0
144225_810A07840,144225,2022-09-01 12:39:00,2022-09-01 12:39:00,15.88,15819.4,0.0,14819.4,0,1,1,0
343211_80FD78440,343211,2022-09-01 08:06:00,2022-09-01 08:06:00,16.06,999.89,0.11,0.0,1,0,1,0
343206_80FE12870,343206,2022-09-01 10:31:00,2022-09-01 10:31:00,15.96,999.99,0.01,0.0,1,0,1,0
343206_80FDD2190,343206,2022-09-01 21:30:00,2022-09-01 21:30:00,15.51,999.99,0.01,0.0,1,0,1,0
217_8100480B0,217,2022-09-02 01:10:00,2022-09-02 01:10:00,15.35,519.03,2595.16,0.0,1,0,1,0
217_80FFFA2A0,217,2022-09-10 00:23:00,2022-09-10 00:23:00,7.39,1034.04,0.0,34.04,0,1,1,0
43818_811209E50,43818,2022-09-09 13:45:00,2022-09-09 13:45:00,7.83,403.87,2019.36,0.0,1,0,1,0
43818_8106B31B0,43818,2022-09-04 18:44:00,2022-09-04 18:44:00,12.62,2234.06,0.0,1234.06,0,1,1,0
144669_81132B290,144669,2022-09-10 04:05:00,2022-09-10 04:05:00,7.23,641.19,3205.94,0.0,1,0,1,0
144669_8112E8CC0,144669,2022-09-03 00:22:00,2022-09-03 00:22:00,14.39,970.68,29.32,0.0,1,0,1,0
144669_810CDFED0,144669,2022-09-05 03:38:00,2022-09-05 03:38:00,12.25,637.75,3188.73,0.0,1,0,1,0
144669_810AA2360,144669,2022-09-10 00:21:00,2022-09-10 00:21:00,7.39,987.72,12.28,0.0,1,0,1,0
144639_8117D9CB0,144639,2022-09-09 00:20:00,2022-09-09 00:20:00,8.39,972.12,27.88,0.0,1,0,1,0
144639_8116940D0,144639,2022-09-03 00:01:00,2022-09-03 00:01:00,14.4,969.72,30.28,0.0,1,0,1,0
144200_81079D200,144200,2022-09-08 00:03:00,2022-09-08 00:03:00,9.4,963.73,36.27,0.0,1,0,1,0
143598_8112FCEB0,143598,2022-09-01 23:30:00,2022-09-01 23:30:00,15.42,56231.12,0.0,55231.12,0,1,1,0
143598_810CFDA30,143598,2022-09-01 00:08:00,2022-09-01 00:08:00,16.4,15909.84,0.0,14909.84,0,1,1,0
143598_810B7EDE0,143598,2022-09-08 06:27:00,2022-09-08 06:27:00,9.13,5391.49,0.0,4391.49,0,1,1,0
143598_8109AB260,143598,2022-09-06 06:40:00,2022-09-06 06:40:00,11.12,8279.13,41395.63,0.0,1,0,1,0
144225_81061D610,144225,2022-09-10 12:17:00,2022-09-10 12:17:00,6.89,1164.13,0.0,164.13,0,1,1,0
144200_811859030,144200,2022-09-01 00:06:00,2022-09-01 00:06:00,16.4,23543.34,0.0,22543.34,0,1,1,0
144200_810BEF570,144200,2022-09-07 00:27:00,2022-09-07 00:27:00,10.38,1448.15,0.0,448.15,0,1,1,0
43849_8108D9670,43849,2022-09-06 03:41:00,2022-09-06 03:41:00,11.25,8848.1,0.0,7848.1,0,1,1,0
43849_81081A570,43849,2022-09-10 23:35:00,2022-09-10 23:35:00,6.42,3203.85,0.0,2203.85,0,1,1,0
43849_8107BC1B0,43849,2022-09-08 00:02:00,2022-09-08 00:02:00,9.4,996.38,3.62,0.0,1,0,1,0
43849_8105DE210,43849,2022-09-04 00:06:00,2022-09-04 00:06:00,13.4,962.22,37.78,0.0,1,0,1,0
43849_81029DB10,43849,2022-09-07 01:43:00,2022-09-07 01:43:00,10.33,3711.08,0.0,2711.08,0,1,1,0
144639_81120ABF0,144639,2022-09-09 13:35:00,2022-09-09 13:35:00,7.84,258.7,741.3,0.0,1,0,1,0
144639_810CD8780,144639,2022-09-04 00:01:00,2022-09-04 00:01:00,13.4,1005.93,0.0,5.93,0,1,1,0
144639_8109AB120,144639,2022-09-06 06:56:00,2022-09-06 06:56:00,11.11,9012.55,45062.75,0.0,1,0,1,0
143598_81051B7F0,143598,2022-09-06 00:15:00,2022-09-06 00:15:00,11.39,964.17,35.83,0.0,1,0,1,0
143598_8102596A0,143598,2022-09-01 21:49:00,2022-09-01 21:49:00,15.49,1122.17,5610.87,0.0,1,0,1,0
143598_810248670,143598,2022-09-03 00:25:00,2022-09-03 00:25:00,14.38,951.29,48.71,0.0,1,0,1,0
44451_8107EACF1,44451,2022-09-02 10:24:00,2022-09-02 10:24:00,14.97,26707.4,0.0,25707.4,0,1,1,0
44451_8105FA510,44451,2022-09-09 19:35:00,2022-09-09 19:35:00,7.59,1439.23,7196.16,0.0,1,0,1,0
217_80FFF61F0,217,2022-09-01 00:07:00,2022-09-01 00:07:00,16.4,32701.91,163509.57,0.0,1,0,1,0
217_80FFA4D20,217,2022-09-01 16:11:00,2022-09-01 16:11:00,15.73,32778.87,0.0,31778.87,0,1,1,0
217_80FF8E960,217,2022-09-07 00:44:00,2022-09-07 00:44:00,10.37,349.84,1749.19,0.0,1,0,1,0
343199_80FD29D40,343199,2022-09-01 04:25:00,2022-09-01 04:25:00,16.22,999.98,0.02,0.0,1,0,1,0
334232_811DC3AF0,334232,2022-09-01 00:26:00,2022-09-01 00:26:00,16.38,822.57,177.43,0.0,1,0,1,0
2991_80992FE30,2991,2022-09-07 00:20:00,2022-09-07 00:20:00,10.39,896.75,103.25,0.0,1,0,1,0
2915_802077CB0,2915,2022-09-07 12:56:00,2022-09-07 12:56:00,9.86,10289.91,0.0,9289.91,0,1,1,1
251264_812D1B280,251264,2022-09-13 06:14:00,2022-09-13 06:14:00,4.14,3881875.21,19409376.05,0.0,1,0,1,1
43849_8119EF400,43849,2022-09-10 00:19:00,2022-09-10 00:19:00,7.39,962.5,37.5,0.0,1,0,1,0
43849_8115B2AE0,43849,2022-09-04 00:09:00,2022-09-04 00:09:00,13.4,999.68,0.32,0.0,1,0,1,0
43849_81132D390,43849,2022-09-10 04:15:00,2022-09-10 04:15:00,7.22,781.04,3905.19,0.0,1,0,1,0
143496_8107A0740,143496,2022-09-03 23:00:00,2022-09-03 23:00:00,13.44,4763.1,0.0,3763.1,0,1,1,0
251264_812D08D10,251264,2022-09-02 00:14:00,2022-09-02 00:14:00,15.39,965.18,34.82,0.0,1,0,1,0
251123_8134121E0,251123,2022-09-06 05:32:00,2022-09-06 05:32:00,11.17,5275.09,0.0,4275.09,0,1,1,0
250188_813406560,250188,2022-09-09 09:42:00,2022-09-09 09:42:00,8.0,1100.64,0.0,100.64,0,1,1,0
217_81034B400,217,2022-09-08 00:07:00,2022-09-08 00:07:00,9.4,970.41,29.59,0.0,1,0,1,0
217_8102A0910,217,2022-09-02 14:07:00,2022-09-02 14:07:00,14.81,57763.92,0.0,56763.92,0,1,1,0
217_810178F90,217,2022-09-09 00:04:00,2022-09-09 00:04:00,8.4,1032.1,0.0,32.1,0,1,1,0
217_810152C10,217,2022-09-07 00:14:00,2022-09-07 00:14:00,10.39,976.7,23.3,0.0,1,0,1,0
217_8100DA730,217,2022-09-02 20:06:00,2022-09-02 20:06:00,14.56,571.81,2859.06,0.0,1,0,1,0
217_8100DA290,217,2022-09-02 20:06:00,2022-09-02 20:06:00,14.56,640.44,359.56,0.0,1,0,1,0
44565_810BAC850,44565,2022-09-07 00:03:00,2022-09-07 00:03:00,10.4,993.58,6.42,0.0,1,0,1,0
44451_8117DD850,44451,2022-09-04 08:34:00,2022-09-04 08:34:00,13.05,4581.33,0.0,3581.33,0,1,1,0
44451_811370500,44451,2022-09-06 00:01:00,2022-09-06 00:01:00,11.4,1032.54,0.0,32.54,0,1,1,0
44451_810A11BD0,44451,2022-09-09 00:09:00,2022-09-09 00:09:00,8.4,995.92,4.08,0.0,1,0,1,0
143598_810891670,143598,2022-09-06 00:02:00,2022-09-06 00:02:00,11.4,889.48,110.52,0.0,1,0,1,0
143598_8105FA1D0,143598,2022-09-09 19:31:00,2022-09-09 19:31:00,7.59,3517.56,17587.79,0.0,1,0,1,0
249176_8129A5640,249176,2022-09-09 00:29:00,2022-09-09 00:29:00,8.38,1043.61,0.0,43.61,0,1,1,0
249176_8123FDEC0,249176,2022-09-06 04:35:00,2022-09-06 04:35:00,11.21,756.98,3784.91,0.0,1,0,1,0
249176_8123DB500,249176,2022-09-05 00:19:00,2022-09-05 00:19:00,12.39,988.76,11.24,0.0,1,0,1,0
249176_81237E2E0,249176,2022-09-10 00:21:00,2022-09-10 00:21:00,7.39,1014.97,0.0,14.97,0,1,1,0
249176_81235EC40,249176,2022-09-06 17:54:00,2022-09-06 17:54:00,10.66,3379.35,0.0,2379.35,0,1,1,0
249176_8122D2CB0,249176,2022-09-08 00:16:00,2022-09-08 00:16:00,9.39,1004.37,0.0,4.37,0,1,1,0
219444_812558040,219444,2022-09-04 00:01:00,2022-09-04 00:01:00,13.4,993.78,6.22,0.0,1,0,1,0
217_810F86CC0,217,2022-09-10 00:10:00,2022-09-10 00:10:00,7.4,1025.9,0.0,25.9,0,1,1,0
217_8105FA470,217,2022-09-09 19:43:00,2022-09-09 19:43:00,7.58,80384.76,401923.81,0.0,1,0,1,0
44650_8107AC060,44650,2022-09-02 00:23:00,2022-09-02 00:23:00,15.39,1081.73,0.0,81.73,0,1,1,0
143493_8108CA0A0,143493,2022-09-10 02:02:00,2022-09-10 02:02:00,7.32,1861.95,0.0,861.95,0,1,1,0
143493_8113AA280,143493,2022-09-05 19:43:00,2022-09-05 19:43:00,11.58,4707.7,0.0,3707.7,0,1,1,0
143496_8119C5280,143496,2022-09-03 00:12:00,2022-09-03 00:12:00,14.39,1008.08,0.0,8.08,0,1,1,0
143496_811203610,143496,2022-09-09 13:54:00,2022-09-09 13:54:00,7.82,405.72,2028.59,0.0,1,0,1,0
143496_810CD8730,143496,2022-09-03 00:24:00,2022-09-03 00:24:00,14.39,1034.01,0.0,34.01,0,1,1,0
143496_8108344A0,143496,2022-09-07 00:14:00,2022-09-07 00:14:00,10.39,956.65,43.35,0.0,1,0,1,0
44866_811891A50,44866,2022-09-06 00:01:00,2022-09-06 00:01:00,11.4,964.87,35.13,0.0,1,0,1,0
143242_8106437B0,143242,2022-09-05 00:12:00,2022-09-05 00:12:00,12.39,1034.17,0.0,34.17,0,1,1,0
143242_8101D64C0,143242,2022-09-01 00:12:00,2022-09-01 00:12:00,16.39,841.15,158.85,0.0,1,0,1,0
143242_810193C00,143242,2022-09-01 00:29:00,2022-09-01 00:29:00,16.38,968.76,31.24,0.0,1,0,1,0
143242_8100DFF30,143242,2022-09-02 20:00:00,2022-09-02 20:00:00,14.57,706.33,3531.66,0.0,1,0,1,0
143242_810072660,143242,2022-09-08 00:11:00,2022-09-08 00:11:00,9.39,993.39,6.61,0.0,1,0,1,0
44866_811495210,44866,2022-09-01 00:02:00,2022-09-01 00:02:00,16.4,5489.47,0.0,4489.47,0,1,1,0
143242_810F227B0,143242,2022-09-05 00:17:00,2022-09-05 00:17:00,12.39,1035.6,0.0,35.6,0,1,1,0
143430_8101D20C0,143430,2022-09-01 00:00:00,2022-09-01 00:00:00,16.4,1011.42,0.0,11.42,0,1,1,0
143430_810153A50,143430,2022-09-04 00:02:00,2022-09-04 00:02:00,13.4,992.63,7.37,0.0,1,0,1,0
143242_8119C62C0,143242,2022-09-07 00:21:00,2022-09-07 00:21:00,10.39,1181.94,0.0,181.94,0,1,1,0
143242_8113C93D0,143242,2022-09-08 02:56:00,2022-09-08 02:56:00,9.28,710.39,3551.94,0.0,1,0,1,0
143430_810CE0B20,143430,2022-09-05 03:46:00,2022-09-05 03:46:00,12.25,273.99,1369.94,0.0,1,0,1,0
143430_8109AB080,143430,2022-09-06 06:54:00,2022-09-06 06:54:00,11.11,7749.35,38746.76,0.0,1,0,1,0
143430_8105FD5D0,143430,2022-09-09 19:47:00,2022-09-09 19:47:00,7.58,5747.67,28738.35,0.0,1,0,1,0
24941_809B40B80,24941,2022-09-07 03:19:00,2022-09-07 03:19:00,10.26,6510.42,0.0,5510.42,0,1,1,1
45000_810CF1800,45000,2022-09-01 00:29:00,2022-09-01 00:29:00,16.38,4194.64,0.0,3194.64,0,1,1,0
45000_810CE0C60,45000,2022-09-05 03:51:00,2022-09-05 03:51:00,12.24,779.62,3898.08,0.0,1,0,1,0
142950_81120BF20,142950,2022-09-09 13:42:00,2022-09-09 13:42:00,7.83,397.1,1985.52,0.0,1,0,1,0
45000_810AACB20,45000,2022-09-02 23:35:00,2022-09-02 23:35:00,14.42,56234.8,0.0,55234.8,0,1,1,0
45000_810A64DF0,45000,2022-09-01 00:23:00,2022-09-01 00:23:00,16.39,996.37,3.63,0.0,1,0,1,0
249176_812010740,249176,2022-09-04 00:02:00,2022-09-04 00:02:00,13.4,472.32,2361.61,0.0,1,0,1,0
249176_812007FA0,249176,2022-09-04 00:28:00,2022-09-04 00:28:00,13.38,354.78,645.22,0.0,1,0,1,0
249176_811F46AB0,249176,2022-09-02 10:34:00,2022-09-02 10:34:00,14.96,3907.64,0.0,2907.64,0,1,1,0
249118_814965B00,249118,2022-09-10 19:56:00,2022-09-10 19:56:00,6.57,799.39,3996.97,0.0,1,0,1,1
220_80FD389A0,220,2022-09-04 17:30:00,2022-09-04 17:30:00,12.67,3294.82,0.0,2294.82,0,1,1,0
220_80FDCFF80,220,2022-09-06 20:54:00,2022-09-06 20:54:00,10.53,647.12,352.88,0.0,1,0,1,0
220_80FD8C300,220,2022-09-07 00:50:00,2022-09-07 00:50:00,10.37,812.94,4064.7,0.0,1,0,1,0
220_80FD6CB20,220,2022-09-01 12:50:00,2022-09-01 12:50:00,15.87,1892.54,0.0,892.54,0,1,1,0
220_80FD68800,220,2022-09-01 00:03:00,2022-09-01 00:03:00,16.4,4611.98,0.0,3611.98,0,1,1,0
220_80FD529F0,220,2022-09-05 00:29:00,2022-09-05 00:29:00,12.38,1004.64,0.0,4.64,0,1,1,0
44873_810A8A2C0,44873,2022-09-09 01:17:00,2022-09-09 01:17:00,8.35,24520.7,0.0,23520.7,0,1,1,0
249118_812D1A650,249118,2022-09-10 05:55:00,2022-09-10 05:55:00,7.16,2978.85,14894.26,0.0,1,0,1,1
249118_8127A0490,249118,2022-09-01 00:15:00,2022-09-01 00:15:00,16.39,2412.37,0.0,1412.37,0,1,1,0
220_80FF90350,220,2022-09-07 00:38:00,2022-09-07 00:38:00,10.38,256.74,1283.71,0.0,1,0,1,0
220_80FE04B50,220,2022-09-05 02:30:00,2022-09-05 02:30:00,12.3,5456.35,0.0,4456.35,0,1,1,0
220_8100EA6D0,220,2022-09-01 00:11:00,2022-09-01 00:11:00,16.39,1049.87,0.0,49.87,0,1,1,0
220_8100D5900,220,2022-09-06 16:39:00,2022-09-06 16:39:00,10.71,571.81,2859.07,0.0,1,0,1,0
220_8100CA500,220,2022-09-02 00:02:00,2022-09-02 00:02:00,15.4,959.61,40.39,0.0,1,0,1,0
220_81008C690,220,2022-09-08 21:33:00,2022-09-08 21:33:00,8.5,659.05,3295.27,0.0,1,0,1,0
220_80FF996B0,220,2022-09-06 20:49:00,2022-09-06 20:49:00,10.53,1032750242.76,0.0,1032749242.76,0,1,1,0
220_8112BFB40,220,2022-09-08 00:16:00,2022-09-08 00:16:00,9.39,949.18,50.82,0.0,1,0,1,0
220_810F87A60,220,2022-09-03 00:29:00,2022-09-03 00:29:00,14.38,1034.42,0.0,34.42,0,1,1,0
220_810A23E40,220,2022-09-05 00:15:00,2022-09-05 00:15:00,12.39,961.38,38.62,0.0,1,0,1,0
45279_810CC9670,45279,2022-09-01 02:49:00,2022-09-01 02:49:00,16.28,855772.75,0.0,854772.75,0,1,1,0
45279_810BC25D0,45279,2022-09-04 11:59:00,2022-09-04 11:59:00,12.9,4972.68,0.0,3972.68,0,1,1,0
45279_810B9C340,45279,2022-09-03 19:10:00,2022-09-03 19:10:00,13.6,2571.88,0.0,1571.88,0,1,1,0
45000_8117DD6C0,45000,2022-09-01 06:32:00,2022-09-01 06:32:00,16.13,4037.86,0.0,3037.86,0,1,1,0
45566_81153ABE0,45566,2022-09-10 08:12:00,2022-09-10 08:12:00,7.06,3517.38,0.0,2517.38,0,1,1,0
45566_811513FF0,45566,2022-09-08 00:10:00,2022-09-08 00:10:00,9.4,908.08,91.92,0.0,1,0,1,0
45566_81132D8E0,45566,2022-09-10 04:06:00,2022-09-10 04:06:00,7.23,428.46,2142.28,0.0,1,0,1,0
142950_80FECFDC0,142950,2022-09-02 08:47:00,2022-09-02 08:47:00,15.04,9881.5,0.0,8881.5,0,1,1,0
142950_80FE575E0,142950,2022-09-09 00:03:00,2022-09-09 00:03:00,8.4,923.13,76.87,0.0,1,0,1,0
142836_8114DCCE0,142836,2022-09-07 00:37:00,2022-09-07 00:37:00,10.38,847.25,152.75,0.0,1,0,1,0
45566_8112E49F0,45566,2022-09-09 00:18:00,2022-09-09 00:18:00,8.39,1094.73,0.0,94.73,0,1,1,0
45566_811200E50,45566,2022-09-09 13:32:00,2022-09-09 13:32:00,7.84,399.57,1997.87,0.0,1,0,1,0
45563_811942AA0,45563,2022-09-08 22:18:00,2022-09-08 22:18:00,8.47,487.68,2438.42,0.0,1,0,1,0
45563_810EC73A0,45563,2022-09-03 00:02:00,2022-09-03 00:02:00,14.4,1043.06,0.0,43.06,0,1,1,0
142950_8100E2000,142950,2022-09-02 20:10:00,2022-09-02 20:10:00,14.56,880.91,119.09,0.0,1,0,1,0
142950_810824DB0,142950,2022-09-02 00:24:00,2022-09-02 00:24:00,15.39,1117.5,0.0,117.5,0,1,1,0
142950_8106A11C0,142950,2022-09-06 20:26:00,2022-09-06 20:26:00,10.55,2265.91,0.0,1265.91,0,1,1,0
142950_810517CC0,142950,2022-09-07 00:07:00,2022-09-07 00:07:00,10.4,1173.48,0.0,173.48,0,1,1,0
142950_8101DA540,142950,2022-09-01 00:14:00,2022-09-01 00:14:00,16.39,1270.24,6351.21,0.0,1,0,1,0
142950_81017BF40,142950,2022-09-04 00:27:00,2022-09-04 00:27:00,13.38,948.61,51.39,0.0,1,0,1,0
45701_81132E630,45701,2022-09-10 04:11:00,2022-09-10 04:11:00,7.23,368.91,1844.56,0.0,1,0,1,0
220_8108C3260,220,2022-09-07 14:57:00,2022-09-07 14:57:00,9.78,2432.31,0.0,1432.31,0,1,1,0
220_810642160,220,2022-09-10 03:38:00,2022-09-10 03:38:00,7.25,2661.46,0.0,1661.46,0,1,1,0
249118_811E96090,249118,2022-09-04 00:23:00,2022-09-04 00:23:00,13.39,1064.38,0.0,64.38,0,1,1,0
249118_811DCF5B0,249118,2022-09-07 00:29:00,2022-09-07 00:29:00,10.38,1007.33,0.0,7.33,0,1,1,0
249118_811B9C130,249118,2022-09-02 20:54:00,2022-09-02 20:54:00,14.53,2123.37,0.0,1123.37,0,1,1,0
248857_812D42BD0,248857,2022-09-02 08:54:00,2022-09-02 08:54:00,15.03,8057.82,40289.09,0.0,1,0,1,0
248857_8123FDCF0,248857,2022-09-06 04:55:00,2022-09-06 04:55:00,11.2,430.81,569.19,0.0,1,0,1,0
248857_8123A3A50,248857,2022-09-05 00:07:00,2022-09-05 00:07:00,12.4,749.04,250.96,0.0,1,0,1,0
222_8119FDDD0,222,2022-09-09 01:47:00,2022-09-09 01:47:00,8.33,40126.35,0.0,39126.35,0,1,1,0
248857_812354280,248857,2022-09-01 00:21:00,2022-09-01 00:21:00,16.39,1491.94,0.0,491.94,0,1,1,0
248857_812033850,248857,2022-09-05 00:10:00,2022-09-05 00:10:00,12.4,1057.0,0.0,57.0,0,1,1,0
45601_81186B550,45601,2022-09-03 19:52:00,2022-09-03 19:52:00,13.57,392.81,1964.06,0.0,1,0,1,0
45601_8113851C0,45601,2022-09-05 19:54:00,2022-09-05 19:54:00,11.57,41083.62,0.0,40083.62,0,1,1,0
45601_8111F5860,45601,2022-09-04 00:20:00,2022-09-04 00:20:00,13.39,992.82,7.18,0.0,1,0,1,0
45601_810C782B0,45601,2022-09-07 00:20:00,2022-09-07 00:20:00,10.39,1092.38,0.0,92.38,0,1,1,0
48211_811B94250,48211,2022-09-01 09:38:00,2022-09-01 09:38:00,16.0,78073.1,0.0,77073.1,0,1,1,0
142836_80FFB1B50,142836,2022-09-07 00:05:00,2022-09-07 00:05:00,10.4,899.41,100.59,0.0,1,0,1,0
142836_80FDFCB70,142836,2022-09-01 12:50:00,2022-09-01 12:50:00,15.87,108962.51,544812.54,0.0,1,0,1,0
142836_81021FF50,142836,2022-09-02 10:57:00,2022-09-02 10:57:00,14.95,461.78,2308.88,0.0,1,0,1,0
142836_8100F6350,142836,2022-09-01 00:00:00,2022-09-01 00:00:00,16.4,857969.2,0.0,856969.2,0,1,1,0
142836_8100E1010,142836,2022-09-02 20:10:00,2022-09-02 20:10:00,14.56,897.08,4485.4,0.0,1,0,1,0
142836_8100DFE90,142836,2022-09-02 20:10:00,2022-09-02 20:10:00,14.56,306.72,1533.58,0.0,1,0,1,0
46906_811445B10,46906,2022-09-03 00:11:00,2022-09-03 00:11:00,14.39,782.25,217.75,0.0,1,0,1,0
46616_811288830,46616,2022-09-10 00:08:00,2022-09-10 00:08:00,7.4,1021.71,0.0,21.71,0,1,1,0
46042_8115E2C20,46042,2022-09-01 04:26:00,2022-09-01 04:26:00,16.22,4176.82,0.0,3176.82,0,1,1,0
45701_8119D0E90,45701,2022-09-03 17:11:00,2022-09-03 17:11:00,13.69,5046.63,0.0,4046.63,0,1,1,0
142836_81085B320,142836,2022-09-04 00:25:00,2022-09-04 00:25:00,13.38,986.84,13.16,0.0,1,0,1,0
142836_8106F3CE0,142836,2022-09-10 00:03:00,2022-09-10 00:03:00,7.4,1001.06,0.0,1.06,0,1,1,0
142836_8105FEBB0,142836,2022-09-09 19:58:00,2022-09-09 19:58:00,7.57,1434.76,7173.78,0.0,1,0,1,0
142836_81035D710,142836,2022-09-06 00:22:00,2022-09-06 00:22:00,11.39,979.24,20.76,0.0,1,0,1,0
45701_8113A4AF0,45701,2022-09-10 00:15:00,2022-09-10 00:15:00,7.39,882.68,117.32,0.0,1,0,1,0
248857_811DC5B10,248857,2022-09-07 01:12:00,2022-09-07 01:12:00,10.35,529.07,2645.37,0.0,1,0,1,0
121_811BF7DE0,121,2022-09-01 09:51:00,2022-09-01 09:51:00,15.99,32199.34,160996.68,0.0,1,0,1,0
48211_811C3C540,48211,2022-09-08 06:20:00,2022-09-08 06:20:00,9.14,5885.23,0.0,4885.23,0,1,1,0
48211_811C17280,48211,2022-09-10 04:12:00,2022-09-10 04:12:00,7.23,466.78,2333.88,0.0,1,0,1,0
121_812355710,121,2022-09-02 00:01:00,2022-09-02 00:01:00,15.4,1047.69,0.0,47.69,0,1,1,0
121_8122211A0,121,2022-09-01 22:35:00,2022-09-01 22:35:00,15.46,823.28,4116.41,0.0,1,0,1,0
121_81200A380,121,2022-09-04 00:17:00,2022-09-04 00:17:00,13.39,493.33,2466.65,0.0,1,0,1,0
121_811F34EA0,121,2022-09-08 00:06:00,2022-09-08 00:06:00,9.4,999.85,0.15,0.0,1,0,1,0
142836_80FDE9590,142836,2022-09-03 04:43:00,2022-09-03 04:43:00,14.21,807.36,4036.82,0.0,1,0,1,0
13145_80145D800,13145,2022-09-07 10:04:00,2022-09-07 10:04:00,9.98,6483.77,0.0,5483.77,0,1,1,1
130596_80B586630,130596,2022-09-04 14:28:00,2022-09-04 14:28:00,12.8,2426.05,0.0,1426.05,0,1,1,1
13037_8041E9210,13037,2022-09-06 00:16:00,2022-09-06 00:16:00,11.39,963.47,36.53,0.0,1,0,1,0
12735_8022C5CF0,12735,2022-09-06 05:44:00,2022-09-06 05:44:00,11.16,3916.62,0.0,2916.62,0,1,1,1
48211_811BB37D0,48211,2022-09-01 22:53:00,2022-09-01 22:53:00,15.45,75675089.08,0.0,75674089.08,0,1,1,0
48211_811BA8CC0,48211,2022-09-09 15:46:00,2022-09-09 15:46:00,7.75,966.04,4830.2,0.0,1,0,1,0
48211_811BA8A90,48211,2022-09-09 15:43:00,2022-09-09 15:43:00,7.75,342.31,1711.57,0.0,1,0,1,0
121_811BB7F50,121,2022-09-01 00:17:00,2022-09-01 00:17:00,16.39,957.27,42.73,0.0,1,0,1,0
121_811B9CEB0,121,2022-09-09 15:31:00,2022-09-09 15:31:00,7.76,640.97,3204.83,0.0,1,0,1,1
121_811B95690,121,2022-09-04 00:23:00,2022-09-04 00:23:00,13.39,974.93,25.07,0.0,1,0,1,0
121_811E9E720,121,2022-09-02 11:36:00,2022-09-02 11:36:00,14.92,917.03,82.97,0.0,1,0,1,0
121_811C53D50,121,2022-09-02 15:39:00,2022-09-02 15:39:00,14.75,12075.7,0.0,11075.7,0,1,1,0
121_811BFB7A0,121,2022-09-01 07:08:00,2022-09-01 07:08:00,16.1,284671.18,0.0,283671.18,0,1,1,0
248857_8120085D0,248857,2022-09-04 00:06:00,2022-09-04 00:06:00,13.4,643.47,3217.33,0.0,1,0,1,0
248857_811FD3D90,248857,2022-09-05 00:10:00,2022-09-05 00:10:00,12.4,992.74,7.26,0.0,1,0,1,0
248857_811F30650,248857,2022-09-06 00:20:00,2022-09-06 00:20:00,11.39,933.49,66.51,0.0,1,0,1,0
222_811A69440,222,2022-09-10 11:59:00,2022-09-10 11:59:00,6.9,5948.48,0.0,4948.48,0,1,1,0
222_811A687C0,222,2022-09-10 20:10:00,2022-09-10 20:10:00,6.56,285.35,714.65,0.0,1,0,1,0
222_811A509A0,222,2022-09-03 19:58:00,2022-09-03 19:58:00,13.57,2348.11,0.0,1348.11,0,1,1,0
222_811A4F9C0,222,2022-09-04 19:20:00,2022-09-04 19:20:00,12.6,921.16,4605.8,0.0,1,0,1,0
222_811A88880,222,2022-09-01 21:25:00,2022-09-01 21:25:00,15.51,636.93,3184.65,0.0,1,0,1,0
222_811A72160,222,2022-09-05 12:02:00,2022-09-05 12:02:00,11.9,2122.96,0.0,1122.96,0,1,1,0
248857_811E1B560,248857,2022-09-08 00:01:00,2022-09-08 00:01:00,9.4,1045.74,0.0,45.74,0,1,1,0
248857_811D5BB00,248857,2022-09-05 15:27:00,2022-09-05 15:27:00,11.76,1452.93,0.0,452.93,0,1,1,0
222_811BBD140,222,2022-09-05 15:21:00,2022-09-05 15:21:00,11.76,19248.21,0.0,18248.21,0,1,1,0
222_811E5A4B0,222,2022-09-01 23:12:00,2022-09-01 23:12:00,15.44,4612.36,0.0,3612.36,0,1,1,0
222_811C5B140,222,2022-09-10 21:35:00,2022-09-10 21:35:00,6.5,5572.0,0.0,4572.0,0,1,1,0
222_812008890,222,2022-09-04 00:26:00,2022-09-04 00:26:00,13.38,761.84,3809.19,0.0,1,0,1,0
222_812008840,222,2022-09-04 00:11:00,2022-09-04 00:11:00,13.39,240.38,759.62,0.0,1,0,1,0
222_811F0EC20,222,2022-09-08 00:28:00,2022-09-08 00:28:00,9.38,950.55,49.45,0.0,1,0,1,0
222_811F0EBD0,222,2022-09-05 00:13:00,2022-09-05 00:13:00,12.39,951.28,48.72,0.0,1,0,1,0
222_811E99EF0,222,2022-09-01 23:21:00,2022-09-01 23:21:00,15.43,347747.58,1738737.9,0.0,1,0,1,0
121_811A64E70,121,2022-09-01 00:01:00,2022-09-01 00:01:00,16.4,2601431.55,13007157.74,0.0,1,0,1,0
121_811A00AD0,121,2022-09-10 00:25:00,2022-09-10 00:25:00,7.38,957.12,42.88,0.0,1,0,1,0
121_811B84480,121,2022-09-10 00:25:00,2022-09-10 00:25:00,7.38,1143.97,0.0,143.97,0,1,1,0
121_811B76100,121,2022-09-09 00:15:00,2022-09-09 00:15:00,8.39,994.81,5.19,0.0,1,0,1,0
121_811A79800,121,2022-09-05 00:29:00,2022-09-05 00:29:00,12.38,894.76,105.24,0.0,1,0,1,0
121_811A73DF0,121,2022-09-02 01:50:00,2022-09-02 01:50:00,15.33,2082.41,0.0,1082.41,0,1,1,0
121_811BB80E0,121,2022-09-02 21:29:00,2022-09-02 21:29:00,14.51,6869.64,0.0,5869.64,0,1,1,0
222_811E96CB0,222,2022-09-07 00:06:00,2022-09-07 00:06:00,10.4,850.05,149.95,0.0,1,0,1,0
246581_81185B110,246581,2022-09-06 00:27:00,2022-09-06 00:27:00,11.38,956.99,43.01,0.0,1,0,1,0
246581_81132AEE0,246581,2022-09-10 04:02:00,2022-09-10 04:02:00,7.23,616.66,383.34,0.0,1,0,1,0
246162_811269C20,246162,2022-09-02 18:36:00,2022-09-02 18:36:00,14.63,3156.21,15781.03,0.0,1,0,1,0
222_812D8CCD0,222,2022-09-02 00:15:00,2022-09-02 00:15:00,15.39,1007.5,0.0,7.5,0,1,1,0
222_81240D200,222,2022-09-02 00:58:00,2022-09-02 00:58:00,15.36,5312.33,0.0,4312.33,0,1,1,0
222_8123FDB10,222,2022-09-06 04:36:00,2022-09-06 04:36:00,11.21,239.19,1195.96,0.0,1,0,1,0
245668_811490990,245668,2022-09-07 19:11:00,2022-09-07 19:11:00,9.6,400.71,2003.53,0.0,1,0,1,0
245668_81132B100,245668,2022-09-10 04:03:00,2022-09-10 04:03:00,7.23,939.23,60.77,0.0,1,0,1,0
48211_812362E90,48211,2022-09-05 00:23:00,2022-09-05 00:23:00,12.39,1017.73,0.0,17.73,0,1,1,0
48211_812355C20,48211,2022-09-10 07:13:00,2022-09-10 07:13:00,7.1,3769.99,0.0,2769.99,0,1,1,0
48211_812028520,48211,2022-09-03 00:01:00,2022-09-03 00:01:00,14.4,1021.22,0.0,21.22,0,1,1,0
48211_812007F50,48211,2022-09-04 00:04:00,2022-09-04 00:04:00,13.4,804.0,4019.99,0.0,1,0,1,0
119_8123EC360,119,2022-09-05 05:30:00,2022-09-05 05:30:00,12.17,829.73,4148.64,0.0,1,0,1,0
48211_811DC5FC0,48211,2022-09-07 01:18:00,2022-09-07 01:18:00,10.35,529.47,2647.33,0.0,1,0,1,0
248857_811D70040,248857,2022-09-04 18:22:00,2022-09-04 18:22:00,12.64,276.77,1383.83,0.0,1,0,1,0
119_811C33CD0,119,2022-09-10 07:43:00,2022-09-10 07:43:00,7.08,744.08,255.92,0.0,1,0,1,0
119_811DC2400,119,2022-09-01 21:54:00,2022-09-01 21:54:00,15.49,1000.0,0.0,0.0,0,1,1,0
48308_811DC69C0,48308,2022-09-01 09:40:00,2022-09-01 09:40:00,16.0,3717.3,0.0,2717.3,0,1,1,0
48308_811DA4150,48308,2022-09-02 15:23:00,2022-09-02 15:23:00,14.76,3418.39,0.0,2418.39,0,1,1,0
245668_8112D9C00,245668,2022-09-09 00:27:00,2022-09-09 00:27:00,8.38,1206.74,0.0,206.74,0,1,1,0
245668_81129A550,245668,2022-09-09 00:22:00,2022-09-09 00:22:00,8.39,955.39,44.61,0.0,1,0,1,0
245668_811208B80,245668,2022-09-09 13:33:00,2022-09-09 13:33:00,7.84,406.8,2034.0,0.0,1,0,1,0
223_811A01A60,223,2022-09-01 00:29:00,2022-09-01 00:29:00,16.38,110106.94,550534.68,0.0,1,0,1,0
223_8119F8AD0,223,2022-09-01 00:25:00,2022-09-01 00:25:00,16.38,3682.31,18411.57,0.0,1,0,1,0
223_811B29400,223,2022-09-07 08:27:00,2022-09-07 08:27:00,10.05,855.76,4278.78,0.0,1,0,1,0
223_811A7E000,223,2022-09-08 00:03:00,2022-09-08 00:03:00,9.4,863.26,136.74,0.0,1,0,1,0
223_811A76280,223,2022-09-01 13:02:00,2022-09-01 13:02:00,15.86,310.66,1553.31,0.0,1,0,1,0
223_811BABC40,223,2022-09-09 15:47:00,2022-09-09 15:47:00,7.74,384.04,1920.2,0.0,1,0,1,0
223_811B9C930,223,2022-09-01 14:40:00,2022-09-01 14:40:00,15.79,2346.98,0.0,1346.98,0,1,1,0
223_811B98270,223,2022-09-05 01:37:00,2022-09-05 01:37:00,12.33,494.37,2471.86,0.0,1,0,1,0
48308_811C36760,48308,2022-09-02 07:56:00,2022-09-02 07:56:00,15.07,38990.62,0.0,37990.62,0,1,1,0
245558_8112DD070,245558,2022-09-07 00:15:00,2022-09-07 00:15:00,10.39,959.45,40.55,0.0,1,0,1,0
245558_810C00610,245558,2022-09-07 00:25:00,2022-09-07 00:25:00,10.38,1034.87,0.0,34.87,0,1,1,0
245558_810A84890,245558,2022-09-01 13:23:00,2022-09-01 13:23:00,15.84,7189.02,0.0,6189.02,0,1,1,0
245558_810A4FAA0,245558,2022-09-08 00:26:00,2022-09-08 00:26:00,9.38,1084.91,0.0,84.91,0,1,1,0
245558_810A4E5C0,245558,2022-09-02 06:14:00,2022-09-02 06:14:00,15.14,229808210.17,0.0,229807210.17,0,1,1,0
245441_8119543F0,245441,2022-09-05 00:15:00,2022-09-05 00:15:00,12.39,1129.21,0.0,129.21,0,1,1,0
223_811C1DF50,223,2022-09-05 00:24:00,2022-09-05 00:24:00,12.39,1046.64,0.0,46.64,0,1,1,0
223_812010830,223,2022-09-04 00:12:00,2022-09-04 00:12:00,13.39,956.16,4780.78,0.0,1,0,1,0
223_811FDB870,223,2022-09-08 14:14:00,2022-09-08 14:14:00,8.81,9892844.24,0.0,9891844.24,0,1,1,0
223_811E4E860,223,2022-09-02 01:48:00,2022-09-02 01:48:00,15.33,391.56,1957.82,0.0,1,0,1,1
223_811DCE2D0,223,2022-09-01 00:08:00,2022-09-01 00:08:00,16.4,1028.89,0.0,28.89,0,1,1,0
48308_811E95E10,48308,2022-09-05 00:03:00,2022-09-05 00:03:00,12.4,1029.27,0.0,29.27,0,1,1,0
48308_811E48370,48308,2022-09-02 00:07:00,2022-09-02 00:07:00,15.4,1012.27,0.0,12.27,0,1,1,0
119_811BA2CB0,119,2022-09-02 23:49:00,2022-09-02 23:49:00,14.41,525.35,2626.77,0.0,1,0,1,0
119_811BBFF20,119,2022-09-10 12:10:00,2022-09-10 12:10:00,6.9,720.07,279.93,0.0,1,0,1,0
119_811C4FBD0,119,2022-09-10 07:37:00,2022-09-10 07:37:00,7.08,483.1,2415.49,0.0,1,0,1,0
245441_81142D470,245441,2022-09-09 00:28:00,2022-09-09 00:28:00,8.38,755.45,244.55,0.0,1,0,1,0
245441_810C4B7A0,245441,2022-09-02 00:17:00,2022-09-02 00:17:00,15.39,995.2,4.8,0.0,1,0,1,0
245441_8109C71C0,245441,2022-09-01 00:04:00,2022-09-01 00:04:00,16.4,57016.01,285080.04,0.0,1,0,1,0
245441_810993A40,245441,2022-09-01 20:11:00,2022-09-01 20:11:00,15.56,245437.88,1227189.42,0.0,1,0,1,0
23833_8018859B0,23833,2022-09-01 00:21:00,2022-09-01 00:21:00,16.39,7414.33,37071.65,0.0,1,0,1,0
228101_80B0C3F40,228101,2022-09-12 10:34:00,2022-09-12 10:34:00,4.96,1131.63,5658.13,0.0,1,0,1,1
223_812A6BE80,223,2022-09-08 18:35:00,2022-09-08 18:35:00,8.63,513.51,486.49,0.0,1,0,1,0
223_8127EA4D0,223,2022-09-02 00:28:00,2022-09-02 00:28:00,15.38,1037.82,0.0,37.82,0,1,1,0
223_8123D2030,223,2022-09-02 08:06:00,2022-09-02 08:06:00,15.06,437.69,2188.45,0.0,1,0,1,0
223_812385840,223,2022-09-08 00:14:00,2022-09-08 00:14:00,9.39,998.16,1.84,0.0,1,0,1,0
48308_8123BFAF0,48308,2022-09-03 00:04:00,2022-09-03 00:04:00,14.4,1018.6,0.0,18.6,0,1,1,0
48308_8122E0960,48308,2022-09-08 18:20:00,2022-09-08 18:20:00,8.64,593.31,2966.57,0.0,1,0,1,0
48308_8122D7200,48308,2022-09-04 00:23:00,2022-09-04 00:23:00,13.39,1029.83,0.0,29.83,0,1,1,0
48308_812029790,48308,2022-09-04 00:14:00,2022-09-04 00:14:00,13.39,1011.72,0.0,11.72,0,1,1,0
119_811A4ECD0,119,2022-09-02 01:50:00,2022-09-02 01:50:00,15.33,216.48,1082.41,0.0,1,0,1,0
223_811B968C0,223,2022-09-05 00:29:00,2022-09-05 00:29:00,12.38,914.59,85.41,0.0,1,0,1,0
243614_810109E90,243614,2022-09-02 00:20:00,2022-09-02 00:20:00,15.39,984.35,15.65,0.0,1,0,1,0
119_80FFA6E01,119,2022-09-02 10:24:00,2022-09-02 10:24:00,14.97,5141.48,25707.4,0.0,1,0,1,0
119_81014C970,119,2022-09-01 00:16:00,2022-09-01 00:16:00,16.39,23743.3,0.0,22743.3,0,1,1,0
48309_811C558F0,48309,2022-09-01 00:19:00,2022-09-01 00:19:00,16.39,11790033.09,58950165.47,0.0,1,0,1,0
223_812379880,223,2022-09-09 00:05:00,2022-09-09 00:05:00,8.4,990.13,9.87,0.0,1,0,1,0
223_812370FB0,223,2022-09-07 00:10:00,2022-09-07 00:10:00,10.4,1194.82,0.0,194.82,0,1,1,0
245093_811359780,245093,2022-09-03 00:21:00,2022-09-03 00:21:00,14.39,991.89,8.11,0.0,1,0,1,0
245093_810BD9440,245093,2022-09-03 10:21:00,2022-09-03 10:21:00,13.97,447861.07,0.0,446861.07,0,1,1,0
243614_8100E2C50,243614,2022-09-02 20:04:00,2022-09-02 20:04:00,14.57,694.59,305.41,0.0,1,0,1,0
243614_8100E1E70,243614,2022-09-02 20:25:00,2022-09-02 20:25:00,14.55,247.15,1235.74,0.0,1,0,1,0
243614_8100E0A70,243614,2022-09-02 20:13:00,2022-09-02 20:13:00,14.56,227.53,1137.66,0.0,1,0,1,0
243614_80FFA4620,243614,2022-09-01 20:17:00,2022-09-01 20:17:00,15.56,235.43,1177.17,0.0,1,0,1,0
245093_810A4AB20,245093,2022-09-06 00:18:00,2022-09-06 00:18:00,11.39,976.99,23.01,0.0,1,0,1,0
48308_812D18460,48308,2022-09-03 00:20:00,2022-09-03 00:20:00,14.39,918.34,81.66,0.0,1,0,1,0
48308_812AAE470,48308,2022-09-05 00:19:00,2022-09-05 00:19:00,12.39,1031.47,0.0,31.47,0,1,1,0
48308_81240DF20,48308,2022-09-06 12:30:00,2022-09-06 12:30:00,10.88,1623.93,8119.65,0.0,1,0,1,0
1198_8119EF360,1198,2022-09-01 00:12:00,2022-09-01 00:12:00,16.39,5370.57,0.0,4370.57,0,1,1,0
1198_811847990,1198,2022-09-01 00:14:00,2022-09-01 00:14:00,16.39,24740.59,123702.93,0.0,1,0,1,0
1198_811493300,1198,2022-09-05 00:06:00,2022-09-05 00:06:00,12.4,495.95,504.05,0.0,1,0,1,0
119_80FD2F900,119,2022-09-01 00:06:00,2022-09-01 00:06:00,16.4,1000.0,0.0,0.0,0,1,1,0
48309_811E3B3D0,48309,2022-09-06 00:27:00,2022-09-06 00:27:00,11.38,889.99,110.01,0.0,1,0,1,0
245093_8109AC6A0,245093,2022-09-06 06:51:00,2022-09-06 06:51:00,11.12,6801.67,34008.34,0.0,1,0,1,0
245090_81194F620,245090,2022-09-05 00:04:00,2022-09-05 00:04:00,12.4,1002.02,0.0,2.02,0,1,1,0
245090_811496ED0,245090,2022-09-06 08:13:00,2022-09-06 08:13:00,11.06,3201.02,16005.08,0.0,1,0,1,1
245090_8111EF320,245090,2022-09-09 13:46:00,2022-09-09 13:46:00,7.83,3934.39,0.0,2934.39,0,1,1,0
245090_810D71D40,245090,2022-09-09 00:17:00,2022-09-09 00:17:00,8.39,970.17,29.83,0.0,1,0,1,0
245090_8108C1D80,245090,2022-09-02 00:21:00,2022-09-02 00:21:00,15.39,993.73,6.27,0.0,1,0,1,0
243614_810349E80,243614,2022-09-01 19:00:00,2022-09-01 19:00:00,15.61,33263.63,0.0,32263.63,0,1,1,0
243614_810297B80,243614,2022-09-05 00:18:00,2022-09-05 00:18:00,12.39,995.8,4.2,0.0,1,0,1,0
243614_8102523A0,243614,2022-09-07 12:44:00,2022-09-07 12:44:00,9.87,5331.84,0.0,4331.84,0,1,1,0
243614_81020A9F0,243614,2022-09-10 09:39:00,2022-09-10 09:39:00,7.0,3823.99,0.0,2823.99,0,1,1,0
243614_810144800,243614,2022-09-08 00:10:00,2022-09-08 00:10:00,9.4,1041.05,0.0,41.05,0,1,1,0
1198_8100DA150,1198,2022-09-02 20:08:00,2022-09-02 20:08:00,14.56,882.86,4414.32,0.0,1,0,1,0
1198_810085BB0,1198,2022-09-01 15:54:00,2022-09-01 15:54:00,15.74,9113.71,0.0,8113.71,0,1,1,0
1198_81132C200,1198,2022-09-10 04:19:00,2022-09-10 04:19:00,7.22,502.1,2510.48,0.0,1,0,1,0
1198_811208390,1198,2022-09-09 13:53:00,2022-09-09 13:53:00,7.82,324.16,675.84,0.0,1,0,1,0
1198_810A49EB0,1198,2022-09-02 00:19:00,2022-09-02 00:19:00,15.39,963.65,36.35,0.0,1,0,1,0
1198_8109A41E0,1198,2022-09-10 00:04:00,2022-09-10 00:04:00,7.4,996.87,3.13,0.0,1,0,1,0
1198_8108AC010,1198,2022-09-02 05:41:00,2022-09-02 05:41:00,15.17,944.81,4724.03,0.0,1,0,1,0
1198_810641D50,1198,2022-09-01 00:28:00,2022-09-01 00:28:00,16.38,1078.84,0.0,78.84,0,1,1,0
1198_81052BDF0,1198,2022-09-09 00:22:00,2022-09-09 00:22:00,8.39,1038.07,0.0,38.07,0,1,1,0
48309_8127D19B0,48309,2022-09-09 00:16:00,2022-09-09 00:16:00,8.39,979.37,20.63,0.0,1,0,1,0
48309_81235EAA0,48309,2022-09-12 15:05:00,2022-09-12 15:05:00,4.77,980.58,4902.92,0.0,1,0,1,1
48309_8122E3BE0,48309,2022-09-01 00:17:00,2022-09-01 00:17:00,16.39,9116.67,45583.34,0.0,1,0,1,0
48309_81222E1B0,48309,2022-09-06 00:12:00,2022-09-06 00:12:00,11.39,2224.19,0.0,1224.19,0,1,1,0
48309_812041AB0,48309,2022-09-08 00:13:00,2022-09-08 00:13:00,9.39,1007.5,0.0,7.5,0,1,1,0
48309_81200EDA0,48309,2022-09-04 00:11:00,2022-09-04 00:11:00,13.39,777.75,3888.74,0.0,1,0,1,0
48309_81200AF30,48309,2022-09-04 00:12:00,2022-09-04 00:12:00,13.39,356.49,1782.44,0.0,1,0,1,0
1198_80FF9D480,1198,2022-09-07 16:42:00,2022-09-07 16:42:00,9.71,1497.76,0.0,497.76,0,1,1,0
48526_811E391D0,48526,2022-09-06 00:26:00,2022-09-06 00:26:00,11.38,900.26,99.74,0.0,1,0,1,0
244818_81053AB00,244818,2022-09-01 12:03:00,2022-09-01 12:03:00,15.9,18571917.45,92859587.27,0.0,1,0,1,0
244192_81132D250,244192,2022-09-10 04:14:00,2022-09-10 04:14:00,7.23,773.63,3868.16,0.0,1,0,1,0
244192_81132B380,244192,2022-09-10 04:18:00,2022-09-10 04:18:00,7.22,914.51,85.49,0.0,1,0,1,0
244192_81089F5E0,244192,2022-09-08 17:17:00,2022-09-08 17:17:00,8.68,5003.55,0.0,4003.55,0,1,1,0
244818_810EAEF80,244818,2022-09-04 00:03:00,2022-09-04 00:03:00,13.4,970.53,29.47,0.0,1,0,1,0
244818_810D02750,244818,2022-09-01 00:01:00,2022-09-01 00:01:00,16.4,255955.36,1279776.78,0.0,1,0,1,0
243614_8112E52B0,243614,2022-09-07 07:39:00,2022-09-07 07:39:00,10.08,405.45,2027.27,0.0,1,0,1,0
243614_8107E60C0,243614,2022-09-05 00:11:00,2022-09-05 00:11:00,12.39,822.26,177.74,0.0,1,0,1,0
243897_810085E70,243897,2022-09-07 09:41:00,2022-09-07 09:41:00,10.0,2641.84,0.0,1641.84,0,1,1,0
243897_80FFBB2E0,243897,2022-09-03 00:08:00,2022-09-03 00:08:00,14.4,953.04,46.96,0.0,1,0,1,0
243897_80FFB6C10,243897,2022-09-01 00:26:00,2022-09-01 00:26:00,16.38,778773.74,3893868.72,0.0,1,0,1,0
243897_80FF90490,243897,2022-09-07 00:53:00,2022-09-07 00:53:00,10.37,744.04,3720.2,0.0,1,0,1,0
243897_80FF8F910,243897,2022-09-07 00:34:00,2022-09-07 00:34:00,10.38,764.53,3822.64,0.0,1,0,1,0
1198_8100E33B0,1198,2022-09-02 20:22:00,2022-09-02 20:22:00,14.55,794.59,3972.97,0.0,1,0,1,0
48681_81200A1F0,48681,2022-09-04 00:05:00,2022-09-04 00:05:00,13.4,474.41,2372.03,0.0,1,0,1,0
48526_812D42F30,48526,2022-09-02 08:58:00,2022-09-02 08:58:00,15.03,4627.38,23136.92,0.0,1,0,1,0
48526_812AB0870,48526,2022-09-10 00:26:00,2022-09-10 00:26:00,7.38,1078.67,0.0,78.67,0,1,1,0
1198_80FD317A0,1198,2022-09-01 02:37:00,2022-09-01 02:37:00,16.29,404.42,2022.1,0.0,1,0,1,0
1198_80FD26530,1198,2022-09-07 03:41:00,2022-09-07 03:41:00,10.25,840.46,4202.29,0.0,1,0,1,0
1198_80FD885C0,1198,2022-09-08 10:24:00,2022-09-08 10:24:00,8.97,2018.38,0.0,1018.38,0,1,1,1
1198_80FD6A120,1198,2022-09-02 11:36:00,2022-09-02 11:36:00,14.92,13371.79,0.0,12371.79,0,1,1,0
48526_8120D4990,48526,2022-09-13 10:08:00,2022-09-13 10:08:00,3.98,4167.08,20835.42,0.0,1,0,1,1
48526_8120102C0,48526,2022-09-04 00:18:00,2022-09-04 00:18:00,13.39,828.5,4142.52,0.0,1,0,1,0
48526_8120062E0,48526,2022-09-04 00:22:00,2022-09-04 00:22:00,13.39,567.04,2835.19,0.0,1,0,1,0
48526_811FCEE40,48526,2022-09-06 00:21:00,2022-09-06 00:21:00,11.39,1001.73,0.0,1.73,0,1,1,0
48526_811EF7BC0,48526,2022-09-01 08:28:00,2022-09-01 08:28:00,16.05,30959.78,154798.89,0.0,1,0,1,0
1198_80FE58AD0,1198,2022-09-04 00:27:00,2022-09-04 00:27:00,13.38,1020.65,0.0,20.65,0,1,1,0
1198_80FDCA220,1198,2022-09-01 07:58:00,2022-09-01 07:58:00,16.07,2028555.82,0.0,2027555.82,0,1,1,0
1198_80FDC6E20,1198,2022-09-06 00:23:00,2022-09-06 00:23:00,11.39,923.06,76.94,0.0,1,0,1,0
1198_80FFC87B0,1198,2022-09-06 00:26:00,2022-09-06 00:26:00,11.38,950.18,49.82,0.0,1,0,1,0
48755_81239F280,48755,2022-09-02 00:25:00,2022-09-02 00:25:00,15.38,941.52,58.48,0.0,1,0,1,0
48755_81200BA00,48755,2022-09-04 00:03:00,2022-09-04 00:03:00,13.4,528.65,2643.24,0.0,1,0,1,0
48755_812008270,48755,2022-09-04 00:15:00,2022-09-04 00:15:00,13.39,780.94,3904.72,0.0,1,0,1,0
48755_811F12480,48755,2022-09-05 07:53:00,2022-09-05 07:53:00,12.07,5347.93,0.0,4347.93,0,1,1,0
48681_812D432C0,48681,2022-09-02 08:44:00,2022-09-02 08:44:00,15.04,3232.06,16160.28,0.0,1,0,1,0
48681_812A7D7C0,48681,2022-09-01 01:20:00,2022-09-01 01:20:00,16.35,2857.81,0.0,1857.81,0,1,1,0
118_811E9EC50,118,2022-09-02 11:32:00,2022-09-02 11:32:00,14.92,373.21,1866.06,0.0,1,0,1,0
118_811C3B8F0,118,2022-09-01 00:29:00,2022-09-01 00:29:00,16.38,5336603.21,0.0,5335603.21,0,1,1,0
118_8129A9D30,118,2022-09-02 00:06:00,2022-09-02 00:06:00,15.4,1005.49,0.0,5.49,0,1,1,0
118_8127E3B40,118,2022-09-02 00:16:00,2022-09-02 00:16:00,15.39,1067.29,0.0,67.29,0,1,1,0
118_812412CE0,118,2022-09-01 23:20:00,2022-09-01 23:20:00,15.43,979282.36,0.0,978282.36,0,1,1,0
118_811FDD020,118,2022-09-03 00:12:00,2022-09-03 00:12:00,14.39,994.78,5.22,0.0,1,0,1,0
118_811FA2D00,118,2022-09-02 14:57:00,2022-09-02 14:57:00,14.78,3034.06,0.0,2034.06,0,1,1,0
118_811F77910,118,2022-09-04 00:14:00,2022-09-04 00:14:00,13.39,960.91,39.09,0.0,1,0,1,0
48681_81203F8A0,48681,2022-09-07 00:04:00,2022-09-07 00:04:00,10.4,962.32,37.68,0.0,1,0,1,0
48681_81200B6A0,48681,2022-09-04 00:08:00,2022-09-04 00:08:00,13.4,535.38,464.62,0.0,1,0,1,0
118_811BFF680,118,2022-09-02 12:04:00,2022-09-02 12:04:00,14.9,705432.39,0.0,704432.39,0,1,1,0
118_811BCA8D0,118,2022-09-10 00:19:00,2022-09-10 00:19:00,7.39,989.37,4946.86,0.0,1,0,1,0
118_811BBFED0,118,2022-09-10 12:10:00,2022-09-10 12:10:00,6.9,1279.93,0.0,279.93,0,1,1,0
118_811BB4000,118,2022-09-03 16:37:00,2022-09-03 16:37:00,13.71,4214.23,0.0,3214.23,0,1,1,0
118_811BA9DE0,118,2022-09-09 15:36:00,2022-09-09 15:36:00,7.75,688.54,3442.68,0.0,1,0,1,0
48755_8123FF440,48755,2022-09-06 04:39:00,2022-09-06 04:39:00,11.21,285.8,1428.99,0.0,1,0,1,0
244192_810808EE0,244192,2022-09-01 13:52:00,2022-09-01 13:52:00,15.82,322518.7,0.0,321518.7,0,1,1,0
244192_8105240E0,244192,2022-09-06 00:07:00,2022-09-06 00:07:00,11.4,1090.55,0.0,90.55,0,1,1,0
244192_8101988D0,244192,2022-09-01 04:40:00,2022-09-01 04:40:00,16.21,15751.17,0.0,14751.17,0,1,1,0
243947_8100E37F0,243947,2022-09-02 20:05:00,2022-09-02 20:05:00,14.57,865.08,4325.42,0.0,1,0,1,0
243947_8100E2BB0,243947,2022-09-02 20:08:00,2022-09-02 20:08:00,14.56,791.43,3957.13,0.0,1,0,1,0
243947_8100E0850,243947,2022-09-02 20:29:00,2022-09-02 20:29:00,14.55,459.04,2295.19,0.0,1,0,1,0
243947_81008E4E0,243947,2022-09-09 14:51:00,2022-09-09 14:51:00,7.78,2036.83,0.0,1036.83,0,1,1,0
243947_8100184D0,243947,2022-09-01 09:16:00,2022-09-01 09:16:00,16.02,1143.21,0.0,143.21,0,1,1,0
244187_811369A00,244187,2022-09-08 00:04:00,2022-09-08 00:04:00,9.4,1100.43,0.0,100.43,0,1,1,0
244187_810885830,244187,2022-09-01 00:27:00,2022-09-01 00:27:00,16.38,996.85,3.15,0.0,1,0,1,0
48795_813404FE0,48795,2022-09-09 00:12:00,2022-09-09 00:12:00,8.39,1984.47,0.0,984.47,0,1,1,0
48795_8129AAA40,48795,2022-09-06 00:10:00,2022-09-06 00:10:00,11.4,1007.37,0.0,7.37,0,1,1,0
48795_8127D33C0,48795,2022-09-07 00:04:00,2022-09-07 00:04:00,10.4,1197.95,0.0,197.95,0,1,1,0
48795_8127A01F0,48795,2022-09-04 00:23:00,2022-09-04 00:23:00,13.39,1103.1,0.0,103.1,0,1,1,0
48795_812470FD0,48795,2022-09-01 00:51:00,2022-09-01 00:51:00,16.37,5375.35,0.0,4375.35,0,1,1,0
118_811A847A0,118,2022-09-02 11:28:00,2022-09-02 11:28:00,14.92,688366.5,0.0,687366.5,0,1,1,0
118_811BA9CF0,118,2022-09-09 15:30:00,2022-09-09 15:30:00,7.76,522.52,2612.61,0.0,1,0,1,0
118_811BA8C70,118,2022-09-09 15:55:00,2022-09-09 15:55:00,7.74,697.18,3485.89,0.0,1,0,1,0
118_811BA8730,118,2022-09-09 15:55:00,2022-09-09 15:55:00,7.74,934.02,4670.1,0.0,1,0,1,0
118_811BA85A0,118,2022-09-09 15:49:00,2022-09-09 15:49:00,7.74,834.31,4171.55,0.0,1,0,1,0
118_811B99480,118,2022-09-10 15:05:00,2022-09-10 15:05:00,6.77,4271.99,0.0,3271.99,0,1,1,0
118_811B96690,118,2022-09-10 20:14:00,2022-09-10 20:14:00,6.56,5109.69,0.0,4109.69,0,1,1,0
118_811B86860,118,2022-09-06 00:13:00,2022-09-06 00:13:00,11.39,1041.42,0.0,41.42,0,1,1,0
48795_81239E180,48795,2022-09-05 00:13:00,2022-09-05 00:13:00,12.39,1114.88,0.0,114.88,0,1,1,0
48795_81200E210,48795,2022-09-04 00:04:00,2022-09-04 00:04:00,13.4,985.32,4926.62,0.0,1,0,1,0
48755_8127D31D0,48755,2022-09-01 00:22:00,2022-09-01 00:22:00,16.39,958.71,41.29,0.0,1,0,1,0
243947_810CF9500,243947,2022-09-06 00:21:00,2022-09-06 00:21:00,11.39,905.57,94.43,0.0,1,0,1,0
243947_810AA25A0,243947,2022-09-06 00:01:00,2022-09-06 00:01:00,11.4,1024.89,0.0,24.89,0,1,1,0
243947_810A87160,243947,2022-09-10 21:10:00,2022-09-10 21:10:00,6.52,5061.84,0.0,4061.84,0,1,1,0
48910_8122C3880,48910,2022-09-05 00:12:00,2022-09-05 00:12:00,12.39,1125.94,0.0,125.94,0,1,1,0
48910_8120D49E0,48910,2022-09-10 15:43:00,2022-09-10 15:43:00,6.75,409.81,2049.06,0.0,1,0,1,1
48910_812026190,48910,2022-09-02 00:12:00,2022-09-02 00:12:00,15.39,1021.03,0.0,21.03,0,1,1,0
48910_81200ECB0,48910,2022-09-04 00:24:00,2022-09-04 00:24:00,13.39,579.2,2896.0,0.0,1,0,1,0
118_811A49460,118,2022-09-10 00:13:00,2022-09-10 00:13:00,7.39,994.22,5.78,0.0,1,0,1,0
118_811A01F80,118,2022-09-07 00:05:00,2022-09-07 00:05:00,10.4,965.7,34.3,0.0,1,0,1,0
113_81136F2E0,113,2022-09-04 00:10:00,2022-09-04 00:10:00,13.4,1044.72,0.0,44.72,0,1,1,0
118_811A75E40,118,2022-09-01 17:37:00,2022-09-01 17:37:00,15.67,1216.79,6083.97,0.0,1,0,1,0
118_811A515B0,118,2022-09-09 00:11:00,2022-09-09 00:11:00,8.39,1148.64,0.0,148.64,0,1,1,0
118_811A4F7B0,118,2022-09-02 23:36:00,2022-09-02 23:36:00,14.42,1636111.3,8180556.5,0.0,1,0,1,0
48910_812008930,48910,2022-09-04 00:15:00,2022-09-04 00:15:00,13.39,917.99,82.01,0.0,1,0,1,0
48910_811FEF820,48910,2022-09-07 00:19:00,2022-09-07 00:19:00,10.39,1014.12,0.0,14.12,0,1,1,0
48795_81341C560,48795,2022-09-04 00:26:00,2022-09-04 00:26:00,13.38,988.01,11.99,0.0,1,0,1,0
113_80FF96B20,113,2022-09-02 13:18:00,2022-09-02 13:18:00,14.85,22923.3,0.0,21923.3,0,1,1,0
110603_80B260AE0,110603,2022-09-02 14:05:00,2022-09-02 14:05:00,14.82,11603.0,0.0,10603.0,0,1,1,1
113_80FD43860,113,2022-09-01 16:56:00,2022-09-01 16:56:00,15.7,222443.7,0.0,221443.7,0,1,1,0
113_80FD46B80,113,2022-09-09 13:43:00,2022-09-09 13:43:00,7.83,881.09,4405.44,0.0,1,0,1,0
50202_812A24F70,50202,2022-09-02 16:31:00,2022-09-02 16:31:00,14.71,1000.1,0.0,0.1,0,1,1,0
49508_812A70E80,49508,2022-09-04 00:01:00,2022-09-04 00:01:00,13.4,1027.92,0.0,27.92,0,1,1,0
49508_812A1FBE0,49508,2022-09-07 00:23:00,2022-09-07 00:23:00,10.39,999.06,0.94,0.0,1,0,1,0
48943_8127C5190,48943,2022-09-02 00:03:00,2022-09-02 00:03:00,15.4,1152.8,0.0,152.8,0,1,1,0
48943_8127AA220,48943,2022-09-02 16:05:00,2022-09-02 16:05:00,14.73,5056.97,0.0,4056.97,0,1,1,0
48943_8123599E0,48943,2022-09-01 00:22:00,2022-09-01 00:22:00,16.39,6180.49,0.0,5180.49,0,1,1,0
48910_8133FC1F0,48910,2022-09-07 00:21:00,2022-09-07 00:21:00,10.39,1002.33,0.0,2.33,0,1,1,0
48910_812A83F70,48910,2022-09-06 00:13:00,2022-09-06 00:13:00,11.39,4672.83,0.0,3672.83,0,1,1,0
113_810B9A4D0,113,2022-09-04 00:19:00,2022-09-04 00:19:00,13.39,956.22,43.78,0.0,1,0,1,0
113_810B80010,113,2022-09-08 11:26:00,2022-09-08 11:26:00,8.93,1246.43,0.0,246.43,0,1,1,0
113_810AB72A0,113,2022-09-02 10:16:00,2022-09-02 10:16:00,14.97,3825.48,0.0,2825.48,0,1,1,0
113_8109F17D0,113,2022-09-02 14:55:00,2022-09-02 14:55:00,14.78,2119.93,0.0,1119.93,0,1,1,0
14_81053A3D0,14,2022-09-01 00:14:00,2022-09-01 00:14:00,16.39,16112.91,0.0,15112.91,0,1,1,0
14_81013EFE0,14,2022-09-05 00:15:00,2022-09-05 00:15:00,12.39,851.99,148.01,0.0,1,0,1,0
14_81013E6B0,14,2022-09-02 01:01:00,2022-09-02 01:01:00,15.36,73087.34,0.0,72087.34,0,1,1,0
43049_80FDD9330,43049,2022-09-02 01:05:00,2022-09-02 01:05:00,15.36,4471881.89,22359409.44,0.0,1,0,1,0
43049_80FD71C00,43049,2022-09-01 00:05:00,2022-09-01 00:05:00,16.4,6650147.01,33250735.06,0.0,1,0,1,0
150014_812ABF330,150014,2022-09-02 08:06:00,2022-09-02 08:06:00,15.06,266.1,1330.52,0.0,1,0,1,0
14_81184BE70,14,2022-09-07 00:07:00,2022-09-07 00:07:00,10.4,986.63,13.37,0.0,1,0,1,0
14_811552030,14,2022-09-06 00:25:00,2022-09-06 00:25:00,11.38,969.14,30.86,0.0,1,0,1,0
14_8109D79A0,14,2022-09-04 00:07:00,2022-09-04 00:07:00,13.4,307.35,1536.73,0.0,1,0,1,0
14_8109A1F40,14,2022-09-06 06:38:00,2022-09-06 06:38:00,11.13,6360.48,31802.4,0.0,1,0,1,0
211_807FBA860,211,2022-09-03 00:10:00,2022-09-03 00:10:00,14.4,1046.19,0.0,46.19,0,1,1,0
18511_811CCBB50,18511,2022-09-10 06:45:00,2022-09-10 06:45:00,7.12,15816.42,0.0,14816.42,0,1,1,1
1601_80048A1A0,1601,2022-09-01 18:24:00,2022-09-01 18:24:00,15.64,1552.86,7764.31,0.0,1,0,1,0
150240_812D44BA0,150240,2022-09-02 08:45:00,2022-09-02 08:45:00,15.04,4632.02,23160.08,0.0,1,0,1,0
49508_8127BB4F0,49508,2022-09-10 00:19:00,2022-09-10 00:19:00,7.39,1034.84,0.0,34.84,0,1,1,0
49508_8123CF130,49508,2022-09-10 00:24:00,2022-09-10 00:24:00,7.39,1035.96,0.0,35.96,0,1,1,0
